resume_name,job_id,company,title,matched_skill_count,missing_skill_count,resume_skill_count,job_skill_count,skill_overlap_ratio,experience_gap,education_gap,project_match_count,certification_match_count,matched_skills,missing_skills,retrieval_score,title_similarity,keyword_similarity,technical_job_score,label
26456899.pdf,3610596223,,Commercial Auto Underwriter Assistant,3,6,10,9,0.3333,0,1,0,0,"Communication, Excel, C","iOS SDK, Work Ethic, Make, Apache Solr, Teamwork, Amazon Neptune",0.3644,0.0,0.039,0.0,1
23438227.pdf,3184403524,San José Clinic,Events & Communications Assistant,2,12,4,14,0.1429,0,0,3,0,"Excel, C","iOS SDK, Communication, Creativity, Automated Testing, Apache Solr, D, Schema Registry, Time Management, Quality Assurance, Pull Requests, Go, Amazon Neptune",0.4257,0.25,0.0142,0.0,1
25608963.pdf,3520238337,Grant Writing Solutions,Grants Writer - Subcontract,1,4,9,5,0.2,0,0,0,0,Communication,"Apache Solr, iOS SDK, Mentoring, Attention to Detail",0.3604,0.0,0.0077,0.0,0
17043822.pdf,974774701,Kate Meadows Writing and Editing,Blog writer and virtual assistant,1,4,11,5,0.2,0,0,1,0,Communication,"iOS SDK, Black, Coaching, Time Management",0.3908,0.0,0.0155,0.0,1
15139979.pdf,2195921577,,Associate Planner,2,11,9,13,0.1538,0,0,3,0,"Problem Solving, Leadership","iOS SDK, Excel, Work Ethic, Communication, Strategic Thinking, Automated Testing, Apache Solr, Mobile Security, Teamwork, Move, Amazon Neptune",0.3811,0.0,0.007,8.0,1
13264796.pdf,3196627399,Bellevue Downtown Association,Marketing & Communications – Content Writer Internship,1,12,11,13,0.0769,0,0,1,0,Communication,"iOS SDK, Work Ethic, Attention to Detail, Apache Solr, Problem Solving, HTML, Reverse Engineering, Time Management, Teamwork, Leadership, Collaboration, Amazon Neptune",0.3357,0.0,0.0208,0.0,0
12488356.pdf,121605673,,Licensed Acupuncturist,1,7,7,8,0.125,0,0,1,1,D,"iOS SDK, Communication, Work Ethic, Apache Solr, Reverse Engineering, Time Management, Amazon Neptune",0.3566,0.0,0.0075,0.0,1
13264796.pdf,2457183642,Galerie Candy and Gifts,Quality Assurance Manager,2,9,11,11,0.1818,0,0,2,0,"Quality Assurance, Communication","iOS SDK, Excel, Make, Apache Solr, Mobile Security, Time Management, Qt Creator, Decision Making, Amazon Neptune",0.3825,0.0,0.0146,28.0,1
28628090.pdf,266825034,Recruitment Design,Software Support Specialist,3,4,14,7,0.4286,0,0,3,0,"Communication, D, Make","Automated Testing, iOS SDK, PHP, JavaScript",0.4932,0.0,0.0076,36.0,1
15139979.pdf,3514683108,AVAVA,Associate Brand Manager,2,8,9,10,0.2,0,0,5,0,"Leadership, Time Management","iOS SDK, Communication, Malware Analysis, Automated Testing, Apache Solr, Ada, Go, Amazon Neptune",0.4354,0.0,0.0071,0.0,1
28831378.pdf,3478651125,Axalume,Photonics Layout Intern,1,7,2,8,0.125,0,0,0,0,Work Ethic,"iOS SDK, Communication, Make, Python, Informatica PowerCenter, C#, Apache Solr",0.3383,0.0,0.0153,8.0,1
12488356.pdf,3619548798,"Dexterity, Inc.",Senior Mechanical Engineer,1,9,7,10,0.1,0,0,1,1,Leadership,"iOS SDK, Work Ethic, Cultural Awareness, Make, Automated Testing, Technical Writing, Apache Solr, Reverse Engineering, Amazon Neptune",0.379,0.1667,0.0143,20.0,1
18753367.pdf,3582587683,McNaughton Bros. Inc.,Accounts Analyst,1,5,6,6,0.1667,0,0,0,0,Communication,"iOS SDK, Work Ethic, Automated Testing, Amazon Neptune, Apache Solr",0.3515,0.0,0.0308,20.0,1
23438227.pdf,266566927,Revesco Properties,Marketing & Office Coordinator,1,9,4,10,0.1,0,0,0,0,Excel,"CRI-O, HubSpot, iOS SDK, Ownership, Automated Testing, Apache Solr, Apache Druid, Adaptability, Amazon Neptune",0.3307,0.0,0.0146,0.0,0
26456899.pdf,3520238337,Grant Writing Solutions,Grants Writer - Subcontract,1,4,10,5,0.2,0,0,0,0,Communication,"Apache Solr, iOS SDK, Mentoring, Attention to Detail",0.3607,0.0,0.0137,0.0,0
15858254.pdf,3466187886,Landscape Management Group,Owner,1,8,5,9,0.1111,0,0,0,0,Communication,"iOS SDK, Work Ethic, Automated Testing, Key Management, Integration Testing, Collaboration, Creativity, Amazon Neptune",0.3347,0.0,0.0282,0.0,1
17488801.pdf,3520238337,Grant Writing Solutions,Grants Writer - Subcontract,1,4,4,5,0.2,0,0,0,0,Communication,"Apache Solr, iOS SDK, Mentoring, Attention to Detail",0.3604,0.0,0.0077,0.0,0
26834746.pdf,3547664337,Polyram Plastic Industries Ltd,Brand Representative,0,7,4,7,0.0,0,0,1,0,,"iOS SDK, Excel, Apache Solr, Extreme Programming, Negotiation, Collaboration, Amazon Neptune",0.3214,0.0,0.0,0.0,0
17103000.pdf,3540371917,KeyBank,Enterprise Data & Analytics Infrastructure Manager,0,0,4,0,0.0,0,0,0,0,,,0.329,0.1429,0.0081,60.0,0
24322804.pdf,3610596223,,Commercial Auto Underwriter Assistant,4,5,7,9,0.4444,0,1,0,0,"Teamwork, Communication, C, Make","iOS SDK, Excel, Work Ethic, Amazon Neptune, Apache Solr",0.3973,0.0,0.0301,0.0,1
25608963.pdf,133130219,,Software Engineer,0,0,9,0,0.0,0,0,0,0,,,0.3,0.0,0.0,40.0,0
12488356.pdf,3366698309,Webologix Ltd/ INC,Anaplan Developer,1,5,7,6,0.1667,0,0,2,1,Agile,"Communication, Work Ethic, Excel, Amazon Neptune, Apache Solr",0.4008,0.0,0.0154,28.0,1
17488801.pdf,2147609789,Revature,Entry Level Oracle Financial Technology Consultant,1,4,4,5,0.2,0,0,0,0,Communication,"Apache Solr, iOS SDK, Work Ethic, Amazon Neptune",0.3607,0.0,0.0149,28.0,0
19396040.pdf,3431736996,Marquee Event Rentals,Client Service Representative,0,8,8,8,0.0,0,0,0,0,,"iOS SDK, Azure Resource Manager, Attention to Detail, Automated Testing, Apache Solr, Integration Testing, Room, Amazon Neptune",0.3,0.0,0.0,8.0,0
25919149.pdf,2934066464,Dynamic SRG,Fundraising Associate,0,6,6,6,0.0,0,0,0,0,,"iOS SDK, Communication, Work Ethic, Automated Testing, Prioritization, Apache Solr",0.3008,0.0,0.0164,0.0,0
12472574.pdf,2934066464,Dynamic SRG,Fundraising Associate,2,4,21,6,0.3333,0,0,0,2,"Automated Testing, Communication","iOS SDK, Work Ethic, Prioritization, Apache Solr",0.4008,0.0,0.0155,0.0,1
15858254.pdf,3260455681,Weyerhaeuser,Operations Specialist,2,14,5,16,0.125,0,0,0,0,"Communication, Time Management","Conflict Resolution, iOS SDK, Excel, Work Ethic, Make, Sentence Transformers, Apache Solr, Reverse Engineering, Mobile Security, Mentoring, Vector Embeddings, Leadership, Decision Making, Amazon Neptune",0.3405,0.0,0.0595,8.0,1
24322804.pdf,2954591060,Naked Wardrobe,Social Media Coordinator,1,3,7,4,0.25,0,0,0,0,Communication,"iOS SDK, Fluent Bit, Collaboration",0.3762,0.0,0.0234,0.0,1
17488801.pdf,95428182,CLEVELAND KIDS BOOK BANK,Administrative Coordinator,1,11,4,12,0.0833,0,0,0,0,Communication,"iOS SDK, Work Ethic, Make, Automated Testing, Attention to Detail, Apache Solr, Azure Monitor, Time Management, Collaboration, Creativity, Amazon Neptune",0.3257,0.0,0.0142,8.0,0
12518008.pdf,3592392532,Lorenz Motors,Drone-Car Engineer,0,6,5,6,0.0,0,0,0,0,,"iOS SDK, Communication, Work Ethic, Automated Testing, Collaboration, Apache Solr",0.3008,0.0,0.0153,20.0,0
15858254.pdf,3184403524,San José Clinic,Events & Communications Assistant,3,11,5,14,0.2143,0,0,0,0,"Quality Assurance, Communication, Time Management","iOS SDK, Excel, Creativity, Automated Testing, Apache Solr, D, Schema Registry, C, Pull Requests, Go, Amazon Neptune",0.3675,0.0,0.0649,0.0,1
28831378.pdf,266566927,Revesco Properties,Marketing & Office Coordinator,0,10,2,10,0.0,0,0,0,0,,"CRI-O, HubSpot, Excel, iOS SDK, Automated Testing, Ownership, Apache Solr, Apache Druid, Adaptability, Amazon Neptune",0.3007,0.0,0.0146,0.0,0
25797445.pdf,2735151240,LT Apparel Group,Intern- Business Analytics,2,6,2,8,0.25,0,0,0,0,"Communication, Excel","Power BI, Tableau, iOS SDK, Work Ethic, Teamwork, Amazon Neptune",0.3758,0.0,0.0153,20.0,1
27040860.pdf,3177010992,ABC Farigua Division,Customer Service Representative,0,6,4,6,0.0,0,0,0,0,,"iOS SDK, Work Ethic, Responsive Design, Reverse Engineering, Mobile Security, Amazon Neptune",0.3005,0.0,0.011,8.0,0
17103000.pdf,3537193915,DIGS Vacation Rentals.com,Field Operations Specialist,1,6,4,7,0.1429,0,0,1,0,Communication,"iOS SDK, Work Ethic, Cultural Awareness, Apache Solr, Problem Solving, Amazon Neptune",0.365,0.0,0.0148,0.0,1
24322804.pdf,3533320307,NLB Services,Java architect / Lead Java developer,0,5,7,5,0.0,0,0,0,0,,"Automated Testing, REST API, React, TypeScript, Java",0.3004,0.0,0.0078,80.0,0
28320387.pdf,3610591138,Mountain View Eye Center,Ophthalmic Technician,2,7,5,9,0.2222,0,0,3,0,"Communication, Leadership","CRI-O, iOS SDK, Work Ethic, D, Model Deployment, Coaching, Amazon Neptune",0.4174,0.0,0.0153,0.0,1
17488801.pdf,3251984218,SLS Solutions,SAP BTP,0,2,4,2,0.0,0,0,0,0,,"iOS SDK, SQL",0.3,0.0,0.0,8.0,0
13264796.pdf,3515274431,Conduit Tech,Customer Success Manager,1,11,11,12,0.0833,0,0,1,0,Communication,"CRI-O, iOS SDK, Excel, Work Ethic, Automated Testing, Ownership, Exploratory Testing, Apache Solr, Reverse Engineering, Integration Testing, Amazon Neptune",0.3379,0.0,0.0072,0.0,0
24322804.pdf,2826285517,Butler University,"Assistant Director of Admission, Midwest Regional Representative",4,9,7,13,0.3077,1,0,0,0,"Teamwork, Communication, Leadership, Make","iOS SDK, Work Ethic, Sentence Transformers, Automated Testing, Attention to Detail, Apache Solr, HIPAA Security, Presentation Skills, Amazon Neptune",0.2448,0.0,0.0493,8.0,1
14049846.pdf,3537193915,DIGS Vacation Rentals.com,Field Operations Specialist,0,7,4,7,0.0,0,0,0,0,,"iOS SDK, Communication, Work Ethic, Cultural Awareness, Apache Solr, Problem Solving, Amazon Neptune",0.3007,0.0,0.0148,0.0,0
23497307.pdf,3018278978,Aston Carter,Seasonal Office Administrator,0,5,6,5,0.0,0,0,0,0,,"iOS SDK, Work Ethic, Automated Testing, Amazon Neptune, Apache Solr",0.3,0.0,0.0,0.0,0
21038022.pdf,3075721793,ASA Architects,Architect/Project Manager,1,5,12,6,0.1667,0,1,0,0,Communication,"iOS SDK, Automated Testing, Azure Synapse Analytics, Amazon Neptune, Apache Solr",0.3418,0.1429,0.0147,28.0,1
27152464.pdf,3555161614,Starup Insurance,User Experience Designer,1,5,37,6,0.1667,0,0,1,2,Communication,"iOS SDK, Work Ethic, Design Thinking, User-Centered Design, Collaboration",0.3758,0.0,0.0156,0.0,1
20882041.pdf,3196627399,Bellevue Downtown Association,Marketing & Communications – Content Writer Internship,2,11,5,13,0.1538,0,0,2,0,"Communication, Leadership","iOS SDK, Work Ethic, Attention to Detail, Apache Solr, Problem Solving, HTML, Reverse Engineering, Time Management, Teamwork, Collaboration, Amazon Neptune",0.3706,0.0,0.028,0.0,1
19396040.pdf,3610596223,,Commercial Auto Underwriter Assistant,3,6,8,9,0.3333,0,0,2,0,"Excel, C, Make","iOS SDK, Communication, Work Ethic, Apache Solr, Teamwork, Amazon Neptune",0.4341,0.0,0.0148,0.0,1
28320387.pdf,974774701,Kate Meadows Writing and Editing,Blog writer and virtual assistant,1,4,5,5,0.2,0,0,1,0,Communication,"iOS SDK, Black, Coaching, Time Management",0.3908,0.0,0.0155,0.0,1
25919149.pdf,368586246,STL Fertility,Embryologist,0,5,6,5,0.0,0,0,0,0,,"CompTIA A+, Excel, Automated Testing, Integration Testing, Apache Solr",0.3008,0.0,0.0167,0.0,0
12748557.pdf,3245063922,Saxon AI,Data Architect,0,5,5,5,0.0,0,0,0,0,,"Cultural Awareness, Amazon Web Services, Apache Spark, Python, SQL",0.3004,0.0,0.0077,64.0,0
17926546.pdf,3466187886,Landscape Management Group,Owner,0,9,9,9,0.0,0,0,0,0,,"iOS SDK, Communication, Work Ethic, Automated Testing, Key Management, Integration Testing, Collaboration, Creativity, Amazon Neptune",0.3004,0.0,0.0075,0.0,0
24647794.pdf,2372177891,iWealth,Client Service Associate,0,5,9,5,0.0,0,0,0,0,,"CRI-O, Automated Testing, Integration Testing, Room, Apache Solr",0.3004,0.0,0.0078,0.0,0
20882041.pdf,3177010992,ABC Farigua Division,Customer Service Representative,0,6,5,6,0.0,0,0,0,0,,"iOS SDK, Work Ethic, Responsive Design, Reverse Engineering, Mobile Security, Amazon Neptune",0.3008,0.0,0.0152,8.0,0
10985403.pdf,3040487795,Lead Lab,Digital Marketing Intern,0,11,2,11,0.0,0,0,0,0,,"iOS SDK, Communication, Work Ethic, Slack, Automated Testing, Ownership, Spring Cloud, Apache Solr, Reverse Engineering, Apache Druid, Amazon Neptune",0.3407,0.2,0.0145,16.0,0
24322804.pdf,2934066464,Dynamic SRG,Fundraising Associate,1,5,7,6,0.1667,0,0,0,0,Communication,"iOS SDK, Work Ethic, Automated Testing, Prioritization, Apache Solr",0.3508,0.0,0.0155,0.0,1
20981299.pdf,3551631423,Miracles for Kids,Community Program Assistant,0,9,4,9,0.0,0,0,0,0,,"iOS SDK, Communication, Work Ethic, Excel, Cultural Awareness, Automated Testing, Teamwork, Move, Apache Solr",0.3504,0.25,0.0074,0.0,0
25608963.pdf,3045980831,Armstrong Builders LLC,Project Engineer,1,3,9,4,0.25,0,0,0,0,Communication,"Automated Testing, Mobile Security, Attention to Detail",0.3754,0.0,0.0078,28.0,0
17488801.pdf,3045980831,Armstrong Builders LLC,Project Engineer,1,3,4,4,0.25,0,0,0,0,Communication,"Automated Testing, Mobile Security, Attention to Detail",0.3754,0.0,0.0078,28.0,0
27040860.pdf,3537193915,DIGS Vacation Rentals.com,Field Operations Specialist,1,6,4,7,0.1429,0,0,0,0,Communication,"iOS SDK, Work Ethic, Cultural Awareness, Apache Solr, Problem Solving, Amazon Neptune",0.3439,0.0,0.0215,0.0,1
20566550.pdf,56924323,,Structural Engineer,0,5,11,5,0.0,0,0,0,1,,"iOS SDK, Excel, Automated Testing, Retrofit, Amazon Neptune",0.3004,0.0,0.0078,20.0,0
28628090.pdf,2147609835,The Job Network,Trade Review Principal,1,8,14,9,0.1111,0,0,1,0,Make,"iOS SDK, Work Ethic, Ownership, Automated Testing, Apache Solr, Reverse Engineering, Vector Embeddings, Amazon Neptune",0.35,0.0,0.0,0.0,1
18753367.pdf,2147609789,Revature,Entry Level Oracle Financial Technology Consultant,1,4,6,5,0.2,0,0,0,0,Communication,"Apache Solr, iOS SDK, Work Ethic, Amazon Neptune",0.3607,0.0,0.0149,28.0,0
15601399.pdf,2796728000,"Thorpe Design, Inc.",Fire Sprinkler Designer,1,6,1,7,0.1429,0,0,0,0,Communication,"iOS SDK, Work Ethic, Cultural Awareness, Attention to Detail, Apache Solr, Amazon Neptune",0.3432,0.0,0.0075,0.0,0
17108676.pdf,3586242087,,Director of Sales,2,6,5,8,0.25,0,0,2,0,"Communication, Leadership","iOS SDK, Strategic Thinking, Automated Testing, Negotiation, D, Apache Solr",0.414,0.0,0.0305,0.0,1
12472574.pdf,3211657373,AB Underground,Heavy Equipment Operator,1,6,21,7,0.1429,0,0,0,2,Make,"iOS SDK, Work Ethic, Apache Solr, Move, Room, Amazon Neptune",0.3432,0.0,0.0076,0.0,1
20882041.pdf,2457183642,Galerie Candy and Gifts,Quality Assurance Manager,2,9,5,11,0.1818,0,0,2,0,"Communication, Excel","iOS SDK, Make, Apache Solr, Mobile Security, Time Management, Quality Assurance, Qt Creator, Decision Making, Amazon Neptune",0.4325,0.25,0.0146,28.0,1
18753367.pdf,3260455681,Weyerhaeuser,Operations Specialist,3,13,6,16,0.1875,0,0,1,0,"Communication, Leadership, Make","Conflict Resolution, iOS SDK, Excel, Work Ethic, Sentence Transformers, Apache Solr, Reverse Engineering, Mobile Security, Mentoring, Vector Embeddings, Time Management, Decision Making, Amazon Neptune",0.3666,0.0,0.0204,8.0,1
11981094.pdf,3018278978,Aston Carter,Seasonal Office Administrator,0,5,14,5,0.0,0,0,0,0,,"iOS SDK, Work Ethic, Automated Testing, Amazon Neptune, Apache Solr",0.3,0.0,0.0,0.0,0
21038022.pdf,2457183642,Galerie Candy and Gifts,Quality Assurance Manager,1,10,12,11,0.0909,0,0,0,0,Communication,"iOS SDK, Excel, Make, Apache Solr, Mobile Security, Time Management, Quality Assurance, Qt Creator, Decision Making, Amazon Neptune",0.3562,0.1429,0.0072,28.0,0
14049846.pdf,3308438674,Consulate General of Israel to New England,Director of Communications and Digital Diplomacy,1,7,4,8,0.125,0,0,0,0,Creativity,"iOS SDK, Communication, Multi-Factor Authentication, Time Management, Pull Requests, Computer Vision, Apache Solr",0.3382,0.0,0.0145,0.0,0
21298336.pdf,3480552482,Women choice,Summer Intern for Women International Company,1,6,3,7,0.1429,0,0,0,0,Leadership,"iOS SDK, Communication, Make, Apache Solr, C, Amazon Neptune",0.3846,0.2,0.0357,0.0,1
26456899.pdf,3219089287,,Recruitment Manager,0,3,10,3,0.0,0,0,0,0,,"Automated Testing, Leadership, Apache Solr",0.3007,0.0,0.0145,0.0,0
20882041.pdf,3431736996,Marquee Event Rentals,Client Service Representative,0,8,5,8,0.0,0,0,0,0,,"iOS SDK, Azure Resource Manager, Attention to Detail, Automated Testing, Apache Solr, Integration Testing, Room, Amazon Neptune",0.3,0.0,0.0,8.0,0
10624813.pdf,2748500131,"City of Germantown, TN",Director of Public Works,0,7,23,7,0.0,0,0,0,0,,"iOS SDK, Work Ethic, Automated Testing, Apache Solr, Negotiation, Accountability, Amazon Neptune",0.3407,0.2,0.0149,0.0,0
12472574.pdf,3177010992,ABC Farigua Division,Customer Service Representative,0,6,21,6,0.0,0,0,0,2,,"iOS SDK, Work Ethic, Responsive Design, Reverse Engineering, Mobile Security, Amazon Neptune",0.3004,0.0,0.0075,8.0,0
17103000.pdf,266566927,Revesco Properties,Marketing & Office Coordinator,0,10,4,10,0.0,0,0,0,0,,"CRI-O, HubSpot, Excel, iOS SDK, Automated Testing, Ownership, Apache Solr, Apache Druid, Adaptability, Amazon Neptune",0.3004,0.0,0.0072,0.0,0
19397727.pdf,3619548798,"Dexterity, Inc.",Senior Mechanical Engineer,0,10,5,10,0.0,0,0,0,0,,"iOS SDK, Work Ethic, Cultural Awareness, Make, Automated Testing, Technical Writing, Apache Solr, Reverse Engineering, Leadership, Amazon Neptune",0.3015,0.0,0.0309,20.0,0
11981094.pdf,2934066464,Dynamic SRG,Fundraising Associate,1,5,14,6,0.1667,0,0,1,0,Communication,"iOS SDK, Work Ethic, Automated Testing, Prioritization, Apache Solr",0.3754,0.0,0.0077,0.0,1
21038022.pdf,3260455681,Weyerhaeuser,Operations Specialist,2,14,12,16,0.125,0,0,1,0,"Communication, Leadership","Conflict Resolution, iOS SDK, Excel, Work Ethic, Make, Sentence Transformers, Apache Solr, Reverse Engineering, Mobile Security, Mentoring, Vector Embeddings, Time Management, Decision Making, Amazon Neptune",0.3479,0.0,0.0204,8.0,1
12472574.pdf,1168783207,,Reps manager,0,6,21,6,0.0,0,0,0,2,,"iOS SDK, Work Ethic, GitHub Actions, Reverse Engineering, Spring Framework, Computer Vision",0.3,0.0,0.0,8.0,0
12748557.pdf,175485704,GOYT,Software Engineer,1,10,5,11,0.0909,0,0,1,0,Collaboration,"iOS SDK, Communication, Work Ethic, MySQL, JavaScript, Apache Solr, HTML, PHP, CSS, Amazon Neptune",0.3417,0.0,0.0149,64.0,0
15139979.pdf,3551631423,Miracles for Kids,Community Program Assistant,0,9,9,9,0.0,0,0,1,0,,"iOS SDK, Communication, Work Ethic, Excel, Cultural Awareness, Automated Testing, Teamwork, Move, Apache Solr",0.3674,0.25,0.0149,0.0,0
23497307.pdf,103254301,Raw Cereal,Producer,0,4,6,4,0.0,0,0,0,0,,"Reverse Engineering, iOS SDK, Apache Ignite, Work Ethic",0.3004,0.0,0.0079,0.0,0
28505854.pdf,111513530,United Methodists of Greater New Jersey,"Content Writer, Communications",0,6,21,6,0.0,0,0,0,1,,"iOS SDK, Apache Camel, Make, Apache Solr, Collaboration, Amazon Neptune",0.3004,0.0,0.0075,0.0,0
10219099.pdf,3177010992,ABC Farigua Division,Customer Service Representative,0,6,5,6,0.0,0,0,0,0,,"iOS SDK, Work Ethic, Responsive Design, Reverse Engineering, Mobile Security, Amazon Neptune",0.3005,0.0,0.0092,8.0,0
14049846.pdf,266566927,Revesco Properties,Marketing & Office Coordinator,0,10,4,10,0.0,0,0,0,0,,"CRI-O, HubSpot, Excel, iOS SDK, Automated Testing, Ownership, Apache Solr, Apache Druid, Adaptability, Amazon Neptune",0.3004,0.0,0.0072,0.0,0
21038022.pdf,2147609712,The Job Network,Med-RN ER,0,8,12,8,0.0,0,0,0,0,,"iOS SDK, Work Ethic, Cultural Awareness, Automated Testing, Critical Thinking, React Native, Azure Monitor, Amazon Neptune",0.3004,0.0,0.0074,16.0,0
20566550.pdf,3610591138,Mountain View Eye Center,Ophthalmic Technician,1,8,11,9,0.1111,0,0,2,1,Communication,"CRI-O, iOS SDK, Work Ethic, D, Model Deployment, Leadership, Coaching, Amazon Neptune",0.367,0.0,0.0076,0.0,1
12488356.pdf,3515274431,Conduit Tech,Customer Success Manager,0,12,7,12,0.0,0,0,1,1,,"CRI-O, iOS SDK, Communication, Work Ethic, Excel, Automated Testing, Ownership, Exploratory Testing, Apache Solr, Reverse Engineering, Integration Testing, Amazon Neptune",0.3466,0.1667,0.0145,0.0,0
23438227.pdf,2735151240,LT Apparel Group,Intern- Business Analytics,1,7,4,8,0.125,0,0,0,0,Excel,"Power BI, Tableau, Communication, Work Ethic, iOS SDK, Teamwork, Amazon Neptune",0.3379,0.0,0.0076,20.0,0
20882041.pdf,3515274431,Conduit Tech,Customer Success Manager,3,9,5,12,0.25,0,0,2,0,"Ownership, Communication, Excel","CRI-O, iOS SDK, Work Ethic, Automated Testing, Apache Solr, Exploratory Testing, Reverse Engineering, Integration Testing, Amazon Neptune",0.4511,0.25,0.0219,0.0,1
26834746.pdf,3609090859,Mi Familia Vota,Field Director,2,15,4,17,0.1176,0,0,4,0,"Communication, Leadership","CRI-O, Conflict Resolution, Excel, Work Ethic, GitHub Actions, iOS SDK, Cultural Awareness, Attention to Detail, Automated Testing, Problem Solving, Apache Solr, Google Sheets, Accountability, C, Amazon Neptune",0.3713,0.0,0.0135,0.0,1
23234047.pdf,3610596223,,Commercial Auto Underwriter Assistant,1,8,3,9,0.1111,0,1,1,0,C,"iOS SDK, Communication, Work Ethic, Excel, Make, Apache Solr, Teamwork, Amazon Neptune",0.3129,0.0,0.0074,0.0,1
11981094.pdf,974774701,Kate Meadows Writing and Editing,Blog writer and virtual assistant,1,4,14,5,0.2,0,0,1,0,Communication,"iOS SDK, Black, Coaching, Time Management",0.3904,0.0,0.0077,0.0,1
12472574.pdf,3045980831,Armstrong Builders LLC,Project Engineer,2,2,21,4,0.5,0,3,0,2,"Automated Testing, Communication","Mobile Security, Attention to Detail",0.3012,0.0,0.0236,28.0,0
16911115.pdf,3533320307,NLB Services,Java architect / Lead Java developer,0,5,7,5,0.0,0,0,0,0,,"Automated Testing, REST API, React, TypeScript, Java",0.3,0.0,0.0,80.0,0
17108676.pdf,2954591060,Naked Wardrobe,Social Media Coordinator,1,3,5,4,0.25,0,0,1,0,Communication,"iOS SDK, Fluent Bit, Collaboration",0.4133,0.0,0.0155,0.0,1
26456899.pdf,3582587683,McNaughton Bros. Inc.,Accounts Analyst,1,5,10,6,0.1667,0,0,0,0,Communication,"iOS SDK, Work Ethic, Automated Testing, Amazon Neptune, Apache Solr",0.3527,0.0,0.0548,20.0,1
28831378.pdf,2735151240,LT Apparel Group,Intern- Business Analytics,1,7,2,8,0.125,0,0,0,0,Work Ethic,"Power BI, Tableau, Communication, Excel, iOS SDK, Teamwork, Amazon Neptune",0.3383,0.0,0.0153,20.0,1
19397727.pdf,2457183642,Galerie Candy and Gifts,Quality Assurance Manager,1,10,5,11,0.0909,0,0,0,0,Communication,"iOS SDK, Excel, Make, Apache Solr, Mobile Security, Time Management, Quality Assurance, Qt Creator, Decision Making, Amazon Neptune",0.3278,0.0,0.0104,28.0,0
12488356.pdf,3177010992,ABC Farigua Division,Customer Service Representative,0,6,7,6,0.0,0,0,0,1,,"iOS SDK, Work Ethic, Responsive Design, Reverse Engineering, Mobile Security, Amazon Neptune",0.3011,0.0,0.0229,8.0,0
23497307.pdf,2372177891,iWealth,Client Service Associate,0,5,6,5,0.0,0,0,0,0,,"CRI-O, Automated Testing, Integration Testing, Room, Apache Solr",0.3004,0.0,0.0078,0.0,0
12488356.pdf,3592392532,Lorenz Motors,Drone-Car Engineer,0,6,7,6,0.0,0,0,0,1,,"iOS SDK, Communication, Work Ethic, Automated Testing, Collaboration, Apache Solr",0.3004,0.0,0.0076,20.0,0
15858254.pdf,3383214611,Crisp,Account Executive - Mid-Market,1,12,5,13,0.0769,0,0,0,0,Communication,"iOS SDK, Excel, Work Ethic, Make, Automated Testing, Apache Solr, Salesforce, Reverse Engineering, Integration Testing, D, Teamwork, Amazon Neptune",0.3244,0.0,0.026,0.0,0
19396040.pdf,2954591060,Naked Wardrobe,Social Media Coordinator,0,4,8,4,0.0,0,0,0,0,,"iOS SDK, Communication, Fluent Bit, Collaboration",0.3004,0.0,0.0077,0.0,0
24322804.pdf,2748500131,"City of Germantown, TN",Director of Public Works,0,7,7,7,0.0,0,0,0,0,,"iOS SDK, Work Ethic, Automated Testing, Apache Solr, Negotiation, Accountability, Amazon Neptune",0.3011,0.0,0.0226,0.0,0
12011623.pdf,3586242087,,Director of Sales,0,8,12,8,0.0,0,0,1,0,,"iOS SDK, Communication, Strategic Thinking, Automated Testing, Negotiation, D, Leadership, Apache Solr",0.3195,0.0,0.015,0.0,0
28320387.pdf,3040487795,Lead Lab,Digital Marketing Intern,1,10,5,11,0.0909,0,0,1,0,Communication,"iOS SDK, Work Ethic, Slack, Automated Testing, Ownership, Spring Cloud, Apache Solr, Reverse Engineering, Apache Druid, Amazon Neptune",0.392,0.25,0.0219,16.0,0
26834746.pdf,56924323,,Structural Engineer,0,5,4,5,0.0,0,0,1,0,,"iOS SDK, Excel, Automated Testing, Retrofit, Amazon Neptune",0.3304,0.0,0.0078,20.0,0
28831378.pdf,111513530,United Methodists of Greater New Jersey,"Content Writer, Communications",0,6,2,6,0.0,0,0,0,0,,"iOS SDK, Apache Camel, Make, Apache Solr, Collaboration, Amazon Neptune",0.3008,0.0,0.0152,0.0,0
20566550.pdf,974774701,Kate Meadows Writing and Editing,Blog writer and virtual assistant,2,3,11,5,0.4,0,0,1,1,"Communication, Time Management","iOS SDK, Black, Coaching",0.4508,0.0,0.0155,0.0,1
28628090.pdf,1168783207,,Reps manager,0,6,14,6,0.0,0,0,0,0,,"iOS SDK, Work Ethic, GitHub Actions, Reverse Engineering, Spring Framework, Computer Vision",0.367,0.3333,0.0076,8.0,0
19553067.pdf,2157930553,Brady Insurance Group LLC,Customer Service Representative,1,9,3,10,0.1,0,0,1,0,Problem Solving,"iOS SDK, Communication, Work Ethic, Make, Automated Testing, Apache Solr, Integration Testing, Azure Monitor, Amazon Neptune",0.3457,0.0,0.0146,8.0,1
10624813.pdf,3537193915,DIGS Vacation Rentals.com,Field Operations Specialist,0,7,23,7,0.0,0,0,0,0,,"iOS SDK, Communication, Work Ethic, Cultural Awareness, Apache Solr, Problem Solving, Amazon Neptune",0.3404,0.2,0.0074,0.0,0
13264796.pdf,3478651125,Axalume,Photonics Layout Intern,1,7,11,8,0.125,0,0,1,0,Communication,"iOS SDK, Work Ethic, Make, Python, Informatica PowerCenter, C#, Apache Solr",0.3566,0.0,0.0076,8.0,1
10624813.pdf,2157930553,Brady Insurance Group LLC,Customer Service Representative,1,9,23,10,0.1,0,0,1,0,Integration Testing,"iOS SDK, Communication, Work Ethic, Make, Automated Testing, Problem Solving, Apache Solr, Azure Monitor, Amazon Neptune",0.3457,0.0,0.0146,8.0,1
28078163.pdf,3075721793,ASA Architects,Architect/Project Manager,1,5,14,6,0.1667,0,0,0,0,Communication,"iOS SDK, Automated Testing, Azure Synapse Analytics, Amazon Neptune, Apache Solr",0.3904,0.2,0.0073,28.0,1
12488356.pdf,2735151240,LT Apparel Group,Intern- Business Analytics,0,8,7,8,0.0,0,0,1,1,,"Power BI, Tableau, Communication, Work Ethic, Excel, iOS SDK, Teamwork, Amazon Neptune",0.3191,0.0,0.0076,20.0,0
25797445.pdf,3540371917,KeyBank,Enterprise Data & Analytics Infrastructure Manager,0,0,2,0,0.0,0,0,0,0,,,0.3,0.0,0.0,60.0,0
11890896.pdf,3219089287,,Recruitment Manager,1,2,6,3,0.3333,0,0,1,0,Leadership,"Automated Testing, Apache Solr",0.5,0.25,0.0,0.0,1
26834746.pdf,3551631423,Miracles for Kids,Community Program Assistant,1,8,4,9,0.1111,0,0,2,0,Communication,"iOS SDK, Excel, Work Ethic, Cultural Awareness, Automated Testing, Teamwork, Move, Apache Solr",0.367,0.0,0.0074,0.0,1
14206561.pdf,2735151240,LT Apparel Group,Intern- Business Analytics,1,7,1,8,0.125,0,0,0,1,Excel,"Power BI, Tableau, Communication, Work Ethic, iOS SDK, Teamwork, Amazon Neptune",0.338,0.0,0.0092,20.0,1
25425322.pdf,121605673,,Licensed Acupuncturist,0,8,2,8,0.0,0,0,1,0,,"iOS SDK, Communication, Work Ethic, Apache Solr, Reverse Engineering, D, Time Management, Amazon Neptune",0.3195,0.0,0.015,0.0,0
16803215.pdf,3540371917,KeyBank,Enterprise Data & Analytics Infrastructure Manager,0,0,9,0,0.0,0,0,0,0,,,0.3,0.0,0.0,60.0,0
27040860.pdf,3251984218,SLS Solutions,SAP BTP,0,2,4,2,0.0,0,0,0,0,,"iOS SDK, SQL",0.3006,0.0,0.0122,8.0,0
28505854.pdf,3177010992,ABC Farigua Division,Customer Service Representative,0,6,21,6,0.0,0,0,0,1,,"iOS SDK, Work Ethic, Responsive Design, Reverse Engineering, Mobile Security, Amazon Neptune",0.3008,0.0,0.0152,8.0,0
19124258.pdf,3184403524,San José Clinic,Events & Communications Assistant,1,13,2,14,0.0714,0,0,2,0,Excel,"iOS SDK, Communication, Creativity, Go, Automated Testing, Amazon Neptune, D, Schema Registry, Time Management, Quality Assurance, Pull Requests, C, Apache Solr",0.3432,0.0,0.007,0.0,0
27756469.pdf,3537193915,DIGS Vacation Rentals.com,Field Operations Specialist,1,6,10,7,0.1429,0,0,0,0,Problem Solving,"iOS SDK, Communication, Work Ethic, Cultural Awareness, Apache Solr, Amazon Neptune",0.3432,0.0,0.0074,0.0,0
20882041.pdf,3619548798,"Dexterity, Inc.",Senior Mechanical Engineer,1,9,5,10,0.1,0,1,1,0,Leadership,"iOS SDK, Work Ethic, Cultural Awareness, Make, Automated Testing, Technical Writing, Apache Solr, Reverse Engineering, Amazon Neptune",0.3089,0.0,0.029,20.0,1
28628090.pdf,3578562287,Beat the Streets - Baltimore,Swahili Instructor,1,5,14,6,0.1667,0,0,1,0,Communication,"iOS SDK, Work Ethic, Automated Testing, Apache Ignite, Amazon Neptune",0.3754,0.0,0.0075,0.0,1
20981299.pdf,974774701,Kate Meadows Writing and Editing,Blog writer and virtual assistant,0,5,4,5,0.0,0,0,0,0,,"iOS SDK, Communication, Time Management, Black, Coaching",0.3404,0.2,0.0077,0.0,0
12518008.pdf,658723396,Orlando Credit Union,External Mortgage Loan Officer,1,8,5,9,0.1111,3,0,1,0,Leadership,"iOS SDK, Communication, Work Ethic, Automated Testing, Apache Solr, Integration Testing, Move, Amazon Neptune",0.2004,0.0,0.0072,0.0,1
15139979.pdf,266566927,Revesco Properties,Marketing & Office Coordinator,1,9,9,10,0.1,0,0,1,0,Ownership,"CRI-O, HubSpot, Excel, iOS SDK, Automated Testing, Apache Solr, Apache Druid, Adaptability, Amazon Neptune",0.3454,0.0,0.0072,0.0,1
26456899.pdf,266566927,Revesco Properties,Marketing & Office Coordinator,1,9,10,10,0.1,0,0,0,0,Excel,"CRI-O, HubSpot, iOS SDK, Ownership, Automated Testing, Apache Solr, Apache Druid, Adaptability, Amazon Neptune",0.3326,0.0,0.0513,0.0,1
15858254.pdf,3520238337,Grant Writing Solutions,Grants Writer - Subcontract,1,4,5,5,0.2,0,0,0,0,Communication,"Apache Solr, iOS SDK, Mentoring, Attention to Detail",0.3607,0.0,0.0145,0.0,0
21298336.pdf,2157930553,Brady Insurance Group LLC,Customer Service Representative,0,10,3,10,0.0,0,0,0,0,,"iOS SDK, Communication, Work Ethic, Make, Automated Testing, Problem Solving, Apache Solr, Integration Testing, Azure Monitor, Amazon Neptune",0.3,0.0,0.0,8.0,0
13149176.pdf,266825034,Recruitment Design,Software Support Specialist,1,6,7,7,0.1429,0,0,1,0,D,"iOS SDK, Communication, JavaScript, Make, Automated Testing, PHP",0.365,0.0,0.0153,36.0,1
17108676.pdf,3245063922,Saxon AI,Data Architect,0,5,5,5,0.0,0,0,0,0,,"Cultural Awareness, Amazon Web Services, Apache Spark, Python, SQL",0.3,0.0,0.0,64.0,0
19397727.pdf,3478651125,Axalume,Photonics Layout Intern,1,7,5,8,0.125,0,0,0,0,Communication,"iOS SDK, Work Ethic, Make, Python, Informatica PowerCenter, C#, Apache Solr",0.3381,0.0,0.0111,8.0,0
28078163.pdf,1573178251,,Social Media Coordinator,0,5,14,5,0.0,0,0,0,0,,"Work Ethic, Automated Testing, Reverse Engineering, Computer Vision, Apache Solr",0.3004,0.0,0.0076,0.0,0
24322804.pdf,3619548798,"Dexterity, Inc.",Senior Mechanical Engineer,2,8,7,10,0.2,0,1,0,0,"Leadership, Make","iOS SDK, Work Ethic, Technical Writing, Cultural Awareness, Automated Testing, Apache Solr, Reverse Engineering, Amazon Neptune",0.3255,0.0,0.0597,20.0,1
28628090.pdf,2790549389,Rogue Ales & Spirits,National Sales Manager,3,10,14,13,0.2308,5,0,4,0,"Communication, Leadership, Make","iOS SDK, Work Ethic, Automated Testing, Apache Solr, Reverse Engineering, Collaboration, Integration Testing, Move, Go, Amazon Neptune",0.372,0.25,0.0071,0.0,0
23497307.pdf,3245063922,Saxon AI,Data Architect,0,5,6,5,0.0,0,0,0,0,,"Cultural Awareness, Amazon Web Services, Apache Spark, Python, SQL",0.3,0.0,0.0,64.0,0
28923650.pdf,3586242087,,Director of Sales,1,7,6,8,0.125,0,0,1,0,D,"iOS SDK, Communication, Strategic Thinking, Automated Testing, Negotiation, Leadership, Apache Solr",0.3563,0.0,0.0,0.0,1
12488356.pdf,3308438674,Consulate General of Israel to New England,Director of Communications and Digital Diplomacy,0,8,7,8,0.0,0,0,0,1,,"iOS SDK, Communication, Multi-Factor Authentication, Time Management, Pull Requests, Computer Vision, Creativity, Apache Solr",0.3007,0.0,0.0145,0.0,0
12748557.pdf,133130219,,Software Engineer,0,0,5,0,0.0,0,0,0,0,,,0.3008,0.0,0.0164,40.0,0
19396040.pdf,3478651125,Axalume,Photonics Layout Intern,2,6,8,8,0.25,0,0,1,0,"Python, Make","iOS SDK, Communication, Work Ethic, Informatica PowerCenter, C#, Apache Solr",0.4338,0.2,0.0,8.0,1
15139979.pdf,3379554375,Nebraska Public Media,Finishing Editor,2,6,9,8,0.25,0,0,2,0,"Problem Solving, Make","CRI-O, iOS SDK, Privileged Access Management, Automated Testing, Composer, Apache Solr",0.4129,0.0,0.0073,0.0,1
26834746.pdf,3540371917,KeyBank,Enterprise Data & Analytics Infrastructure Manager,0,0,4,0,0.0,0,0,0,0,,,0.329,0.1429,0.0081,60.0,0
17926546.pdf,3211657373,AB Underground,Heavy Equipment Operator,0,7,9,7,0.0,0,0,1,0,,"iOS SDK, Work Ethic, Make, Apache Solr, Move, Room, Amazon Neptune",0.3218,0.0,0.0076,0.0,0
28831378.pdf,1168783207,,Reps manager,1,5,2,6,0.1667,0,0,0,0,Work Ethic,"iOS SDK, GitHub Actions, Reverse Engineering, Spring Framework, Computer Vision",0.3512,0.0,0.0231,8.0,1
20882041.pdf,3308438674,Consulate General of Israel to New England,Director of Communications and Digital Diplomacy,1,7,5,8,0.125,0,0,1,0,Communication,"iOS SDK, Multi-Factor Authentication, Time Management, Pull Requests, Computer Vision, Creativity, Apache Solr",0.3573,0.0,0.0219,0.0,1
28078163.pdf,3308438674,Consulate General of Israel to New England,Director of Communications and Digital Diplomacy,1,7,14,8,0.125,0,0,0,0,Communication,"iOS SDK, Multi-Factor Authentication, Time Management, Pull Requests, Computer Vision, Creativity, Apache Solr",0.3379,0.0,0.0072,0.0,0
23497307.pdf,3363439517,White Bottle Inc.,Sanitation Supervisor,2,9,6,11,0.1818,3,1,0,0,"Communication, Attention to Detail","iOS SDK, Work Ethic, Automated Testing, Bottle, Problem Solving, Apache Solr, Mobile Security, Integration Testing, Amazon Neptune",0.1685,0.0,0.0286,8.0,1
15941675.pdf,3366698309,Webologix Ltd/ INC,Anaplan Developer,1,5,5,6,0.1667,0,0,0,0,Communication,"Excel, Work Ethic, Amazon Neptune, Agile, Apache Solr",0.3512,0.0,0.0233,28.0,1
28628090.pdf,3583960568,Böning Ship Automation USA,Sales and Application Engineer,3,9,14,12,0.25,0,0,3,0,"Problem Solving, Communication, Make","iOS SDK, Work Ethic, Automated Testing, Negotiation, Lakehouse Architecture, Assembly Language, Mobile Security, Accountability, Presentation Skills",0.4132,0.0,0.0141,28.0,1
27152464.pdf,2157930553,Brady Insurance Group LLC,Customer Service Representative,3,7,37,10,0.3,0,0,2,2,"Communication, Integration Testing, Make","iOS SDK, Work Ethic, Automated Testing, Problem Solving, Apache Solr, Azure Monitor, Amazon Neptune",0.4204,0.0,0.0072,8.0,1
28320387.pdf,121605673,,Licensed Acupuncturist,1,7,5,8,0.125,0,0,2,0,Communication,"iOS SDK, Work Ethic, Apache Solr, Reverse Engineering, D, Time Management, Amazon Neptune",0.3758,0.0,0.015,0.0,1
27040860.pdf,3297645846,"Navajo Transitional Energy Company, LLC",Contract Administrator,3,6,4,9,0.3333,2,0,0,0,"Communication, Excel, Attention to Detail","Power BI, iOS SDK, Automated Testing, Apache Solr, Move, Amazon Neptune",0.2527,0.0,0.0543,0.0,1
21298336.pdf,3582587683,McNaughton Bros. Inc.,Accounts Analyst,0,6,3,6,0.0,0,0,0,0,,"iOS SDK, Communication, Work Ethic, Automated Testing, Apache Solr, Amazon Neptune",0.3009,0.0,0.0175,20.0,0
18753367.pdf,3480552482,Women choice,Summer Intern for Women International Company,4,3,6,7,0.5714,0,0,2,0,"Communication, Leadership, C, Make","Apache Solr, iOS SDK, Amazon Neptune",0.515,0.0,0.0152,0.0,1
27040860.pdf,3547664337,Polyram Plastic Industries Ltd,Brand Representative,1,6,4,7,0.1429,0,0,0,0,Excel,"iOS SDK, Apache Solr, Extreme Programming, Negotiation, Collaboration, Amazon Neptune",0.344,0.0,0.0225,0.0,1
15941675.pdf,3260455681,Weyerhaeuser,Operations Specialist,2,14,5,16,0.125,0,0,1,0,"Communication, Time Management","Conflict Resolution, iOS SDK, Excel, Work Ethic, Make, Sentence Transformers, Apache Solr, Reverse Engineering, Mobile Security, Mentoring, Vector Embeddings, Leadership, Decision Making, Amazon Neptune",0.3486,0.0,0.0345,8.0,1
26456899.pdf,3547664337,Polyram Plastic Industries Ltd,Brand Representative,1,6,10,7,0.1429,0,0,0,0,Excel,"iOS SDK, Apache Solr, Extreme Programming, Negotiation, Collaboration, Amazon Neptune",0.3435,0.0,0.0133,0.0,0
27152464.pdf,3537193915,DIGS Vacation Rentals.com,Field Operations Specialist,1,6,37,7,0.1429,0,0,1,2,Communication,"iOS SDK, Work Ethic, Cultural Awareness, Apache Solr, Problem Solving, Amazon Neptune",0.3647,0.0,0.0074,0.0,1
17108676.pdf,3211657373,AB Underground,Heavy Equipment Operator,0,7,5,7,0.0,0,0,0,0,,"iOS SDK, Work Ethic, Make, Apache Solr, Move, Room, Amazon Neptune",0.3,0.0,0.0,0.0,0
23497307.pdf,1573178251,,Social Media Coordinator,0,5,6,5,0.0,0,0,0,0,,"Work Ethic, Automated Testing, Reverse Engineering, Computer Vision, Apache Solr",0.3008,0.0,0.0154,0.0,0
28628090.pdf,2735151240,LT Apparel Group,Intern- Business Analytics,2,6,14,8,0.25,0,0,2,0,"Communication, Excel","Power BI, Tableau, iOS SDK, Work Ethic, Teamwork, Amazon Neptune",0.4133,0.0,0.0153,20.0,1
19612167.pdf,2372177891,iWealth,Client Service Associate,0,5,4,5,0.0,0,0,0,0,,"CRI-O, Automated Testing, Integration Testing, Room, Apache Solr",0.3,0.0,0.0,0.0,0
15601399.pdf,3045980831,Armstrong Builders LLC,Project Engineer,1,3,1,4,0.25,0,0,0,0,Communication,"Automated Testing, Mobile Security, Attention to Detail",0.3754,0.0,0.0078,28.0,0
11981094.pdf,2457183642,Galerie Candy and Gifts,Quality Assurance Manager,1,10,14,11,0.0909,0,0,1,0,Communication,"iOS SDK, Excel, Make, Apache Solr, Mobile Security, Time Management, Quality Assurance, Qt Creator, Decision Making, Amazon Neptune",0.3813,0.2,0.0072,28.0,0
25425322.pdf,3619548798,"Dexterity, Inc.",Senior Mechanical Engineer,1,9,2,10,0.1,0,0,0,0,Leadership,"iOS SDK, Work Ethic, Cultural Awareness, Make, Automated Testing, Technical Writing, Apache Solr, Reverse Engineering, Amazon Neptune",0.3314,0.0,0.029,20.0,1
28628090.pdf,2838336689,Athos Private Wealth,Executive Assistant,1,7,14,8,0.125,0,0,1,0,Communication,"Growth Mindset, iOS SDK, Work Ethic, Automated Testing, Apache Solr, Apache Druid, Amazon Neptune",0.3566,0.0,0.0073,0.0,1
12472574.pdf,3480552482,Women choice,Summer Intern for Women International Company,4,3,21,7,0.5714,0,0,1,2,"Communication, Leadership, C, Make","Apache Solr, iOS SDK, Amazon Neptune",0.4944,0.0,0.0308,0.0,1
28320387.pdf,3578562287,Beat the Streets - Baltimore,Swahili Instructor,1,5,5,6,0.1667,0,0,1,0,Communication,"iOS SDK, Work Ethic, Automated Testing, Apache Ignite, Amazon Neptune",0.3758,0.0,0.0152,0.0,1
10624813.pdf,3379554375,Nebraska Public Media,Finishing Editor,0,8,23,8,0.0,0,0,0,0,,"CRI-O, iOS SDK, Privileged Access Management, Automated Testing, Make, Problem Solving, Composer, Apache Solr",0.3,0.0,0.0,0.0,0
14554542.pdf,2796728000,"Thorpe Design, Inc.",Fire Sprinkler Designer,1,6,3,7,0.1429,0,0,0,0,Communication,"iOS SDK, Work Ethic, Cultural Awareness, Attention to Detail, Apache Solr, Amazon Neptune",0.3432,0.0,0.0075,0.0,0
17926546.pdf,3308438674,Consulate General of Israel to New England,Director of Communications and Digital Diplomacy,0,8,9,8,0.0,0,0,0,0,,"iOS SDK, Communication, Multi-Factor Authentication, Time Management, Pull Requests, Computer Vision, Creativity, Apache Solr",0.3011,0.0,0.0219,0.0,0
21847415.pdf,3211657373,AB Underground,Heavy Equipment Operator,1,6,6,7,0.1429,0,0,1,0,Make,"iOS SDK, Work Ethic, Apache Solr, Move, Room, Amazon Neptune",0.3643,0.0,0.0,0.0,1
18753367.pdf,3245063922,Saxon AI,Data Architect,0,5,6,5,0.0,0,0,0,0,,"Cultural Awareness, Amazon Web Services, Apache Spark, Python, SQL",0.3004,0.0,0.0077,64.0,0
13149176.pdf,3308438674,Consulate General of Israel to New England,Director of Communications and Digital Diplomacy,1,7,7,8,0.125,0,0,0,0,Time Management,"iOS SDK, Communication, Multi-Factor Authentication, Pull Requests, Computer Vision, Creativity, Apache Solr",0.3386,0.0,0.0219,0.0,1
19396040.pdf,2269442456,navXcom,Computer Scientist,0,3,8,3,0.0,0,0,0,0,,"Communication, Work Ethic, Amazon Neptune",0.3004,0.0,0.008,20.0,0
10219099.pdf,2735151240,LT Apparel Group,Intern- Business Analytics,2,6,5,8,0.25,0,0,0,0,"Teamwork, Communication","Power BI, Tableau, Excel, Work Ethic, iOS SDK, Amazon Neptune",0.3759,0.0,0.0187,20.0,1
13264796.pdf,3610591138,Mountain View Eye Center,Ophthalmic Technician,1,8,11,9,0.1111,0,0,2,0,Communication,"CRI-O, iOS SDK, Work Ethic, D, Model Deployment, Leadership, Coaching, Amazon Neptune",0.367,0.0,0.0076,0.0,1
24647794.pdf,3219089287,,Recruitment Manager,1,2,9,3,0.3333,0,0,1,0,Leadership,"Automated Testing, Apache Solr",0.4504,0.0,0.0079,0.0,1
21298336.pdf,3018278978,Aston Carter,Seasonal Office Administrator,0,5,3,5,0.0,0,0,0,0,,"iOS SDK, Work Ethic, Automated Testing, Amazon Neptune, Apache Solr",0.3,0.0,0.0,0.0,0
15858254.pdf,2372177891,iWealth,Client Service Associate,0,5,5,5,0.0,0,0,0,0,,"CRI-O, Automated Testing, Integration Testing, Room, Apache Solr",0.3007,0.0,0.0147,0.0,0
17103000.pdf,3619548798,"Dexterity, Inc.",Senior Mechanical Engineer,1,9,4,10,0.1,0,0,1,0,Leadership,"iOS SDK, Work Ethic, Cultural Awareness, Make, Automated Testing, Technical Writing, Apache Solr, Reverse Engineering, Amazon Neptune",0.3472,0.0,0.0441,20.0,1
23438227.pdf,974774701,Kate Meadows Writing and Editing,Blog writer and virtual assistant,0,5,4,5,0.0,0,0,0,0,,"iOS SDK, Communication, Time Management, Black, Coaching",0.34,0.2,0.0,0.0,0
22890839.pdf,3610591138,Mountain View Eye Center,Ophthalmic Technician,0,9,14,9,0.0,0,0,1,1,,"CRI-O, iOS SDK, Communication, Work Ethic, D, Model Deployment, Leadership, Coaching, Amazon Neptune",0.3567,0.2,0.0,0.0,0
13264796.pdf,3127577086,Avero Diagnostics,Histologist - HT,2,22,11,24,0.0833,0,0,2,0,"Quality Assurance, Communication","Facilitation, Negotiation, Time Management, Leadership, Qt Creator, Apache Solr, Conflict Resolution, Excel, Attention to Detail, Problem Solving, Collaboration, Room, iOS SDK, Windows, Apache Pinot, Mobile Security, Visual Studio, Work Ethic, Automated Testing, HTML, Integration Testing, Amazon Neptune",0.3381,0.0,0.0128,8.0,0
18753367.pdf,2737009242,,Service Manager,2,12,6,14,0.1429,3,0,1,0,"Communication, Leadership","Conflict Resolution, iOS SDK, Expo, Work Ethic, Chef, Automated Testing, Ownership, Apache Solr, Integration Testing, Accountability, Decision Making, Amazon Neptune",0.2443,0.2,0.0142,0.0,1
12518008.pdf,3308438674,Consulate General of Israel to New England,Director of Communications and Digital Diplomacy,0,8,5,8,0.0,0,0,0,0,,"iOS SDK, Communication, Multi-Factor Authentication, Time Management, Pull Requests, Computer Vision, Creativity, Apache Solr",0.3007,0.0,0.0145,0.0,0
28320387.pdf,3251984218,SLS Solutions,SAP BTP,0,2,5,2,0.0,0,0,0,0,,"iOS SDK, SQL",0.3,0.0,0.0,8.0,0
20882041.pdf,3251984218,SLS Solutions,SAP BTP,0,2,5,2,0.0,0,0,0,0,,"iOS SDK, SQL",0.3,0.0,0.0,8.0,0
10219099.pdf,3478651125,Axalume,Photonics Layout Intern,1,7,5,8,0.125,0,0,0,0,Communication,"iOS SDK, Work Ethic, Make, Python, Informatica PowerCenter, C#, Apache Solr",0.338,0.0,0.0093,8.0,0
28078163.pdf,3366698309,Webologix Ltd/ INC,Anaplan Developer,1,5,14,6,0.1667,0,0,0,0,Communication,"Excel, Work Ethic, Amazon Neptune, Agile, Apache Solr",0.3504,0.0,0.0076,28.0,0
17108676.pdf,56924323,,Structural Engineer,1,4,5,5,0.2,0,0,1,0,Excel,"Automated Testing, iOS SDK, Retrofit, Amazon Neptune",0.3908,0.0,0.0156,20.0,1
10624813.pdf,3366698309,Webologix Ltd/ INC,Anaplan Developer,1,5,23,6,0.1667,0,0,1,0,Agile,"Communication, Work Ethic, Excel, Amazon Neptune, Apache Solr",0.3758,0.0,0.0154,28.0,1
17043822.pdf,3610591138,Mountain View Eye Center,Ophthalmic Technician,2,7,11,9,0.2222,0,0,2,0,"Communication, Leadership","CRI-O, iOS SDK, Work Ethic, D, Model Deployment, Coaching, Amazon Neptune",0.4008,0.0,0.0153,0.0,1
14049846.pdf,175485704,GOYT,Software Engineer,0,11,4,11,0.0,0,0,0,0,,"iOS SDK, Communication, Work Ethic, MySQL, JavaScript, Apache Solr, HTML, PHP, CSS, Collaboration, Amazon Neptune",0.3004,0.0,0.0074,64.0,0
15941675.pdf,266566927,Revesco Properties,Marketing & Office Coordinator,0,10,5,10,0.0,0,0,0,0,,"CRI-O, HubSpot, Excel, iOS SDK, Automated Testing, Ownership, Apache Solr, Apache Druid, Adaptability, Amazon Neptune",0.3007,0.0,0.0146,0.0,0
28831378.pdf,3211657373,AB Underground,Heavy Equipment Operator,1,6,2,7,0.1429,0,0,0,0,Work Ethic,"iOS SDK, Make, Apache Solr, Move, Room, Amazon Neptune",0.3436,0.0,0.0153,0.0,1
15941675.pdf,2269442456,navXcom,Computer Scientist,1,2,5,3,0.3333,0,0,0,0,Communication,"Work Ethic, Amazon Neptune",0.4008,0.0,0.0161,20.0,1
19396040.pdf,1573178251,,Social Media Coordinator,0,5,8,5,0.0,0,0,0,0,,"Work Ethic, Automated Testing, Reverse Engineering, Computer Vision, Apache Solr",0.3008,0.0,0.0154,0.0,0
10624813.pdf,3586242087,,Director of Sales,0,8,23,8,0.0,0,0,1,0,,"iOS SDK, Communication, Strategic Thinking, Automated Testing, Negotiation, D, Leadership, Apache Solr",0.3691,0.25,0.0075,0.0,0
26834746.pdf,2157930553,Brady Insurance Group LLC,Customer Service Representative,1,9,4,10,0.1,0,0,1,0,Communication,"iOS SDK, Work Ethic, Make, Automated Testing, Problem Solving, Apache Solr, Integration Testing, Azure Monitor, Amazon Neptune",0.3454,0.0,0.0072,8.0,1
17926546.pdf,2914254129,Eastern Indiana Works,Director of Operations,2,7,9,9,0.2222,2,0,2,0,"Problem Solving, D","iOS SDK, Facilitation, Communication, Apache Solr, Time Management, Move, Amazon Neptune",0.2504,0.0,0.0074,0.0,1
12011623.pdf,3196627399,Bellevue Downtown Association,Marketing & Communications – Content Writer Internship,2,11,12,13,0.1538,0,0,0,0,"HTML, Collaboration","iOS SDK, Communication, Work Ethic, Attention to Detail, Apache Solr, Problem Solving, Reverse Engineering, Time Management, Teamwork, Leadership, Amazon Neptune",0.3479,0.0,0.0352,0.0,1
28005884.pdf,3610591138,Mountain View Eye Center,Ophthalmic Technician,0,9,1,9,0.0,0,0,1,0,,"CRI-O, iOS SDK, Communication, Work Ethic, D, Model Deployment, Leadership, Coaching, Amazon Neptune",0.3833,0.3333,0.0,0.0,0
28762662.pdf,3582587683,McNaughton Bros. Inc.,Accounts Analyst,1,5,18,6,0.1667,0,0,1,0,Communication,"iOS SDK, Work Ethic, Automated Testing, Amazon Neptune, Apache Solr",0.3754,0.0,0.0075,20.0,1
19397727.pdf,3555161614,Starup Insurance,User Experience Designer,1,5,5,6,0.1667,0,0,0,0,Communication,"iOS SDK, Work Ethic, Design Thinking, User-Centered Design, Collaboration",0.3506,0.0,0.0115,0.0,0
25425322.pdf,1168783207,,Reps manager,0,6,2,6,0.0,0,0,0,0,,"iOS SDK, Work Ethic, GitHub Actions, Reverse Engineering, Spring Framework, Computer Vision",0.367,0.3333,0.0076,8.0,0
28923650.pdf,3555161614,Starup Insurance,User Experience Designer,0,6,6,6,0.0,0,0,0,0,,"iOS SDK, Communication, Work Ethic, Design Thinking, User-Centered Design, Collaboration",0.3004,0.0,0.0078,0.0,0
20566550.pdf,445337908,Food Bank of Alaska,Chief Operating Officer,0,7,11,7,0.0,0,0,1,1,,"iOS SDK, Make, Automated Testing, D, Apache Druid, Leadership, Amazon Neptune",0.3218,0.0,0.0076,0.0,0
27152464.pdf,3540371917,KeyBank,Enterprise Data & Analytics Infrastructure Manager,0,0,37,0,0.0,0,0,0,2,,,0.3337,0.1667,0.0081,60.0,0
15139979.pdf,3308438674,Consulate General of Israel to New England,Director of Communications and Digital Diplomacy,1,7,9,8,0.125,0,0,2,0,Time Management,"iOS SDK, Communication, Multi-Factor Authentication, Pull Requests, Computer Vision, Creativity, Apache Solr",0.3754,0.0,0.0072,0.0,1
25797445.pdf,3045980831,Armstrong Builders LLC,Project Engineer,1,3,2,4,0.25,0,0,0,0,Communication,"Automated Testing, Mobile Security, Attention to Detail",0.3762,0.0,0.0236,28.0,1
19397727.pdf,2934066464,Dynamic SRG,Fundraising Associate,1,5,5,6,0.1667,0,0,0,0,Communication,"iOS SDK, Work Ethic, Automated Testing, Prioritization, Apache Solr",0.3511,0.0,0.023,0.0,1
28320387.pdf,3431736996,Marquee Event Rentals,Client Service Representative,0,8,5,8,0.0,0,0,0,0,,"iOS SDK, Azure Resource Manager, Attention to Detail, Automated Testing, Apache Solr, Integration Testing, Room, Amazon Neptune",0.3,0.0,0.0,8.0,0
27152464.pdf,974774701,Kate Meadows Writing and Editing,Blog writer and virtual assistant,3,2,37,5,0.6,0,0,2,2,"Communication, Black, Time Management","iOS SDK, Coaching",0.5408,0.0,0.0155,0.0,1
27152464.pdf,445337908,Food Bank of Alaska,Chief Operating Officer,2,5,37,7,0.2857,0,0,3,2,"Leadership, Make","iOS SDK, Automated Testing, D, Apache Druid, Amazon Neptune",0.45,0.0,0.0,0.0,1
28630325.pdf,103254301,Raw Cereal,Producer,0,4,12,4,0.0,0,0,0,0,,"Reverse Engineering, iOS SDK, Apache Ignite, Work Ethic",0.3004,0.0,0.0079,0.0,0
15139979.pdf,1143359956,,National Sales Manager,1,7,9,8,0.125,0,0,2,0,Make,"iOS SDK, Communication, Work Ethic, Apache Solr, Integration Testing, Room, Amazon Neptune",0.375,0.0,0.0,0.0,1
17108676.pdf,3520238337,Grant Writing Solutions,Grants Writer - Subcontract,2,3,5,5,0.4,0,0,1,0,"Communication, Mentoring","Apache Solr, iOS SDK, Attention to Detail",0.4512,0.0,0.0234,0.0,1
15139979.pdf,3625991523,Xoriant,DDI Engineer,1,13,9,14,0.0714,0,0,2,0,Problem Solving,"Communication, Work Ethic, Threat Intelligence, Apache Solr, Cybersecurity, Python, Transport Layer Security, Informatica PowerCenter, Perl, Terraform, Core Data, Ansible, Amazon Neptune",0.3429,0.0,0.0,36.0,0
21038022.pdf,974774701,Kate Meadows Writing and Editing,Blog writer and virtual assistant,1,4,12,5,0.2,0,0,0,0,Communication,"iOS SDK, Black, Coaching, Time Management",0.3604,0.0,0.0077,0.0,0
21847415.pdf,266825034,Recruitment Design,Software Support Specialist,3,4,6,7,0.4286,0,0,2,0,"Communication, D, Make","Automated Testing, iOS SDK, PHP, JavaScript",0.4726,0.0,0.0231,36.0,1
20566550.pdf,3184403524,San José Clinic,Events & Communications Assistant,3,11,11,14,0.2143,0,0,3,1,"Communication, C, Time Management","iOS SDK, Excel, Creativity, Automated Testing, Apache Solr, D, Schema Registry, Quality Assurance, Pull Requests, Go, Amazon Neptune",0.3979,0.0,0.0288,0.0,1
16803215.pdf,3609090859,Mi Familia Vota,Field Director,2,15,9,17,0.1176,3,0,0,0,"Communication, Attention to Detail","CRI-O, Conflict Resolution, Excel, Work Ethic, GitHub Actions, iOS SDK, Cultural Awareness, Automated Testing, Problem Solving, Apache Solr, Google Sheets, Accountability, Leadership, C, Amazon Neptune",0.187,0.0,0.0337,0.0,1
19396040.pdf,1168783207,,Reps manager,0,6,8,6,0.0,0,0,0,0,,"iOS SDK, Work Ethic, GitHub Actions, Reverse Engineering, Spring Framework, Computer Vision",0.3008,0.0,0.0153,8.0,0
28005884.pdf,3540371917,KeyBank,Enterprise Data & Analytics Infrastructure Manager,0,0,1,0,0.0,0,0,0,0,,,0.3004,0.0,0.0081,60.0,0
10624813.pdf,3196627399,Bellevue Downtown Association,Marketing & Communications – Content Writer Internship,2,11,23,13,0.1538,0,0,2,0,"Reverse Engineering, HTML","iOS SDK, Communication, Work Ethic, Attention to Detail, Apache Solr, Problem Solving, Time Management, Teamwork, Leadership, Collaboration, Amazon Neptune",0.3699,0.0,0.0138,0.0,1
17926546.pdf,2934066464,Dynamic SRG,Fundraising Associate,0,6,9,6,0.0,0,0,0,0,,"iOS SDK, Communication, Work Ethic, Automated Testing, Prioritization, Apache Solr",0.3674,0.3333,0.0155,0.0,0
20566550.pdf,1880409118,Kona Medical Consulting,Board Certified Behavior Analyst,1,6,11,7,0.1429,2,1,1,1,Communication,"iOS SDK, Facilitation, Work Ethic, Apache Solr, Integration Testing, Amazon Neptune",0.1779,0.0,0.0222,20.0,1
28923650.pdf,3383214611,Crisp,Account Executive - Mid-Market,1,12,6,13,0.0769,0,0,1,0,D,"iOS SDK, Communication, Work Ethic, Excel, Make, Automated Testing, Apache Solr, Salesforce, Reverse Engineering, Integration Testing, Teamwork, Amazon Neptune",0.3353,0.0,0.0145,0.0,0
21038022.pdf,3619548798,"Dexterity, Inc.",Senior Mechanical Engineer,1,9,12,10,0.1,0,1,1,0,Leadership,"iOS SDK, Work Ethic, Cultural Awareness, Make, Automated Testing, Technical Writing, Apache Solr, Reverse Engineering, Amazon Neptune",0.3079,0.0,0.0071,20.0,1
28831378.pdf,3578562287,Beat the Streets - Baltimore,Swahili Instructor,1,5,2,6,0.1667,0,0,0,0,Work Ethic,"iOS SDK, Communication, Automated Testing, Apache Ignite, Amazon Neptune",0.3511,0.0,0.0229,0.0,1
24322804.pdf,266566927,Revesco Properties,Marketing & Office Coordinator,0,10,7,10,0.0,0,0,0,0,,"CRI-O, HubSpot, Excel, iOS SDK, Automated Testing, Ownership, Apache Solr, Apache Druid, Adaptability, Amazon Neptune",0.3011,0.0,0.0221,0.0,0
20566550.pdf,1168783207,,Reps manager,0,6,11,6,0.0,0,0,0,1,,"iOS SDK, Work Ethic, GitHub Actions, Reverse Engineering, Spring Framework, Computer Vision",0.3004,0.0,0.0076,8.0,0
20882041.pdf,3586242087,,Director of Sales,2,6,5,8,0.25,0,0,4,0,"Communication, Leadership","iOS SDK, Strategic Thinking, Automated Testing, Negotiation, D, Apache Solr",0.4511,0.0,0.0227,0.0,1
13149176.pdf,2748500131,"City of Germantown, TN",Director of Public Works,0,7,7,7,0.0,0,0,0,0,,"iOS SDK, Work Ethic, Automated Testing, Apache Solr, Negotiation, Accountability, Amazon Neptune",0.3007,0.0,0.0149,0.0,0
25608963.pdf,3555161614,Starup Insurance,User Experience Designer,1,5,9,6,0.1667,0,0,0,0,Communication,"iOS SDK, Work Ethic, Design Thinking, User-Centered Design, Collaboration",0.3508,0.0,0.0156,0.0,1
17926546.pdf,3610591138,Mountain View Eye Center,Ophthalmic Technician,2,7,9,9,0.2222,0,0,1,0,"Leadership, D","CRI-O, iOS SDK, Communication, Work Ethic, Model Deployment, Coaching, Amazon Neptune",0.3837,0.0,0.0076,0.0,1
13149176.pdf,1168783207,,Reps manager,0,6,7,6,0.0,0,0,0,0,,"iOS SDK, Work Ethic, GitHub Actions, Reverse Engineering, Spring Framework, Computer Vision",0.3008,0.0,0.0153,8.0,0
17103000.pdf,3308438674,Consulate General of Israel to New England,Director of Communications and Digital Diplomacy,1,7,4,8,0.125,0,0,1,0,Communication,"iOS SDK, Multi-Factor Authentication, Time Management, Pull Requests, Computer Vision, Creativity, Apache Solr",0.357,0.0,0.0145,0.0,1
21847415.pdf,1143359956,,National Sales Manager,2,6,6,8,0.25,0,0,1,0,"Communication, Make","iOS SDK, Work Ethic, Apache Solr, Integration Testing, Room, Amazon Neptune",0.3949,0.0,0.0224,0.0,1
25797445.pdf,1168783207,,Reps manager,0,6,2,6,0.0,0,0,0,0,,"iOS SDK, Work Ethic, GitHub Actions, Reverse Engineering, Spring Framework, Computer Vision",0.3004,0.0,0.0076,8.0,0
10030015.pdf,3040487795,Lead Lab,Digital Marketing Intern,0,11,1,11,0.0,0,0,0,0,,"iOS SDK, Communication, Work Ethic, Slack, Automated Testing, Ownership, Spring Cloud, Amazon Neptune, Reverse Engineering, Apache Druid, Apache Solr",0.3011,0.0,0.0217,16.0,0
20566550.pdf,3075721793,ASA Architects,Architect/Project Manager,1,5,11,6,0.1667,0,1,1,1,Communication,"iOS SDK, Automated Testing, Azure Synapse Analytics, Amazon Neptune, Apache Solr",0.3386,0.0,0.0222,28.0,1
18753367.pdf,3308438674,Consulate General of Israel to New England,Director of Communications and Digital Diplomacy,1,7,6,8,0.125,0,0,0,0,Communication,"iOS SDK, Multi-Factor Authentication, Time Management, Pull Requests, Computer Vision, Creativity, Apache Solr",0.3382,0.0,0.0145,0.0,0
16911115.pdf,3592392532,Lorenz Motors,Drone-Car Engineer,1,5,7,6,0.1667,0,0,1,0,Communication,"iOS SDK, Work Ethic, Automated Testing, Collaboration, Apache Solr",0.3754,0.0,0.0076,20.0,1
21038022.pdf,3609090859,Mi Familia Vota,Field Director,3,14,12,17,0.1765,3,0,3,0,"Communication, Leadership, C","CRI-O, Conflict Resolution, Excel, Work Ethic, GitHub Actions, iOS SDK, Cultural Awareness, Attention to Detail, Automated Testing, Problem Solving, Apache Solr, Google Sheets, Accountability, Amazon Neptune",0.2301,0.0,0.0135,0.0,1
16911115.pdf,1143359956,,National Sales Manager,2,6,7,8,0.25,0,0,1,0,"Communication, Make","iOS SDK, Work Ethic, Apache Solr, Integration Testing, Room, Amazon Neptune",0.3949,0.0,0.0224,0.0,1
28628090.pdf,844454682,,Commercial Property Manager,1,5,14,6,0.1667,0,0,1,0,Excel,"iOS SDK, Automated Testing, Amazon Neptune, Spring Framework, Apache Solr",0.425,0.25,0.0,8.0,1
12011623.pdf,3251984218,SLS Solutions,SAP BTP,1,1,12,2,0.5,0,0,1,0,SQL,iOS SDK,0.525,0.0,0.0,8.0,1
19396040.pdf,3537193915,DIGS Vacation Rentals.com,Field Operations Specialist,0,7,8,7,0.0,0,0,0,0,,"iOS SDK, Communication, Work Ethic, Cultural Awareness, Apache Solr, Problem Solving, Amazon Neptune",0.3007,0.0,0.0148,0.0,0
14554542.pdf,3520238337,Grant Writing Solutions,Grants Writer - Subcontract,1,4,3,5,0.2,0,0,0,0,Communication,"Apache Solr, iOS SDK, Mentoring, Attention to Detail",0.3604,0.0,0.0077,0.0,0
16911115.pdf,3177010992,ABC Farigua Division,Customer Service Representative,0,6,7,6,0.0,0,0,0,0,,"iOS SDK, Work Ethic, Responsive Design, Reverse Engineering, Mobile Security, Amazon Neptune",0.3008,0.0,0.0152,8.0,0
12748557.pdf,3383214611,Crisp,Account Executive - Mid-Market,0,13,5,13,0.0,0,0,1,0,,"iOS SDK, Communication, Work Ethic, Excel, Make, Automated Testing, Apache Solr, Salesforce, Reverse Engineering, Integration Testing, D, Teamwork, Amazon Neptune",0.3119,0.0,0.0072,0.0,0
16803215.pdf,3478651125,Axalume,Photonics Layout Intern,2,6,9,8,0.25,0,0,0,0,"Communication, Make","iOS SDK, Work Ethic, Python, Informatica PowerCenter, C#, Apache Solr",0.3764,0.0,0.0274,8.0,1
21847415.pdf,2735151240,LT Apparel Group,Intern- Business Analytics,2,6,6,8,0.25,0,0,0,0,"Communication, Excel","Power BI, Tableau, iOS SDK, Work Ethic, Teamwork, Amazon Neptune",0.3758,0.0,0.0153,20.0,1
24647794.pdf,111513530,United Methodists of Greater New Jersey,"Content Writer, Communications",0,6,9,6,0.0,0,0,0,0,,"iOS SDK, Apache Camel, Make, Apache Solr, Collaboration, Amazon Neptune",0.3004,0.0,0.0075,0.0,0
21038022.pdf,2157930553,Brady Insurance Group LLC,Customer Service Representative,1,9,12,10,0.1,0,0,1,0,Communication,"iOS SDK, Work Ethic, Make, Automated Testing, Problem Solving, Apache Solr, Integration Testing, Azure Monitor, Amazon Neptune",0.3457,0.0,0.0146,8.0,1
15139979.pdf,3040487795,Lead Lab,Digital Marketing Intern,1,10,9,11,0.0909,0,0,2,0,Ownership,"iOS SDK, Communication, Work Ethic, Slack, Automated Testing, Apache Solr, Spring Cloud, Reverse Engineering, Apache Druid, Amazon Neptune",0.3549,0.0,0.0072,16.0,0
28762662.pdf,3592392532,Lorenz Motors,Drone-Car Engineer,1,5,18,6,0.1667,0,0,1,0,Communication,"iOS SDK, Work Ethic, Automated Testing, Collaboration, Apache Solr",0.3758,0.0,0.0153,20.0,1
28762662.pdf,2147609712,The Job Network,Med-RN ER,0,8,18,8,0.0,0,0,0,0,,"iOS SDK, Work Ethic, Cultural Awareness, Automated Testing, Critical Thinking, React Native, Azure Monitor, Amazon Neptune",0.3004,0.0,0.0074,16.0,0
21847415.pdf,3555161614,Starup Insurance,User Experience Designer,1,5,6,6,0.1667,0,0,0,0,Communication,"iOS SDK, Work Ethic, Design Thinking, User-Centered Design, Collaboration",0.3508,0.0,0.0156,0.0,1
16803215.pdf,3515274431,Conduit Tech,Customer Success Manager,1,11,9,12,0.0833,0,0,0,0,Communication,"CRI-O, iOS SDK, Excel, Work Ethic, Automated Testing, Ownership, Exploratory Testing, Apache Solr, Reverse Engineering, Integration Testing, Amazon Neptune",0.3262,0.0,0.025,0.0,0
12011623.pdf,2954591060,Naked Wardrobe,Social Media Coordinator,1,3,12,4,0.25,0,0,0,0,Collaboration,"iOS SDK, Communication, Fluent Bit",0.3762,0.0,0.0234,0.0,1
12488356.pdf,266566927,Revesco Properties,Marketing & Office Coordinator,0,10,7,10,0.0,0,0,1,1,,"CRI-O, HubSpot, Excel, iOS SDK, Automated Testing, Ownership, Apache Solr, Apache Druid, Adaptability, Amazon Neptune",0.3154,0.0,0.0072,0.0,0
11981094.pdf,3533320307,NLB Services,Java architect / Lead Java developer,1,4,14,5,0.2,0,0,2,0,REST API,"Automated Testing, TypeScript, React, Java",0.4204,0.0,0.0078,80.0,1
28320387.pdf,3018278978,Aston Carter,Seasonal Office Administrator,0,5,5,5,0.0,0,0,0,0,,"iOS SDK, Work Ethic, Automated Testing, Amazon Neptune, Apache Solr",0.3,0.0,0.0,0.0,0
15601399.pdf,3551631423,Miracles for Kids,Community Program Assistant,1,8,1,9,0.1111,0,0,0,0,Communication,"iOS SDK, Excel, Work Ethic, Cultural Awareness, Automated Testing, Teamwork, Move, Apache Solr",0.3337,0.0,0.0074,0.0,0
26456899.pdf,3045980831,Armstrong Builders LLC,Project Engineer,1,3,10,4,0.25,0,0,0,0,Communication,"Automated Testing, Mobile Security, Attention to Detail",0.3771,0.0,0.0429,28.0,1
17043822.pdf,3431736996,Marquee Event Rentals,Client Service Representative,0,8,11,8,0.0,0,0,0,0,,"iOS SDK, Azure Resource Manager, Attention to Detail, Automated Testing, Apache Solr, Integration Testing, Room, Amazon Neptune",0.3,0.0,0.0,8.0,0
13264796.pdf,3586242087,,Director of Sales,1,7,11,8,0.125,0,0,2,0,Communication,"iOS SDK, Strategic Thinking, Automated Testing, Negotiation, D, Leadership, Apache Solr",0.4424,0.3333,0.015,0.0,1
19612167.pdf,3383214611,Crisp,Account Executive - Mid-Market,2,11,4,13,0.1538,0,0,4,0,"Communication, Excel","iOS SDK, Work Ethic, Make, Automated Testing, Apache Solr, Salesforce, Reverse Engineering, Integration Testing, D, Teamwork, Amazon Neptune",0.3934,0.0,0.0219,0.0,1
12748557.pdf,3586242087,,Director of Sales,1,7,5,8,0.125,0,0,2,0,Leadership,"iOS SDK, Communication, Strategic Thinking, Automated Testing, Negotiation, D, Apache Solr",0.3754,0.0,0.0075,0.0,1
16803215.pdf,3245063922,Saxon AI,Data Architect,0,5,9,5,0.0,0,0,0,0,,"Cultural Awareness, Amazon Web Services, Apache Spark, Python, SQL",0.3,0.0,0.0,64.0,0
28078163.pdf,3515274431,Conduit Tech,Customer Success Manager,1,11,14,12,0.0833,0,0,0,0,Communication,"CRI-O, iOS SDK, Excel, Work Ethic, Automated Testing, Ownership, Exploratory Testing, Apache Solr, Reverse Engineering, Integration Testing, Amazon Neptune",0.3657,0.2,0.0145,0.0,0
20882041.pdf,111513530,United Methodists of Greater New Jersey,"Content Writer, Communications",0,6,5,6,0.0,0,0,0,0,,"iOS SDK, Apache Camel, Make, Apache Solr, Collaboration, Amazon Neptune",0.3004,0.0,0.0075,0.0,0
28320387.pdf,1143359956,,National Sales Manager,2,6,5,8,0.25,0,0,1,0,"Communication, Make","iOS SDK, Work Ethic, Apache Solr, Integration Testing, Room, Amazon Neptune",0.3945,0.0,0.0148,0.0,1
15941675.pdf,2796728000,"Thorpe Design, Inc.",Fire Sprinkler Designer,1,6,5,7,0.1429,0,0,0,0,Communication,"iOS SDK, Work Ethic, Cultural Awareness, Attention to Detail, Apache Solr, Amazon Neptune",0.3432,0.0,0.0075,0.0,0
12472574.pdf,368586246,STL Fertility,Embryologist,2,3,21,5,0.4,0,3,1,2,"Automated Testing, Integration Testing","CompTIA A+, Excel, Apache Solr",0.3008,0.0,0.0156,0.0,0
28762662.pdf,3260455681,Weyerhaeuser,Operations Specialist,3,13,18,16,0.1875,0,0,2,0,"Communication, Mentoring, Make","Conflict Resolution, iOS SDK, Excel, Work Ethic, Sentence Transformers, Apache Solr, Reverse Engineering, Mobile Security, Vector Embeddings, Time Management, Leadership, Decision Making, Amazon Neptune",0.3757,0.0,0.0135,8.0,1
25797445.pdf,3533320307,NLB Services,Java architect / Lead Java developer,0,5,2,5,0.0,0,0,0,0,,"Automated Testing, REST API, React, TypeScript, Java",0.3004,0.0,0.0078,80.0,0
21847415.pdf,3547664337,Polyram Plastic Industries Ltd,Brand Representative,1,6,6,7,0.1429,0,0,0,0,Excel,"iOS SDK, Apache Solr, Extreme Programming, Negotiation, Collaboration, Amazon Neptune",0.3432,0.0,0.0076,0.0,0
28078163.pdf,56924323,,Structural Engineer,0,5,14,5,0.0,0,0,0,0,,"iOS SDK, Excel, Automated Testing, Retrofit, Amazon Neptune",0.3004,0.0,0.0078,20.0,0
12748557.pdf,3366698309,Webologix Ltd/ INC,Anaplan Developer,0,6,5,6,0.0,0,0,0,0,,"Communication, Work Ethic, Excel, Apache Solr, Agile, Amazon Neptune",0.3004,0.0,0.0076,28.0,0
25608963.pdf,3609090859,Mi Familia Vota,Field Director,4,13,9,17,0.2353,3,0,2,0,"Communication, Excel, Leadership, C","CRI-O, Conflict Resolution, iOS SDK, Work Ethic, GitHub Actions, Cultural Awareness, Attention to Detail, Automated Testing, Problem Solving, Apache Solr, Google Sheets, Accountability, Amazon Neptune",0.2393,0.0,0.0204,0.0,1
11981094.pdf,2796728000,"Thorpe Design, Inc.",Fire Sprinkler Designer,1,6,14,7,0.1429,0,0,1,0,Communication,"iOS SDK, Work Ethic, Cultural Awareness, Attention to Detail, Apache Solr, Amazon Neptune",0.3647,0.0,0.0075,0.0,1
24647794.pdf,103254301,Raw Cereal,Producer,0,4,9,4,0.0,0,0,0,0,,"Reverse Engineering, iOS SDK, Apache Ignite, Work Ethic",0.3004,0.0,0.0079,0.0,0
18753367.pdf,266566927,Revesco Properties,Marketing & Office Coordinator,0,10,6,10,0.0,0,0,0,0,,"CRI-O, HubSpot, Excel, iOS SDK, Automated Testing, Ownership, Apache Solr, Apache Druid, Adaptability, Amazon Neptune",0.3007,0.0,0.0146,0.0,0
21298336.pdf,3537193915,DIGS Vacation Rentals.com,Field Operations Specialist,0,7,3,7,0.0,0,0,0,0,,"iOS SDK, Communication, Work Ethic, Cultural Awareness, Apache Solr, Problem Solving, Amazon Neptune",0.3017,0.0,0.0339,0.0,0
28831378.pdf,3379554375,Nebraska Public Media,Finishing Editor,0,8,2,8,0.0,0,0,0,0,,"CRI-O, iOS SDK, Privileged Access Management, Automated Testing, Make, Problem Solving, Composer, Apache Solr",0.3007,0.0,0.0147,0.0,0
24647794.pdf,3515274431,Conduit Tech,Customer Success Manager,1,11,9,12,0.0833,0,0,1,0,Communication,"CRI-O, iOS SDK, Excel, Work Ethic, Automated Testing, Ownership, Exploratory Testing, Apache Solr, Reverse Engineering, Integration Testing, Amazon Neptune",0.3386,0.0,0.0219,0.0,0
28320387.pdf,3219089287,,Recruitment Manager,1,2,5,3,0.3333,0,0,1,0,Leadership,"Automated Testing, Apache Solr",0.4504,0.0,0.0079,0.0,1
15858254.pdf,3537193915,DIGS Vacation Rentals.com,Field Operations Specialist,1,6,5,7,0.1429,0,0,0,0,Communication,"iOS SDK, Work Ethic, Cultural Awareness, Apache Solr, Problem Solving, Amazon Neptune",0.3442,0.0,0.027,0.0,1
28628090.pdf,2826285517,Butler University,"Assistant Director of Admission, Midwest Regional Representative",3,10,14,13,0.2308,0,0,3,0,"Communication, Leadership, Make","iOS SDK, Work Ethic, Sentence Transformers, Automated Testing, Attention to Detail, Apache Solr, HIPAA Security, Presentation Skills, Teamwork, Amazon Neptune",0.4042,0.0,0.0068,8.0,1
19553067.pdf,3515274431,Conduit Tech,Customer Success Manager,1,11,3,12,0.0833,0,0,1,0,Excel,"CRI-O, iOS SDK, Communication, Work Ethic, Automated Testing, Ownership, Exploratory Testing, Apache Solr, Reverse Engineering, Integration Testing, Amazon Neptune",0.3382,0.0,0.0145,0.0,0
10030015.pdf,3177010992,ABC Farigua Division,Customer Service Representative,0,6,1,6,0.0,0,0,0,0,,"iOS SDK, Work Ethic, Responsive Design, Reverse Engineering, Mobile Security, Amazon Neptune",0.3012,0.0,0.0233,8.0,0
10219099.pdf,2269442456,navXcom,Computer Scientist,1,2,5,3,0.3333,0,0,0,0,Communication,"Work Ethic, Amazon Neptune",0.4005,0.0,0.0099,20.0,0
25608963.pdf,3260455681,Weyerhaeuser,Operations Specialist,4,12,9,16,0.25,0,0,1,0,"Communication, Excel, Leadership, Decision Making","Conflict Resolution, iOS SDK, Work Ethic, Sentence Transformers, Make, Apache Solr, Reverse Engineering, Mobile Security, Mentoring, Vector Embeddings, Time Management, Amazon Neptune",0.3857,0.0,0.0274,8.0,1
27756469.pdf,3609090859,Mi Familia Vota,Field Director,4,13,10,17,0.2353,0,0,1,0,"Problem Solving, Excel, Leadership, Attention to Detail","CRI-O, Conflict Resolution, Communication, Work Ethic, GitHub Actions, iOS SDK, Cultural Awareness, Automated Testing, Apache Solr, Google Sheets, Accountability, C, Amazon Neptune",0.3808,0.0,0.0274,0.0,1
19397727.pdf,3383214611,Crisp,Account Executive - Mid-Market,2,11,5,13,0.1538,0,0,0,0,"Communication, D","iOS SDK, Excel, Work Ethic, Make, Automated Testing, Apache Solr, Salesforce, Reverse Engineering, Integration Testing, Teamwork, Amazon Neptune",0.3477,0.0,0.0316,0.0,1
28831378.pdf,3018278978,Aston Carter,Seasonal Office Administrator,1,4,2,5,0.2,0,0,0,0,Work Ethic,"Automated Testing, iOS SDK, Apache Solr, Amazon Neptune",0.3604,0.0,0.0076,0.0,0
22605864.pdf,3297645846,"Navajo Transitional Energy Company, LLC",Contract Administrator,1,8,6,9,0.1111,0,0,0,0,Excel,"Power BI, iOS SDK, Communication, Attention to Detail, Automated Testing, Apache Solr, Move, Amazon Neptune",0.3341,0.0,0.0146,0.0,0
18753367.pdf,3537193915,DIGS Vacation Rentals.com,Field Operations Specialist,1,6,6,7,0.1429,0,0,0,0,Communication,"iOS SDK, Work Ethic, Cultural Awareness, Apache Solr, Problem Solving, Amazon Neptune",0.3436,0.0,0.0148,0.0,0
21847415.pdf,3515274431,Conduit Tech,Customer Success Manager,2,10,6,12,0.1667,0,0,0,0,"Communication, Excel","CRI-O, iOS SDK, Work Ethic, Ownership, Automated Testing, Exploratory Testing, Apache Solr, Reverse Engineering, Integration Testing, Amazon Neptune",0.3511,0.0,0.0219,0.0,1
21038022.pdf,3586242087,,Director of Sales,2,6,12,8,0.25,0,0,2,0,"Communication, Leadership","iOS SDK, Strategic Thinking, Automated Testing, Negotiation, D, Apache Solr",0.4133,0.0,0.015,0.0,1
19397727.pdf,3592392532,Lorenz Motors,Drone-Car Engineer,1,5,5,6,0.1667,0,0,0,0,Communication,"iOS SDK, Work Ethic, Automated Testing, Collaboration, Apache Solr",0.3517,0.0,0.0341,20.0,1
28628090.pdf,1880409118,Kona Medical Consulting,Board Certified Behavior Analyst,1,6,14,7,0.1429,0,0,1,0,Communication,"iOS SDK, Facilitation, Work Ethic, Apache Solr, Integration Testing, Amazon Neptune",0.3647,0.0,0.0073,20.0,1
23438227.pdf,111513530,United Methodists of Greater New Jersey,"Content Writer, Communications",0,6,4,6,0.0,0,0,1,0,,"iOS SDK, Apache Camel, Make, Apache Solr, Collaboration, Amazon Neptune",0.3254,0.0,0.0075,0.0,0
15941675.pdf,3551631423,Miracles for Kids,Community Program Assistant,1,8,5,9,0.1111,0,0,0,0,Communication,"iOS SDK, Excel, Work Ethic, Cultural Awareness, Automated Testing, Teamwork, Move, Apache Solr",0.3337,0.0,0.0074,0.0,0
17488801.pdf,103254301,Raw Cereal,Producer,0,4,4,4,0.0,0,0,0,0,,"Reverse Engineering, iOS SDK, Apache Ignite, Work Ethic",0.3004,0.0,0.0079,0.0,0
26456899.pdf,445337908,Food Bank of Alaska,Chief Operating Officer,0,7,10,7,0.0,0,0,0,0,,"iOS SDK, Make, Automated Testing, D, Apache Druid, Leadership, Amazon Neptune",0.3007,0.0,0.0133,0.0,0
25919149.pdf,2234533717,Ideando Inc,Full Stack Engineer,2,24,6,26,0.0769,0,0,0,0,"Problem Solving, Make","Apache Ignite, Amazon Web Services, Express.js, Apache Solr, Responsive Design, Attention to Detail, Product Management, Microsoft Azure, Agile, Collaboration, iOS SDK, Communication, MongoDB, Mentoring, Core Data, Quality Assurance, Work Ethic, JavaScript, Automated Testing, Google Cloud Platform, PostgreSQL, React, Python, TypeScript",0.3247,0.0,0.0326,84.0,0
15858254.pdf,3379554375,Nebraska Public Media,Finishing Editor,0,8,5,8,0.0,0,0,0,0,,"CRI-O, iOS SDK, Privileged Access Management, Automated Testing, Make, Problem Solving, Composer, Apache Solr",0.3013,0.0,0.0267,0.0,0
11890896.pdf,3619548798,"Dexterity, Inc.",Senior Mechanical Engineer,1,9,6,10,0.1,0,0,1,0,Leadership,"iOS SDK, Work Ethic, Cultural Awareness, Make, Automated Testing, Technical Writing, Apache Solr, Reverse Engineering, Amazon Neptune",0.3857,0.2,0.0143,20.0,1
19612167.pdf,2157930553,Brady Insurance Group LLC,Customer Service Representative,1,9,4,10,0.1,0,0,2,0,Communication,"iOS SDK, Work Ethic, Make, Automated Testing, Problem Solving, Apache Solr, Integration Testing, Azure Monitor, Amazon Neptune",0.3607,0.0,0.0146,8.0,1
17103000.pdf,2372177891,iWealth,Client Service Associate,0,5,4,5,0.0,0,0,0,0,,"CRI-O, Automated Testing, Integration Testing, Room, Apache Solr",0.3,0.0,0.0,0.0,0
25919149.pdf,95428182,CLEVELAND KIDS BOOK BANK,Administrative Coordinator,1,11,6,12,0.0833,0,0,0,0,Make,"iOS SDK, Communication, Work Ethic, Attention to Detail, Automated Testing, Apache Solr, Azure Monitor, Time Management, Collaboration, Creativity, Amazon Neptune",0.3264,0.0,0.0278,8.0,0
17926546.pdf,3547664337,Polyram Plastic Industries Ltd,Brand Representative,1,6,9,7,0.1429,0,0,0,0,Excel,"iOS SDK, Apache Solr, Extreme Programming, Negotiation, Collaboration, Amazon Neptune",0.3432,0.0,0.0076,0.0,0
26456899.pdf,2147609929,The Job Network,Production Planner,2,9,10,11,0.1818,2,1,0,0,"Excel, C","iOS SDK, Work Ethic, Make, Automated Testing, Apache Solr, IBM Db2, Mobile Security, Leadership, Amazon Neptune",0.1701,0.0,0.0617,8.0,1
28631840.pdf,3586242087,,Director of Sales,1,7,2,8,0.125,0,0,1,0,Leadership,"iOS SDK, Communication, Strategic Thinking, Automated Testing, Negotiation, D, Apache Solr",0.3576,0.0,0.0263,0.0,1
25797445.pdf,1573178251,,Social Media Coordinator,0,5,2,5,0.0,0,0,0,0,,"Work Ethic, Automated Testing, Reverse Engineering, Computer Vision, Apache Solr",0.3008,0.0,0.0154,0.0,0
24322804.pdf,3609090859,Mi Familia Vota,Field Director,4,13,7,17,0.2353,3,0,0,0,"Problem Solving, Communication, Leadership, C","CRI-O, Conflict Resolution, Excel, Work Ethic, GitHub Actions, iOS SDK, Cultural Awareness, Attention to Detail, Automated Testing, Apache Solr, Google Sheets, Accountability, Amazon Neptune",0.2227,0.0,0.0417,0.0,1
15858254.pdf,368586246,STL Fertility,Embryologist,0,5,5,5,0.0,0,0,0,0,,"CompTIA A+, Excel, Automated Testing, Integration Testing, Apache Solr",0.3007,0.0,0.0147,0.0,0
25797445.pdf,266566927,Revesco Properties,Marketing & Office Coordinator,1,9,2,10,0.1,0,0,0,0,Excel,"CRI-O, HubSpot, iOS SDK, Ownership, Automated Testing, Apache Solr, Apache Druid, Adaptability, Amazon Neptune",0.3311,0.0,0.0221,0.0,1
17108676.pdf,3177010992,ABC Farigua Division,Customer Service Representative,0,6,5,6,0.0,0,0,0,0,,"iOS SDK, Work Ethic, Responsive Design, Reverse Engineering, Mobile Security, Amazon Neptune",0.3015,0.0,0.0308,8.0,0
28078163.pdf,3592392532,Lorenz Motors,Drone-Car Engineer,1,5,14,6,0.1667,0,0,0,0,Communication,"iOS SDK, Work Ethic, Automated Testing, Collaboration, Apache Solr",0.3508,0.0,0.0153,20.0,1
22605864.pdf,3127577086,Avero Diagnostics,Histologist - HT,3,21,6,24,0.125,0,0,1,0,"Excel, Collaboration, Windows","Facilitation, Negotiation, Time Management, Leadership, Qt Creator, Apache Solr, Conflict Resolution, Attention to Detail, Problem Solving, Room, iOS SDK, Communication, Apache Pinot, Mobile Security, Visual Studio, Quality Assurance, Work Ethic, Automated Testing, HTML, Integration Testing, Amazon Neptune",0.3447,0.0,0.0194,8.0,1
12488356.pdf,56924323,,Structural Engineer,0,5,7,5,0.0,0,0,1,1,,"iOS SDK, Excel, Automated Testing, Retrofit, Amazon Neptune",0.33,0.0,0.0,20.0,0
12748557.pdf,2735151240,LT Apparel Group,Intern- Business Analytics,0,8,5,8,0.0,0,0,0,0,,"Power BI, Tableau, Communication, Work Ethic, Excel, iOS SDK, Teamwork, Amazon Neptune",0.3004,0.0,0.0076,20.0,0
15941675.pdf,3520238337,Grant Writing Solutions,Grants Writer - Subcontract,1,4,5,5,0.2,0,0,0,0,Communication,"Apache Solr, iOS SDK, Mentoring, Attention to Detail",0.3604,0.0,0.0077,0.0,0
19397727.pdf,2157930553,Brady Insurance Group LLC,Customer Service Representative,1,9,5,10,0.1,0,0,0,0,Communication,"iOS SDK, Work Ethic, Make, Automated Testing, Problem Solving, Apache Solr, Integration Testing, Azure Monitor, Amazon Neptune",0.3316,0.0,0.0319,8.0,1
27756469.pdf,3383214611,Crisp,Account Executive - Mid-Market,2,11,10,13,0.1538,0,0,1,0,"Excel, D","iOS SDK, Communication, Work Ethic, Make, Automated Testing, Apache Solr, Salesforce, Reverse Engineering, Integration Testing, Teamwork, Amazon Neptune",0.3584,0.0,0.0145,0.0,1
10624813.pdf,2372177891,iWealth,Client Service Associate,1,4,23,5,0.2,0,0,1,0,Integration Testing,"CRI-O, Automated Testing, Room, Apache Solr",0.39,0.0,0.0,0.0,1
11890896.pdf,3184403524,San José Clinic,Events & Communications Assistant,2,12,6,14,0.1429,0,0,4,0,"Creativity, C","iOS SDK, Communication, Excel, Automated Testing, Apache Solr, D, Schema Registry, Time Management, Quality Assurance, Pull Requests, Go, Amazon Neptune",0.3868,0.0,0.0214,0.0,1
21298336.pdf,3379554375,Nebraska Public Media,Finishing Editor,0,8,3,8,0.0,0,0,0,0,,"CRI-O, iOS SDK, Privileged Access Management, Automated Testing, Make, Problem Solving, Composer, Apache Solr",0.3008,0.0,0.0164,0.0,0
10624813.pdf,2147609785,The Job Network,FP&A Analyst,3,16,23,19,0.1579,3,0,3,0,"Reverse Engineering, SQL, KPIs","Power BI, Tableau, Excel, iOS SDK, Work Ethic, Attention to Detail, Cross-Functional Collaboration, Make, Automated Testing, Presentation Skills, Amazon Neptune, Vector Embeddings, Apache Druid, Leadership, Collaboration, Apache Solr",0.2217,0.0,0.0135,28.0,1
13149176.pdf,3177010992,ABC Farigua Division,Customer Service Representative,0,6,7,6,0.0,0,0,0,0,,"iOS SDK, Work Ethic, Responsive Design, Reverse Engineering, Mobile Security, Amazon Neptune",0.3008,0.0,0.0152,8.0,0
28628090.pdf,3610596223,,Commercial Auto Underwriter Assistant,3,6,14,9,0.3333,0,0,4,0,"Communication, Excel, Make","iOS SDK, Work Ethic, Apache Solr, Teamwork, C, Amazon Neptune",0.467,0.0,0.0074,0.0,1
17488801.pdf,2934066464,Dynamic SRG,Fundraising Associate,1,5,4,6,0.1667,0,0,0,0,Communication,"iOS SDK, Work Ethic, Automated Testing, Prioritization, Apache Solr",0.3504,0.0,0.0077,0.0,0
21038022.pdf,3582587683,McNaughton Bros. Inc.,Accounts Analyst,1,5,12,6,0.1667,0,0,0,0,Communication,"iOS SDK, Work Ethic, Automated Testing, Amazon Neptune, Apache Solr",0.3508,0.0,0.0152,20.0,1
19397727.pdf,133130219,,Software Engineer,0,0,5,0,0.0,0,0,0,0,,,0.3006,0.0,0.0123,40.0,0
16803215.pdf,3018278978,Aston Carter,Seasonal Office Administrator,0,5,9,5,0.0,0,0,0,0,,"iOS SDK, Work Ethic, Automated Testing, Amazon Neptune, Apache Solr",0.3,0.0,0.0,0.0,0
19397727.pdf,2826285517,Butler University,"Assistant Director of Admission, Midwest Regional Representative",2,11,5,13,0.1538,1,0,0,0,"Communication, Attention to Detail","iOS SDK, Work Ethic, Sentence Transformers, Automated Testing, Make, Apache Solr, HIPAA Security, Presentation Skills, Teamwork, Leadership, Amazon Neptune",0.1986,0.0,0.049,8.0,1
26834746.pdf,2147609835,The Job Network,Trade Review Principal,1,8,4,9,0.1111,0,0,1,0,Ownership,"iOS SDK, Work Ethic, Make, Automated Testing, Apache Solr, Reverse Engineering, Vector Embeddings, Amazon Neptune",0.3504,0.0,0.0073,0.0,1
17926546.pdf,3537193915,DIGS Vacation Rentals.com,Field Operations Specialist,1,6,9,7,0.1429,0,0,0,0,Problem Solving,"iOS SDK, Communication, Work Ethic, Cultural Awareness, Apache Solr, Amazon Neptune",0.3436,0.0,0.0148,0.0,0
25608963.pdf,3551631423,Miracles for Kids,Community Program Assistant,2,7,9,9,0.2222,0,0,1,0,"Communication, Excel","iOS SDK, Work Ethic, Cultural Awareness, Automated Testing, Teamwork, Move, Apache Solr",0.3841,0.0,0.0149,0.0,1
15941675.pdf,111513530,United Methodists of Greater New Jersey,"Content Writer, Communications",0,6,5,6,0.0,0,0,0,0,,"iOS SDK, Apache Camel, Make, Apache Solr, Collaboration, Amazon Neptune",0.3008,0.0,0.0152,0.0,0
27756469.pdf,3075721793,ASA Architects,Architect/Project Manager,0,6,10,6,0.0,0,0,0,0,,"iOS SDK, Communication, Automated Testing, Apache Solr, Azure Synapse Analytics, Amazon Neptune",0.3011,0.0,0.0222,28.0,0
19397727.pdf,3018278978,Aston Carter,Seasonal Office Administrator,0,5,5,5,0.0,0,0,0,0,,"iOS SDK, Work Ethic, Automated Testing, Amazon Neptune, Apache Solr",0.3006,0.0,0.0112,0.0,0
20882041.pdf,2147609835,The Job Network,Trade Review Principal,1,8,5,9,0.1111,0,0,0,0,Ownership,"iOS SDK, Work Ethic, Make, Automated Testing, Apache Solr, Reverse Engineering, Vector Embeddings, Amazon Neptune",0.3337,0.0,0.0073,0.0,0
14554542.pdf,3555161614,Starup Insurance,User Experience Designer,1,5,3,6,0.1667,0,0,0,0,Communication,"iOS SDK, Work Ethic, Design Thinking, User-Centered Design, Collaboration",0.3508,0.0,0.0156,0.0,1
17043822.pdf,2934066464,Dynamic SRG,Fundraising Associate,1,5,11,6,0.1667,0,0,1,0,Communication,"iOS SDK, Work Ethic, Automated Testing, Prioritization, Apache Solr",0.3754,0.0,0.0077,0.0,1
12488356.pdf,3547664337,Polyram Plastic Industries Ltd,Brand Representative,0,7,7,7,0.0,0,0,1,1,,"iOS SDK, Excel, Apache Solr, Extreme Programming, Negotiation, Collaboration, Amazon Neptune",0.3214,0.0,0.0,0.0,0
20566550.pdf,3592392532,Lorenz Motors,Drone-Car Engineer,1,5,11,6,0.1667,0,0,1,1,Communication,"iOS SDK, Work Ethic, Automated Testing, Collaboration, Apache Solr",0.3762,0.0,0.0231,20.0,1
19397727.pdf,3363439517,White Bottle Inc.,Sanitation Supervisor,2,9,5,11,0.1818,3,0,0,0,"Communication, Attention to Detail","iOS SDK, Work Ethic, Automated Testing, Bottle, Problem Solving, Apache Solr, Mobile Security, Integration Testing, Amazon Neptune",0.2071,0.0,0.0515,8.0,1
15139979.pdf,3610591138,Mountain View Eye Center,Ophthalmic Technician,1,8,9,9,0.1111,0,0,3,0,Leadership,"CRI-O, iOS SDK, Communication, Work Ethic, D, Model Deployment, Coaching, Amazon Neptune",0.3833,0.0,0.0,0.0,1
15941675.pdf,3466187886,Landscape Management Group,Owner,1,8,5,9,0.1111,0,0,0,0,Communication,"iOS SDK, Work Ethic, Automated Testing, Key Management, Integration Testing, Collaboration, Creativity, Amazon Neptune",0.3341,0.0,0.0152,0.0,1
15601399.pdf,3592392532,Lorenz Motors,Drone-Car Engineer,1,5,1,6,0.1667,0,0,0,0,Communication,"iOS SDK, Work Ethic, Automated Testing, Collaboration, Apache Solr",0.3508,0.0,0.0153,20.0,1
12488356.pdf,3520238337,Grant Writing Solutions,Grants Writer - Subcontract,1,4,7,5,0.2,0,0,1,1,Mentoring,"Apache Solr, iOS SDK, Communication, Attention to Detail",0.39,0.0,0.0,0.0,1
15601399.pdf,3586242087,,Director of Sales,1,7,1,8,0.125,0,0,1,0,Communication,"iOS SDK, Strategic Thinking, Automated Testing, Negotiation, D, Leadership, Apache Solr",0.357,0.0,0.015,0.0,1
18753367.pdf,445337908,Food Bank of Alaska,Chief Operating Officer,2,5,6,7,0.2857,0,0,2,0,"Leadership, Make","iOS SDK, Automated Testing, D, Apache Druid, Amazon Neptune",0.429,0.0,0.0076,0.0,1
17043822.pdf,3383214611,Crisp,Account Executive - Mid-Market,2,11,11,13,0.1538,0,0,3,0,"Communication, Excel","iOS SDK, Work Ethic, Make, Automated Testing, Apache Solr, Salesforce, Reverse Engineering, Integration Testing, D, Teamwork, Amazon Neptune",0.3815,0.0,0.0145,0.0,1
26834746.pdf,2195921577,,Associate Planner,2,11,4,13,0.1538,0,0,3,0,"Communication, Leadership","iOS SDK, Excel, Work Ethic, Strategic Thinking, Automated Testing, Problem Solving, Apache Solr, Mobile Security, Teamwork, Move, Amazon Neptune",0.3811,0.0,0.007,8.0,1
23497307.pdf,3251984218,SLS Solutions,SAP BTP,0,2,6,2,0.0,0,0,0,0,,"iOS SDK, SQL",0.3,0.0,0.0,8.0,0
20566550.pdf,3480552482,Women choice,Summer Intern for Women International Company,2,5,11,7,0.2857,0,0,2,1,"Communication, C","iOS SDK, Make, Amazon Neptune, Leadership, Apache Solr",0.4697,0.2,0.0229,0.0,1
22890839.pdf,103254301,Raw Cereal,Producer,0,4,14,4,0.0,0,0,0,1,,"Reverse Engineering, iOS SDK, Apache Ignite, Work Ethic",0.3004,0.0,0.0079,0.0,0
25797445.pdf,95428182,CLEVELAND KIDS BOOK BANK,Administrative Coordinator,1,11,2,12,0.0833,0,0,0,0,Communication,"iOS SDK, Work Ethic, Attention to Detail, Automated Testing, Make, Amazon Neptune, Azure Monitor, Time Management, Collaboration, Creativity, Apache Solr",0.3261,0.0,0.0214,8.0,0
25797445.pdf,3040487795,Lead Lab,Digital Marketing Intern,1,10,2,11,0.0909,0,0,0,0,Communication,"iOS SDK, Work Ethic, Slack, Automated Testing, Ownership, Spring Cloud, Apache Solr, Reverse Engineering, Apache Druid, Amazon Neptune",0.3284,0.0,0.0219,16.0,0
21038022.pdf,103254301,Raw Cereal,Producer,0,4,12,4,0.0,0,0,0,0,,"Reverse Engineering, iOS SDK, Apache Ignite, Work Ethic",0.3004,0.0,0.0079,0.0,0
18753367.pdf,3619548798,"Dexterity, Inc.",Senior Mechanical Engineer,2,8,6,10,0.2,0,1,1,0,"Leadership, Make","iOS SDK, Work Ethic, Technical Writing, Cultural Awareness, Automated Testing, Apache Solr, Reverse Engineering, Amazon Neptune",0.3389,0.0,0.029,20.0,1
12472574.pdf,2790549389,Rogue Ales & Spirits,National Sales Manager,6,7,21,13,0.4615,8,0,1,2,"Communication, Make, Automated Testing, Integration Testing, Leadership, Go","iOS SDK, Work Ethic, Apache Solr, Reverse Engineering, Collaboration, Move, Amazon Neptune",0.3018,0.0,0.0368,0.0,0
28320387.pdf,3184403524,San José Clinic,Events & Communications Assistant,1,13,5,14,0.0714,0,0,4,0,Communication,"iOS SDK, Excel, Creativity, Automated Testing, Apache Solr, D, Schema Registry, Time Management, Quality Assurance, C, Pull Requests, Go, Amazon Neptune",0.3657,0.0,0.0288,0.0,0
19553067.pdf,2195921577,,Associate Planner,2,11,3,13,0.1538,2,0,2,0,"Problem Solving, Excel","iOS SDK, Communication, Work Ethic, Strategic Thinking, Automated Testing, Apache Solr, Mobile Security, Teamwork, Leadership, Move, Amazon Neptune",0.2199,0.0,0.0142,8.0,1
24647794.pdf,2914254129,Eastern Indiana Works,Director of Operations,2,7,9,9,0.2222,2,0,3,0,"Communication, D","iOS SDK, Facilitation, Apache Solr, Problem Solving, Time Management, Move, Amazon Neptune",0.267,0.0,0.0074,0.0,1
26834746.pdf,103254301,Raw Cereal,Producer,0,4,4,4,0.0,0,0,0,0,,"Reverse Engineering, iOS SDK, Apache Ignite, Work Ethic",0.3004,0.0,0.0079,0.0,0
13264796.pdf,3550388220,TECHEAD,Inbound Call Center Specialist,3,7,11,10,0.3,25,0,3,0,"Product Management, Less, Communication","iOS SDK, Work Ethic, Make, Automated Testing, HIPAA Security, Azure Monitor, Apache Solr",0.3104,0.0,0.007,16.0,0
17488801.pdf,3211657373,AB Underground,Heavy Equipment Operator,0,7,4,7,0.0,0,0,0,0,,"iOS SDK, Work Ethic, Make, Apache Solr, Move, Room, Amazon Neptune",0.3004,0.0,0.0076,0.0,0
13149176.pdf,3586242087,,Director of Sales,1,7,7,8,0.125,0,0,1,0,D,"iOS SDK, Communication, Strategic Thinking, Automated Testing, Negotiation, Leadership, Apache Solr",0.357,0.0,0.015,0.0,1
24322804.pdf,3582587683,McNaughton Bros. Inc.,Accounts Analyst,1,5,7,6,0.1667,0,0,0,0,Communication,"iOS SDK, Work Ethic, Automated Testing, Amazon Neptune, Apache Solr",0.3515,0.0,0.0308,20.0,1
28078163.pdf,95428182,CLEVELAND KIDS BOOK BANK,Administrative Coordinator,1,11,14,12,0.0833,0,0,0,0,Communication,"iOS SDK, Work Ethic, Make, Automated Testing, Attention to Detail, Apache Solr, Azure Monitor, Time Management, Collaboration, Creativity, Amazon Neptune",0.3254,0.0,0.007,8.0,0
28762662.pdf,3040487795,Lead Lab,Digital Marketing Intern,1,10,18,11,0.0909,0,0,1,0,Communication,"iOS SDK, Work Ethic, Slack, Automated Testing, Ownership, Spring Cloud, Apache Solr, Reverse Engineering, Apache Druid, Amazon Neptune",0.3416,0.0,0.0145,16.0,0
28078163.pdf,3322949022,Kenai Capital Advisors,"Director, Investment Sales",1,8,14,9,0.1111,0,0,0,0,Communication,"iOS SDK, Excel, Work Ethic, Azure Resource Manager, Automated Testing, Apache Solr, Negotiation, Amazon Neptune",0.3337,0.0,0.0071,8.0,0
21038022.pdf,1880409118,Kona Medical Consulting,Board Certified Behavior Analyst,1,6,12,7,0.1429,2,1,0,0,Communication,"iOS SDK, Facilitation, Work Ethic, Apache Solr, Integration Testing, Amazon Neptune",0.1565,0.0,0.0222,20.0,1
28762662.pdf,2954591060,Naked Wardrobe,Social Media Coordinator,1,3,18,4,0.25,0,0,1,0,Communication,"iOS SDK, Fluent Bit, Collaboration",0.4129,0.0,0.0077,0.0,1
27152464.pdf,3533320307,NLB Services,Java architect / Lead Java developer,0,5,37,5,0.0,0,0,0,2,,"Automated Testing, REST API, React, TypeScript, Java",0.3,0.0,0.0,80.0,0
15858254.pdf,3322949022,Kenai Capital Advisors,"Director, Investment Sales",1,8,5,9,0.1111,0,1,0,0,Communication,"iOS SDK, Excel, Work Ethic, Azure Resource Manager, Automated Testing, Apache Solr, Negotiation, Amazon Neptune",0.2971,0.0,0.0256,8.0,1
19397727.pdf,3547664337,Polyram Plastic Industries Ltd,Brand Representative,0,7,5,7,0.0,0,0,0,0,,"iOS SDK, Excel, Apache Solr, Extreme Programming, Negotiation, Collaboration, Amazon Neptune",0.3,0.0,0.0,0.0,0
20882041.pdf,56924323,,Structural Engineer,1,4,5,5,0.2,0,0,1,0,Excel,"Automated Testing, iOS SDK, Retrofit, Amazon Neptune",0.3908,0.0,0.0156,20.0,1
27152464.pdf,3366698309,Webologix Ltd/ INC,Anaplan Developer,2,4,37,6,0.3333,0,0,1,2,"Communication, Agile","Apache Solr, Excel, Work Ethic, Amazon Neptune",0.4258,0.0,0.0154,28.0,1
19124258.pdf,445337908,Food Bank of Alaska,Chief Operating Officer,0,7,2,7,0.0,0,0,1,0,,"iOS SDK, Make, Automated Testing, D, Apache Druid, Leadership, Amazon Neptune",0.3214,0.0,0.0,0.0,0
28831378.pdf,368586246,STL Fertility,Embryologist,0,5,2,5,0.0,0,0,0,0,,"CompTIA A+, Excel, Automated Testing, Integration Testing, Apache Solr",0.3008,0.0,0.0156,0.0,0
28831378.pdf,266825034,Recruitment Design,Software Support Specialist,0,7,2,7,0.0,0,0,1,0,,"iOS SDK, Communication, JavaScript, Make, Automated Testing, D, PHP",0.3222,0.0,0.0153,36.0,0
16911115.pdf,3431736996,Marquee Event Rentals,Client Service Representative,0,8,7,8,0.0,0,0,0,0,,"iOS SDK, Azure Resource Manager, Attention to Detail, Automated Testing, Apache Solr, Integration Testing, Room, Amazon Neptune",0.3007,0.0,0.0147,8.0,0
12022566.pdf,3040487795,Lead Lab,Digital Marketing Intern,0,11,3,11,0.0,0,0,0,0,,"iOS SDK, Communication, Work Ethic, Slack, Automated Testing, Ownership, Spring Cloud, Apache Solr, Reverse Engineering, Apache Druid, Amazon Neptune",0.3504,0.25,0.0085,16.0,0
28628090.pdf,1143359956,,National Sales Manager,2,6,14,8,0.25,0,0,2,0,"Communication, Make","iOS SDK, Work Ethic, Apache Solr, Integration Testing, Room, Amazon Neptune",0.4629,0.25,0.0074,0.0,1
19612167.pdf,3540371917,KeyBank,Enterprise Data & Analytics Infrastructure Manager,0,0,4,0,0.0,0,0,0,0,,,0.3,0.0,0.0,60.0,0
17488801.pdf,3219089287,,Recruitment Manager,1,2,4,3,0.3333,0,0,0,0,Leadership,"Automated Testing, Apache Solr",0.4504,0.25,0.0079,0.0,1
24322804.pdf,2147609835,The Job Network,Trade Review Principal,1,8,7,9,0.1111,0,0,0,0,Make,"iOS SDK, Work Ethic, Ownership, Automated Testing, Apache Solr, Reverse Engineering, Vector Embeddings, Amazon Neptune",0.3344,0.0,0.0222,0.0,1
28762662.pdf,3480552482,Women choice,Summer Intern for Women International Company,3,4,18,7,0.4286,0,0,3,0,"Communication, C, Make","Apache Solr, iOS SDK, Leadership, Amazon Neptune",0.4936,0.0,0.0152,0.0,1
11981094.pdf,3619548798,"Dexterity, Inc.",Senior Mechanical Engineer,0,10,14,10,0.0,0,0,0,0,,"iOS SDK, Work Ethic, Cultural Awareness, Make, Automated Testing, Technical Writing, Apache Solr, Reverse Engineering, Leadership, Amazon Neptune",0.3007,0.0,0.0143,20.0,0
11981094.pdf,2735151240,LT Apparel Group,Intern- Business Analytics,1,7,14,8,0.125,0,0,1,0,Communication,"Power BI, Tableau, Excel, Work Ethic, iOS SDK, Teamwork, Amazon Neptune",0.357,0.0,0.0153,20.0,1
23497307.pdf,3547664337,Polyram Plastic Industries Ltd,Brand Representative,1,6,6,7,0.1429,0,0,0,0,Excel,"iOS SDK, Apache Solr, Extreme Programming, Negotiation, Collaboration, Amazon Neptune",0.3432,0.0,0.0076,0.0,0
28628090.pdf,3478651125,Axalume,Photonics Layout Intern,2,6,14,8,0.25,0,0,2,0,"Communication, Make","iOS SDK, Work Ethic, Python, Informatica PowerCenter, C#, Apache Solr",0.4129,0.0,0.0076,8.0,1
25797445.pdf,2954591060,Naked Wardrobe,Social Media Coordinator,1,3,2,4,0.25,0,0,0,0,Communication,"iOS SDK, Fluent Bit, Collaboration",0.3758,0.0,0.0155,0.0,1
18753367.pdf,2796728000,"Thorpe Design, Inc.",Fire Sprinkler Designer,1,6,6,7,0.1429,0,0,0,0,Communication,"iOS SDK, Work Ethic, Cultural Awareness, Attention to Detail, Apache Solr, Amazon Neptune",0.3432,0.0,0.0075,0.0,0
22890839.pdf,1168783207,,Reps manager,0,6,14,6,0.0,0,0,0,1,,"iOS SDK, Work Ethic, GitHub Actions, Reverse Engineering, Spring Framework, Computer Vision",0.3008,0.0,0.0153,8.0,0
24647794.pdf,3551631423,Miracles for Kids,Community Program Assistant,1,8,9,9,0.1111,0,0,2,0,Communication,"iOS SDK, Excel, Work Ethic, Cultural Awareness, Automated Testing, Teamwork, Move, Apache Solr",0.367,0.0,0.0074,0.0,1
15858254.pdf,3480552482,Women choice,Summer Intern for Women International Company,1,6,5,7,0.1429,0,0,0,0,Communication,"iOS SDK, Make, Apache Solr, Leadership, C, Amazon Neptune",0.3436,0.0,0.0139,0.0,0
28831378.pdf,3308438674,Consulate General of Israel to New England,Director of Communications and Digital Diplomacy,0,8,2,8,0.0,0,0,0,0,,"iOS SDK, Communication, Multi-Factor Authentication, Time Management, Pull Requests, Computer Vision, Creativity, Apache Solr",0.3011,0.0,0.0219,0.0,0
17103000.pdf,3533320307,NLB Services,Java architect / Lead Java developer,0,5,4,5,0.0,0,0,0,0,,"Automated Testing, REST API, React, TypeScript, Java",0.3004,0.0,0.0078,80.0,0
26456899.pdf,2269442456,navXcom,Computer Scientist,1,2,10,3,0.3333,0,0,0,0,Communication,"Work Ethic, Amazon Neptune",0.4015,0.0,0.0299,20.0,1
13264796.pdf,3578562287,Beat the Streets - Baltimore,Swahili Instructor,1,5,11,6,0.1667,0,0,1,0,Communication,"iOS SDK, Work Ethic, Automated Testing, Apache Ignite, Amazon Neptune",0.3758,0.0,0.0152,0.0,1
19397727.pdf,266566927,Revesco Properties,Marketing & Office Coordinator,0,10,5,10,0.0,0,0,0,0,,"CRI-O, HubSpot, Excel, iOS SDK, Automated Testing, Ownership, Apache Solr, Apache Druid, Adaptability, Amazon Neptune",0.3011,0.0,0.0211,0.0,0
28831378.pdf,1573178251,,Social Media Coordinator,1,4,2,5,0.2,0,0,0,0,Work Ethic,"Automated Testing, Reverse Engineering, Computer Vision, Apache Solr",0.3608,0.0,0.0154,0.0,1
26834746.pdf,3245063922,Saxon AI,Data Architect,0,5,4,5,0.0,0,0,0,0,,"Cultural Awareness, Amazon Web Services, Apache Spark, Python, SQL",0.3004,0.0,0.0077,64.0,0
27756469.pdf,3196627399,Bellevue Downtown Association,Marketing & Communications – Content Writer Internship,3,10,10,13,0.2308,0,0,0,0,"Problem Solving, Leadership, Attention to Detail","iOS SDK, Communication, Work Ethic, Apache Solr, HTML, Reverse Engineering, Time Management, Teamwork, Collaboration, Amazon Neptune",0.3714,0.0,0.0426,0.0,1
22605864.pdf,3547664337,Polyram Plastic Industries Ltd,Brand Representative,2,5,6,7,0.2857,0,0,0,0,"Excel, Collaboration","iOS SDK, Extreme Programming, Negotiation, Amazon Neptune, Apache Solr",0.3865,0.0,0.0153,0.0,1
28923650.pdf,3040487795,Lead Lab,Digital Marketing Intern,0,11,6,11,0.0,0,0,0,0,,"iOS SDK, Communication, Work Ethic, Slack, Automated Testing, Ownership, Spring Cloud, Apache Solr, Reverse Engineering, Apache Druid, Amazon Neptune",0.3407,0.2,0.0145,16.0,0
26834746.pdf,3478651125,Axalume,Photonics Layout Intern,1,7,4,8,0.125,0,0,1,0,Communication,"iOS SDK, Work Ethic, Make, Python, Informatica PowerCenter, C#, Apache Solr",0.3566,0.0,0.0076,8.0,1
25919149.pdf,3379554375,Nebraska Public Media,Finishing Editor,2,6,6,8,0.25,0,0,0,0,"Problem Solving, Make","CRI-O, iOS SDK, Privileged Access Management, Automated Testing, Composer, Apache Solr",0.3781,0.0,0.0615,0.0,1
13264796.pdf,2737009242,,Service Manager,1,13,11,14,0.0714,0,0,1,0,Communication,"Conflict Resolution, iOS SDK, Expo, Work Ethic, Chef, Automated Testing, Ownership, Apache Solr, Integration Testing, Accountability, Leadership, Decision Making, Amazon Neptune",0.3325,0.0,0.007,0.0,0
28762662.pdf,2147609789,Revature,Entry Level Oracle Financial Technology Consultant,1,4,18,5,0.2,0,0,1,0,Communication,"Apache Solr, iOS SDK, Work Ethic, Amazon Neptune",0.3904,0.0,0.0074,28.0,1
15139979.pdf,3583960568,Böning Ship Automation USA,Sales and Application Engineer,2,10,9,12,0.1667,0,0,3,0,"Problem Solving, Make","iOS SDK, Communication, Work Ethic, Automated Testing, Negotiation, Lakehouse Architecture, Assembly Language, Mobile Security, Accountability, Presentation Skills",0.3882,0.0,0.0141,28.0,1
21038022.pdf,2735151240,LT Apparel Group,Intern- Business Analytics,1,7,12,8,0.125,0,0,0,0,Communication,"Power BI, Tableau, Excel, Work Ethic, iOS SDK, Teamwork, Amazon Neptune",0.3383,0.0,0.0153,20.0,1
15601399.pdf,3610596223,,Commercial Auto Underwriter Assistant,1,8,1,9,0.1111,0,1,1,0,Communication,"iOS SDK, Excel, Work Ethic, Make, Amazon Neptune, Teamwork, C, Apache Solr",0.3129,0.0,0.0074,0.0,1
21038022.pdf,3431736996,Marquee Event Rentals,Client Service Representative,0,8,12,8,0.0,0,0,0,0,,"iOS SDK, Azure Resource Manager, Attention to Detail, Automated Testing, Apache Solr, Integration Testing, Room, Amazon Neptune",0.3004,0.0,0.0073,8.0,0
26456899.pdf,56924323,,Structural Engineer,1,4,10,5,0.2,0,0,0,0,Excel,"Automated Testing, iOS SDK, Retrofit, Amazon Neptune",0.3614,0.0,0.0282,20.0,1
19124258.pdf,3540371917,KeyBank,Enterprise Data & Analytics Infrastructure Manager,0,0,2,0,0.0,0,0,0,0,,,0.329,0.1429,0.0081,60.0,0
12488356.pdf,3219089287,,Recruitment Manager,1,2,7,3,0.3333,0,0,1,1,Leadership,"Automated Testing, Apache Solr",0.49,0.2,0.0,0.0,1
28320387.pdf,3551631423,Miracles for Kids,Community Program Assistant,1,8,5,9,0.1111,0,0,1,0,Communication,"iOS SDK, Excel, Work Ethic, Cultural Awareness, Automated Testing, Teamwork, Move, Apache Solr",0.3507,0.0,0.0149,0.0,1
23497307.pdf,3297645846,"Navajo Transitional Energy Company, LLC",Contract Administrator,3,6,6,9,0.3333,2,0,0,0,"Communication, Excel, Attention to Detail","Power BI, iOS SDK, Automated Testing, Apache Solr, Move, Amazon Neptune",0.2523,0.0,0.0451,0.0,1
12488356.pdf,3383214611,Crisp,Account Executive - Mid-Market,2,11,7,13,0.1538,0,0,2,1,"D, Salesforce","iOS SDK, Communication, Work Ethic, Excel, Make, Automated Testing, Apache Solr, Reverse Engineering, Integration Testing, Teamwork, Amazon Neptune",0.3696,0.0,0.0072,0.0,1
15139979.pdf,3609090859,Mi Familia Vota,Field Director,2,15,9,17,0.1176,0,0,4,0,"Problem Solving, Leadership","CRI-O, Conflict Resolution, Communication, Excel, GitHub Actions, Work Ethic, Cultural Awareness, Attention to Detail, Automated Testing, iOS SDK, Apache Solr, Google Sheets, Accountability, C, Amazon Neptune",0.3709,0.0,0.0067,0.0,1
10985403.pdf,3480552482,Women choice,Summer Intern for Women International Company,0,7,2,7,0.0,0,0,1,0,,"iOS SDK, Communication, Make, Apache Solr, Leadership, C, Amazon Neptune",0.3555,0.1667,0.0152,0.0,0
10219099.pdf,2195921577,,Associate Planner,3,10,5,13,0.2308,2,0,0,0,"Problem Solving, Communication, Teamwork","iOS SDK, Excel, Work Ethic, Strategic Thinking, Automated Testing, Apache Solr, Mobile Security, Leadership, Move, Amazon Neptune",0.221,0.0,0.0348,8.0,1
21298336.pdf,3610591138,Mountain View Eye Center,Ophthalmic Technician,1,8,3,9,0.1111,0,0,0,0,Leadership,"CRI-O, iOS SDK, Communication, Work Ethic, D, Model Deployment, Coaching, Amazon Neptune",0.3342,0.0,0.0179,0.0,1
16911115.pdf,3308438674,Consulate General of Israel to New England,Director of Communications and Digital Diplomacy,1,7,7,8,0.125,0,0,1,0,Communication,"iOS SDK, Multi-Factor Authentication, Time Management, Pull Requests, Computer Vision, Creativity, Apache Solr",0.357,0.0,0.0145,0.0,1
24322804.pdf,2269442456,navXcom,Computer Scientist,1,2,7,3,0.3333,0,0,0,0,Communication,"Work Ethic, Amazon Neptune",0.4008,0.0,0.0161,20.0,1
28631840.pdf,266825034,Recruitment Design,Software Support Specialist,0,7,2,7,0.0,0,0,1,0,,"iOS SDK, Communication, JavaScript, Make, Automated Testing, D, PHP",0.3721,0.25,0.0133,36.0,0
18753367.pdf,3322949022,Kenai Capital Advisors,"Director, Investment Sales",1,8,6,9,0.1111,0,1,0,0,Communication,"iOS SDK, Excel, Work Ethic, Azure Resource Manager, Automated Testing, Apache Solr, Negotiation, Amazon Neptune",0.2969,0.0,0.0217,8.0,1
17108676.pdf,3383214611,Crisp,Account Executive - Mid-Market,2,11,5,13,0.1538,0,0,3,0,"Communication, Excel","iOS SDK, Work Ethic, Make, Automated Testing, Apache Solr, Salesforce, Reverse Engineering, Integration Testing, D, Teamwork, Amazon Neptune",0.3822,0.0,0.0294,0.0,1
28923650.pdf,1168783207,,Reps manager,0,6,6,6,0.0,0,0,0,0,,"iOS SDK, Work Ethic, GitHub Actions, Reverse Engineering, Spring Framework, Computer Vision",0.3012,0.0,0.0231,8.0,0
19397727.pdf,3177010992,ABC Farigua Division,Customer Service Representative,0,6,5,6,0.0,0,0,0,0,,"iOS SDK, Work Ethic, Responsive Design, Reverse Engineering, Mobile Security, Amazon Neptune",0.3011,0.0,0.0222,8.0,0
21847415.pdf,3610591138,Mountain View Eye Center,Ophthalmic Technician,2,7,6,9,0.2222,0,0,1,0,"Communication, D","CRI-O, iOS SDK, Work Ethic, Model Deployment, Leadership, Coaching, Amazon Neptune",0.4504,0.3333,0.0076,0.0,1
28831378.pdf,2147609712,The Job Network,Med-RN ER,1,7,2,8,0.125,0,0,0,0,Work Ethic,"iOS SDK, Cultural Awareness, Automated Testing, Critical Thinking, React Native, Azure Monitor, Amazon Neptune",0.3379,0.0,0.0074,16.0,0
28078163.pdf,974774701,Kate Meadows Writing and Editing,Blog writer and virtual assistant,1,4,14,5,0.2,0,0,0,0,Communication,"iOS SDK, Black, Coaching, Time Management",0.3604,0.0,0.0077,0.0,0
28320387.pdf,3383214611,Crisp,Account Executive - Mid-Market,2,11,5,13,0.1538,0,0,2,0,"Communication, Make","iOS SDK, Excel, Work Ethic, Automated Testing, Apache Solr, Salesforce, Reverse Engineering, Integration Testing, D, Teamwork, Amazon Neptune",0.37,0.0,0.0145,0.0,1
17043822.pdf,3478651125,Axalume,Photonics Layout Intern,1,7,11,8,0.125,0,0,1,0,Communication,"iOS SDK, Work Ethic, Make, Python, Informatica PowerCenter, C#, Apache Solr",0.3566,0.0,0.0076,8.0,1
27756469.pdf,2914254129,Eastern Indiana Works,Director of Operations,2,7,10,9,0.2222,0,0,1,0,"Problem Solving, D","iOS SDK, Facilitation, Communication, Apache Solr, Time Management, Move, Amazon Neptune",0.3837,0.0,0.0074,0.0,1
27152464.pdf,3586242087,,Director of Sales,2,6,37,8,0.25,0,0,3,2,"Communication, Leadership","iOS SDK, Strategic Thinking, Automated Testing, Negotiation, D, Apache Solr",0.4316,0.0,0.0075,0.0,1
12472574.pdf,3610591138,Mountain View Eye Center,Ophthalmic Technician,2,7,21,9,0.2222,0,0,1,2,"Communication, Leadership","CRI-O, iOS SDK, Work Ethic, D, Model Deployment, Coaching, Amazon Neptune",0.3841,0.0,0.0153,0.0,1
16911115.pdf,266566927,Revesco Properties,Marketing & Office Coordinator,1,9,7,10,0.1,0,0,1,0,Excel,"CRI-O, HubSpot, iOS SDK, Ownership, Automated Testing, Apache Solr, Apache Druid, Adaptability, Amazon Neptune",0.3457,0.0,0.0146,0.0,1
12518008.pdf,3184403524,San José Clinic,Events & Communications Assistant,0,14,5,14,0.0,0,0,2,0,,"iOS SDK, Communication, Excel, Creativity, Automated Testing, Apache Solr, D, Schema Registry, Time Management, Quality Assurance, C, Pull Requests, Go, Amazon Neptune",0.3218,0.0,0.007,0.0,0
11890896.pdf,2195921577,,Associate Planner,2,11,6,13,0.1538,2,0,3,0,"Problem Solving, Leadership","iOS SDK, Excel, Work Ethic, Communication, Strategic Thinking, Automated Testing, Apache Solr, Mobile Security, Teamwork, Move, Amazon Neptune",0.2308,0.0,0.0,8.0,1
19396040.pdf,2735151240,LT Apparel Group,Intern- Business Analytics,1,7,8,8,0.125,0,0,0,0,Excel,"Power BI, Tableau, Communication, Work Ethic, iOS SDK, Teamwork, Amazon Neptune",0.3379,0.0,0.0076,20.0,0
28762662.pdf,3466187886,Landscape Management Group,Owner,1,8,18,9,0.1111,0,0,1,0,Communication,"iOS SDK, Work Ethic, Automated Testing, Key Management, Integration Testing, Collaboration, Creativity, Amazon Neptune",0.3504,0.0,0.0075,0.0,1
28078163.pdf,3184403524,San José Clinic,Events & Communications Assistant,3,11,14,14,0.2143,0,0,3,0,"Communication, Go, C","iOS SDK, Excel, Automated Testing, Apache Solr, D, Schema Registry, Time Management, Quality Assurance, Pull Requests, Creativity, Amazon Neptune",0.3971,0.0,0.0142,0.0,1
28762662.pdf,2457183642,Galerie Candy and Gifts,Quality Assurance Manager,2,9,18,11,0.1818,0,0,2,0,"Communication, Make","iOS SDK, Excel, Apache Solr, Mobile Security, Time Management, Quality Assurance, Qt Creator, Decision Making, Amazon Neptune",0.4222,0.2,0.0072,28.0,1
28628090.pdf,3184403524,San José Clinic,Events & Communications Assistant,4,10,14,14,0.2857,0,0,6,0,"Quality Assurance, Communication, Excel, D","iOS SDK, Creativity, Automated Testing, Apache Solr, Schema Registry, Time Management, C, Pull Requests, Go, Amazon Neptune",0.4507,0.0,0.0142,0.0,1
27040860.pdf,3480552482,Women choice,Summer Intern for Women International Company,1,6,4,7,0.1429,0,0,0,0,Communication,"iOS SDK, Make, Apache Solr, Leadership, C, Amazon Neptune",0.3434,0.0,0.011,0.0,0
20882041.pdf,368586246,STL Fertility,Embryologist,1,4,5,5,0.2,0,0,1,0,Excel,"Automated Testing, CompTIA A+, Integration Testing, Apache Solr",0.3908,0.0,0.0156,0.0,1
24647794.pdf,3478651125,Axalume,Photonics Layout Intern,1,7,9,8,0.125,0,0,2,0,Communication,"iOS SDK, Work Ethic, Make, Python, Informatica PowerCenter, C#, Apache Solr",0.4258,0.25,0.0153,8.0,1
28628090.pdf,3383214611,Crisp,Account Executive - Mid-Market,4,9,14,13,0.3077,0,0,4,0,"Communication, Excel, D, Make","iOS SDK, Work Ethic, Automated Testing, Apache Solr, Salesforce, Reverse Engineering, Integration Testing, Teamwork, Amazon Neptune",0.4388,0.0,0.0072,0.0,1
21847415.pdf,3040487795,Lead Lab,Digital Marketing Intern,1,10,6,11,0.0909,0,0,0,0,Communication,"iOS SDK, Work Ethic, Slack, Automated Testing, Ownership, Spring Cloud, Apache Solr, Reverse Engineering, Apache Druid, Amazon Neptune",0.328,0.0,0.0145,16.0,0
20566550.pdf,3547664337,Polyram Plastic Industries Ltd,Brand Representative,0,7,11,7,0.0,0,0,0,1,,"iOS SDK, Excel, Apache Solr, Extreme Programming, Negotiation, Collaboration, Amazon Neptune",0.3004,0.0,0.0076,0.0,0
28320387.pdf,2147609789,Revature,Entry Level Oracle Financial Technology Consultant,1,4,5,5,0.2,0,0,1,0,Communication,"Apache Solr, iOS SDK, Work Ethic, Amazon Neptune",0.3911,0.0,0.0226,28.0,1
27756469.pdf,3551631423,Miracles for Kids,Community Program Assistant,1,8,10,9,0.1111,0,0,0,0,Excel,"iOS SDK, Communication, Work Ethic, Cultural Awareness, Automated Testing, Teamwork, Move, Apache Solr",0.3341,0.0,0.0149,0.0,0
17043822.pdf,3520238337,Grant Writing Solutions,Grants Writer - Subcontract,1,4,11,5,0.2,0,0,1,0,Communication,"Apache Solr, iOS SDK, Mentoring, Attention to Detail",0.3904,0.0,0.0077,0.0,1
16911115.pdf,2934066464,Dynamic SRG,Fundraising Associate,1,5,7,6,0.1667,0,0,1,0,Communication,"iOS SDK, Work Ethic, Automated Testing, Prioritization, Apache Solr",0.3754,0.0,0.0077,0.0,1
28628090.pdf,3515274431,Conduit Tech,Customer Success Manager,2,10,14,12,0.1667,0,0,2,0,"Communication, Excel","CRI-O, iOS SDK, Work Ethic, Ownership, Automated Testing, Exploratory Testing, Apache Solr, Reverse Engineering, Integration Testing, Amazon Neptune",0.4254,0.25,0.0072,0.0,1
28320387.pdf,1573178251,,Social Media Coordinator,0,5,5,5,0.0,0,0,0,0,,"Work Ethic, Automated Testing, Reverse Engineering, Computer Vision, Apache Solr",0.3004,0.0,0.0076,0.0,0
28628090.pdf,2234533717,Ideando Inc,Full Stack Engineer,5,21,14,26,0.1923,0,0,5,0,"Communication, Make, Product Management, Problem Solving, Quality Assurance","Apache Ignite, Amazon Web Services, Express.js, Apache Solr, Responsive Design, Attention to Detail, Microsoft Azure, Agile, Collaboration, iOS SDK, MongoDB, Mentoring, Core Data, Work Ethic, JavaScript, Automated Testing, Google Cloud Platform, PostgreSQL, React, Python, TypeScript",0.3872,0.0,0.0123,84.0,1
21807224.pdf,2457183642,Galerie Candy and Gifts,Quality Assurance Manager,0,11,0,11,0.0,0,0,0,0,,"iOS SDK, Communication, Excel, Make, Amazon Neptune, Mobile Security, Time Management, Quality Assurance, Qt Creator, Decision Making, Apache Solr",0.3507,0.25,0.0146,28.0,0
28762662.pdf,111513530,United Methodists of Greater New Jersey,"Content Writer, Communications",1,5,18,6,0.1667,0,0,1,0,Make,"iOS SDK, Apache Camel, Amazon Neptune, Collaboration, Apache Solr",0.3754,0.0,0.0075,0.0,1
28762662.pdf,3551631423,Miracles for Kids,Community Program Assistant,2,7,18,9,0.2222,0,0,1,0,"Teamwork, Communication","iOS SDK, Excel, Work Ethic, Cultural Awareness, Automated Testing, Move, Apache Solr",0.3837,0.0,0.0074,0.0,1
15941675.pdf,2914254129,Eastern Indiana Works,Director of Operations,3,6,5,9,0.3333,2,0,2,0,"Communication, D, Time Management","iOS SDK, Facilitation, Apache Solr, Problem Solving, Move, Amazon Neptune",0.2845,0.0,0.0224,0.0,1
12748557.pdf,1168783207,,Reps manager,0,6,5,6,0.0,0,0,0,0,,"iOS SDK, Work Ethic, GitHub Actions, Reverse Engineering, Spring Framework, Computer Vision",0.3508,0.25,0.0153,8.0,0
24647794.pdf,2147609929,The Job Network,Production Planner,2,9,9,11,0.1818,2,0,2,0,"Leadership, C","iOS SDK, Excel, Work Ethic, Make, Automated Testing, Apache Solr, IBM Db2, Mobile Security, Amazon Neptune",0.2333,0.0,0.0288,8.0,1
11981094.pdf,3520238337,Grant Writing Solutions,Grants Writer - Subcontract,1,4,14,5,0.2,0,0,1,0,Communication,"Apache Solr, iOS SDK, Mentoring, Attention to Detail",0.3904,0.0,0.0077,0.0,1
27756469.pdf,3260455681,Weyerhaeuser,Operations Specialist,3,13,10,16,0.1875,0,0,1,0,"Excel, Mentoring, Leadership","Conflict Resolution, iOS SDK, Communication, Work Ethic, Make, Sentence Transformers, Apache Solr, Reverse Engineering, Mobile Security, Vector Embeddings, Time Management, Decision Making, Amazon Neptune",0.3677,0.0,0.0417,8.0,1
12518008.pdf,3537193915,DIGS Vacation Rentals.com,Field Operations Specialist,0,7,5,7,0.0,0,0,0,0,,"iOS SDK, Communication, Work Ethic, Cultural Awareness, Apache Solr, Problem Solving, Amazon Neptune",0.3007,0.0,0.0148,0.0,0
21038022.pdf,1168783207,,Reps manager,0,6,12,6,0.0,0,0,0,0,,"iOS SDK, Work Ethic, GitHub Actions, Reverse Engineering, Spring Framework, Computer Vision",0.3341,0.1667,0.0153,8.0,0
25797445.pdf,3075721793,ASA Architects,Architect/Project Manager,1,5,2,6,0.1667,0,1,0,0,Communication,"iOS SDK, Automated Testing, Azure Synapse Analytics, Amazon Neptune, Apache Solr",0.3136,0.0,0.0222,28.0,1
24322804.pdf,56482768,,Appalachian Highlands Women's Business Center,3,10,7,13,0.2308,2,0,0,0,"Communication, Leadership, Make","iOS SDK, Excel, Work Ethic, Facilitation, Strategic Thinking, Automated Testing, Product Management, Apache Solr, Collaboration, Amazon Neptune",0.2464,0.125,0.0429,0.0,1
23497307.pdf,445337908,Food Bank of Alaska,Chief Operating Officer,1,6,6,7,0.1429,0,0,1,0,Leadership,"iOS SDK, Make, Automated Testing, D, Apache Druid, Amazon Neptune",0.3647,0.0,0.0076,0.0,1
12518008.pdf,133130219,,Software Engineer,0,0,5,0,0.0,0,0,0,0,,,0.3008,0.0,0.0164,40.0,0
22605864.pdf,3383214611,Crisp,Account Executive - Mid-Market,1,12,6,13,0.0769,0,0,1,0,Excel,"iOS SDK, Communication, Work Ethic, Make, Automated Testing, Apache Solr, Salesforce, Reverse Engineering, Integration Testing, D, Teamwork, Amazon Neptune",0.3353,0.0,0.0145,0.0,0
28628090.pdf,3480552482,Women choice,Summer Intern for Women International Company,3,4,14,7,0.4286,0,0,4,0,"Communication, Leadership, Make","Apache Solr, iOS SDK, C, Amazon Neptune",0.5147,0.0,0.0075,0.0,1
19612167.pdf,3211657373,AB Underground,Heavy Equipment Operator,0,7,4,7,0.0,0,0,1,0,,"iOS SDK, Work Ethic, Make, Apache Solr, Move, Room, Amazon Neptune",0.3218,0.0,0.0076,0.0,0
17043822.pdf,3251984218,SLS Solutions,SAP BTP,0,2,11,2,0.0,0,0,0,0,,"iOS SDK, SQL",0.3,0.0,0.0,8.0,0
13264796.pdf,121605673,,Licensed Acupuncturist,1,7,11,8,0.125,0,0,2,0,Communication,"iOS SDK, Work Ethic, Apache Solr, Reverse Engineering, D, Time Management, Amazon Neptune",0.3754,0.0,0.0075,0.0,1
28505854.pdf,3184403524,San José Clinic,Events & Communications Assistant,1,13,21,14,0.0714,0,0,3,1,C,"iOS SDK, Communication, Excel, Creativity, Automated Testing, Apache Solr, D, Schema Registry, Time Management, Quality Assurance, Pull Requests, Go, Amazon Neptune",0.3539,0.0,0.007,0.0,0
17108676.pdf,1168783207,,Reps manager,0,6,5,6,0.0,0,0,0,0,,"iOS SDK, Work Ethic, GitHub Actions, Reverse Engineering, Spring Framework, Computer Vision",0.3004,0.0,0.0076,8.0,0
18753367.pdf,2826285517,Butler University,"Assistant Director of Admission, Midwest Regional Representative",3,10,6,13,0.2308,1,0,1,0,"Communication, Leadership, Make","iOS SDK, Work Ethic, Sentence Transformers, Automated Testing, Attention to Detail, Apache Solr, HIPAA Security, Presentation Skills, Teamwork, Amazon Neptune",0.2318,0.0,0.0205,8.0,1
12472574.pdf,2234533717,Ideando Inc,Full Stack Engineer,6,20,21,26,0.2308,3,0,0,2,"Communication, JavaScript, Make, Automated Testing, Problem Solving, Quality Assurance","Apache Ignite, Amazon Web Services, Express.js, Apache Solr, Responsive Design, Attention to Detail, Product Management, Microsoft Azure, Agile, Collaboration, iOS SDK, MongoDB, Mentoring, Core Data, Work Ethic, Google Cloud Platform, PostgreSQL, React, Python, TypeScript",0.2232,0.0,0.0789,84.0,1
21038022.pdf,3480552482,Women choice,Summer Intern for Women International Company,3,4,12,7,0.4286,0,0,2,0,"Communication, Leadership, C","Apache Solr, iOS SDK, Amazon Neptune, Make",0.4722,0.0,0.0152,0.0,1
17108676.pdf,1573178251,,Social Media Coordinator,0,5,5,5,0.0,0,0,0,0,,"Work Ethic, Automated Testing, Reverse Engineering, Computer Vision, Apache Solr",0.3008,0.0,0.0154,0.0,0
27756469.pdf,3363439517,White Bottle Inc.,Sanitation Supervisor,2,9,10,11,0.1818,0,0,0,0,"Problem Solving, Attention to Detail","iOS SDK, Communication, Work Ethic, Automated Testing, Bottle, Apache Solr, Mobile Security, Integration Testing, Amazon Neptune",0.4226,0.3333,0.0286,8.0,1
11890896.pdf,3586242087,,Director of Sales,1,7,6,8,0.125,0,0,2,0,Leadership,"iOS SDK, Communication, Strategic Thinking, Automated Testing, Negotiation, D, Apache Solr",0.3754,0.0,0.0075,0.0,1
28078163.pdf,3480552482,Women choice,Summer Intern for Women International Company,2,5,14,7,0.2857,0,0,1,0,"Communication, C","iOS SDK, Make, Amazon Neptune, Leadership, Apache Solr",0.4079,0.0,0.0152,0.0,1
26834746.pdf,3466187886,Landscape Management Group,Owner,1,8,4,9,0.1111,0,0,1,0,Communication,"iOS SDK, Work Ethic, Automated Testing, Key Management, Integration Testing, Collaboration, Creativity, Amazon Neptune",0.3504,0.0,0.0075,0.0,1
25797445.pdf,3251984218,SLS Solutions,SAP BTP,0,2,2,2,0.0,0,0,0,0,,"iOS SDK, SQL",0.3,0.0,0.0,8.0,0
19124258.pdf,3515274431,Conduit Tech,Customer Success Manager,1,11,2,12,0.0833,0,0,0,0,Excel,"CRI-O, iOS SDK, Communication, Work Ethic, Automated Testing, Ownership, Exploratory Testing, Amazon Neptune, Reverse Engineering, Integration Testing, Apache Solr",0.3665,0.2,0.0294,0.0,0
21298336.pdf,368586246,STL Fertility,Embryologist,1,4,3,5,0.2,0,0,0,0,Excel,"Automated Testing, CompTIA A+, Integration Testing, Apache Solr",0.3619,0.0,0.0385,0.0,1
17103000.pdf,266825034,Recruitment Design,Software Support Specialist,1,6,4,7,0.1429,0,0,2,0,Communication,"iOS SDK, JavaScript, Make, Automated Testing, D, PHP",0.3865,0.0,0.0153,36.0,1
14049846.pdf,103254301,Raw Cereal,Producer,0,4,4,4,0.0,0,0,0,0,,"Reverse Engineering, iOS SDK, Apache Ignite, Work Ethic",0.3004,0.0,0.0079,0.0,0
19396040.pdf,1143359956,,National Sales Manager,1,7,8,8,0.125,0,0,1,0,Make,"iOS SDK, Communication, Work Ethic, Apache Solr, Integration Testing, Room, Amazon Neptune",0.3566,0.0,0.0074,0.0,1
25608963.pdf,2934066464,Dynamic SRG,Fundraising Associate,1,5,9,6,0.1667,0,0,0,0,Communication,"iOS SDK, Work Ethic, Automated Testing, Prioritization, Apache Solr",0.3504,0.0,0.0077,0.0,0
12011623.pdf,3610596223,,Commercial Auto Underwriter Assistant,1,8,12,9,0.1111,0,0,1,0,C,"iOS SDK, Communication, Work Ethic, Excel, Make, Apache Solr, Teamwork, Amazon Neptune",0.3507,0.0,0.0148,0.0,1
28505854.pdf,3537193915,DIGS Vacation Rentals.com,Field Operations Specialist,0,7,21,7,0.0,0,0,0,1,,"iOS SDK, Communication, Work Ethic, Cultural Awareness, Apache Solr, Problem Solving, Amazon Neptune",0.3004,0.0,0.0074,0.0,0
26834746.pdf,3169712432,SysMind,Salesforce Vlocity Developer,1,10,4,11,0.0909,0,0,1,0,Communication,"Postman, SOAP, Bitbucket, Salesforce, GitHub, Visual Studio, Jenkins, Spring Framework, Apex, Java",0.3413,0.0,0.0074,36.0,0
28831378.pdf,121605673,,Licensed Acupuncturist,1,7,2,8,0.125,0,0,1,0,Work Ethic,"iOS SDK, Communication, Apache Solr, Reverse Engineering, D, Time Management, Amazon Neptune",0.3574,0.0,0.0227,0.0,1
20981299.pdf,266825034,Recruitment Design,Software Support Specialist,0,7,4,7,0.0,0,0,1,0,,"iOS SDK, Communication, JavaScript, Make, Automated Testing, D, PHP",0.3218,0.0,0.0076,36.0,0
17043822.pdf,3480552482,Women choice,Summer Intern for Women International Company,3,4,11,7,0.4286,0,0,2,0,"Communication, Leadership, C","Apache Solr, iOS SDK, Amazon Neptune, Make",0.4726,0.0,0.0229,0.0,1
11890896.pdf,3260455681,Weyerhaeuser,Operations Specialist,1,15,6,16,0.0625,0,0,2,0,Leadership,"Conflict Resolution, iOS SDK, Communication, Work Ethic, Excel, Make, Sentence Transformers, Apache Solr, Reverse Engineering, Mobile Security, Mentoring, Vector Embeddings, Time Management, Decision Making, Amazon Neptune",0.3385,0.0,0.0204,8.0,0
19396040.pdf,3383214611,Crisp,Account Executive - Mid-Market,2,11,8,13,0.1538,0,0,2,0,"Excel, Make","iOS SDK, Communication, Work Ethic, Automated Testing, Apache Solr, Salesforce, Reverse Engineering, Integration Testing, D, Teamwork, Amazon Neptune",0.37,0.0,0.0145,0.0,1
10219099.pdf,3610591138,Mountain View Eye Center,Ophthalmic Technician,2,7,5,9,0.2222,0,0,0,0,"Communication, Coaching","CRI-O, iOS SDK, Work Ethic, D, Model Deployment, Leadership, Amazon Neptune",0.4176,0.25,0.0187,0.0,1
11981094.pdf,3308438674,Consulate General of Israel to New England,Director of Communications and Digital Diplomacy,1,7,14,8,0.125,0,0,1,0,Communication,"iOS SDK, Multi-Factor Authentication, Time Management, Pull Requests, Computer Vision, Creativity, Apache Solr",0.357,0.0,0.0145,0.0,1
27756469.pdf,3586242087,,Director of Sales,2,6,10,8,0.25,0,0,1,0,"Leadership, D","iOS SDK, Communication, Strategic Thinking, Automated Testing, Negotiation, Apache Solr",0.3945,0.0,0.015,0.0,1
20566550.pdf,3308438674,Consulate General of Israel to New England,Director of Communications and Digital Diplomacy,2,6,11,8,0.25,0,0,1,1,"Communication, Time Management","iOS SDK, Multi-Factor Authentication, Pull Requests, Computer Vision, Creativity, Apache Solr",0.3948,0.0,0.0219,0.0,1
28630325.pdf,3184403524,San José Clinic,Events & Communications Assistant,1,13,12,14,0.0714,0,0,2,0,C,"iOS SDK, Communication, Excel, Creativity, Automated Testing, Apache Solr, D, Schema Registry, Time Management, Quality Assurance, Pull Requests, Go, Amazon Neptune",0.3432,0.0,0.007,0.0,0
20882041.pdf,1573178251,,Social Media Coordinator,0,5,5,5,0.0,0,0,0,0,,"Work Ethic, Automated Testing, Reverse Engineering, Computer Vision, Apache Solr",0.3008,0.0,0.0154,0.0,0
25608963.pdf,2748500131,"City of Germantown, TN",Director of Public Works,0,7,9,7,0.0,0,0,0,0,,"iOS SDK, Work Ethic, Automated Testing, Apache Solr, Negotiation, Accountability, Amazon Neptune",0.3,0.0,0.0,0.0,0
25797445.pdf,3018278978,Aston Carter,Seasonal Office Administrator,0,5,2,5,0.0,0,0,0,0,,"iOS SDK, Work Ethic, Automated Testing, Amazon Neptune, Apache Solr",0.3004,0.0,0.0076,0.0,0
26456899.pdf,103254301,Raw Cereal,Producer,0,4,10,4,0.0,0,0,0,0,,"Reverse Engineering, iOS SDK, Apache Ignite, Work Ethic",0.3007,0.0,0.0143,0.0,0
12472574.pdf,56924323,,Structural Engineer,1,4,21,5,0.2,0,0,0,2,Automated Testing,"iOS SDK, Excel, Retrofit, Amazon Neptune",0.3608,0.0,0.0156,20.0,1
24322804.pdf,2457183642,Galerie Candy and Gifts,Quality Assurance Manager,2,9,7,11,0.1818,0,0,0,0,"Communication, Make","iOS SDK, Excel, Apache Solr, Mobile Security, Time Management, Quality Assurance, Qt Creator, Decision Making, Amazon Neptune",0.3556,0.0,0.0221,28.0,1
28320387.pdf,3515274431,Conduit Tech,Customer Success Manager,1,11,5,12,0.0833,0,0,1,0,Communication,"CRI-O, iOS SDK, Excel, Work Ethic, Automated Testing, Ownership, Exploratory Testing, Apache Solr, Reverse Engineering, Integration Testing, Amazon Neptune",0.3386,0.0,0.0219,0.0,0
26834746.pdf,1573178251,,Social Media Coordinator,0,5,4,5,0.0,0,0,0,0,,"Work Ethic, Automated Testing, Reverse Engineering, Computer Vision, Apache Solr",0.3008,0.0,0.0154,0.0,0
17926546.pdf,3582587683,McNaughton Bros. Inc.,Accounts Analyst,0,6,9,6,0.0,0,0,0,0,,"iOS SDK, Communication, Work Ethic, Automated Testing, Apache Solr, Amazon Neptune",0.3008,0.0,0.0152,20.0,0
21847415.pdf,2934066464,Dynamic SRG,Fundraising Associate,1,5,6,6,0.1667,0,0,0,0,Communication,"iOS SDK, Work Ethic, Automated Testing, Prioritization, Apache Solr",0.3504,0.0,0.0077,0.0,0
19396040.pdf,3322949022,Kenai Capital Advisors,"Director, Investment Sales",1,8,8,9,0.1111,0,0,0,0,Excel,"iOS SDK, Communication, Work Ethic, Azure Resource Manager, Automated Testing, Apache Solr, Negotiation, Amazon Neptune",0.3341,0.0,0.0144,8.0,0
27756469.pdf,2157930553,Brady Insurance Group LLC,Customer Service Representative,1,9,10,10,0.1,0,0,0,0,Problem Solving,"iOS SDK, Communication, Work Ethic, Make, Automated Testing, Apache Solr, Integration Testing, Azure Monitor, Amazon Neptune",0.3304,0.0,0.0072,8.0,0
21847415.pdf,3245063922,Saxon AI,Data Architect,0,5,6,5,0.0,0,0,0,0,,"Cultural Awareness, Amazon Web Services, Apache Spark, Python, SQL",0.3004,0.0,0.0077,64.0,0
18753367.pdf,3379554375,Nebraska Public Media,Finishing Editor,1,7,6,8,0.125,0,0,0,0,Make,"CRI-O, iOS SDK, Privileged Access Management, Automated Testing, Problem Solving, Composer, Apache Solr",0.3382,0.0,0.0147,0.0,0
27756469.pdf,3520238337,Grant Writing Solutions,Grants Writer - Subcontract,2,3,10,5,0.4,0,0,1,0,"Mentoring, Attention to Detail","iOS SDK, Communication, Apache Solr",0.4512,0.0,0.0234,0.0,1
28831378.pdf,2269442456,navXcom,Computer Scientist,1,2,2,3,0.3333,0,0,0,0,Work Ethic,"Communication, Amazon Neptune",0.4004,0.0,0.008,20.0,0
10624813.pdf,445337908,Food Bank of Alaska,Chief Operating Officer,0,7,23,7,0.0,0,0,1,0,,"iOS SDK, Make, Automated Testing, D, Apache Druid, Leadership, Amazon Neptune",0.3222,0.0,0.0153,0.0,0
19553067.pdf,3480552482,Women choice,Summer Intern for Women International Company,0,7,3,7,0.0,0,0,1,0,,"iOS SDK, Communication, Make, Apache Solr, Leadership, C, Amazon Neptune",0.3214,0.0,0.0,0.0,0
21038022.pdf,121605673,,Licensed Acupuncturist,1,7,12,8,0.125,0,0,1,0,Communication,"iOS SDK, Work Ethic, Apache Solr, Reverse Engineering, D, Time Management, Amazon Neptune",0.3574,0.0,0.0227,0.0,1
28762662.pdf,3177010992,ABC Farigua Division,Customer Service Representative,0,6,18,6,0.0,0,0,0,0,,"iOS SDK, Work Ethic, Responsive Design, Reverse Engineering, Mobile Security, Amazon Neptune",0.3008,0.0,0.0152,8.0,0
23497307.pdf,95428182,CLEVELAND KIDS BOOK BANK,Administrative Coordinator,2,10,6,12,0.1667,0,0,0,0,"Communication, Attention to Detail","iOS SDK, Work Ethic, Make, Automated Testing, Apache Solr, Azure Monitor, Time Management, Collaboration, Creativity, Amazon Neptune",0.3518,0.0,0.0362,8.0,1
13264796.pdf,2147609789,Revature,Entry Level Oracle Financial Technology Consultant,1,4,11,5,0.2,0,0,1,0,Communication,"Apache Solr, iOS SDK, Work Ethic, Amazon Neptune",0.3911,0.0,0.0226,28.0,1
12472574.pdf,3551631423,Miracles for Kids,Community Program Assistant,2,7,21,9,0.2222,0,0,0,2,"Automated Testing, Communication","iOS SDK, Excel, Work Ethic, Cultural Awareness, Teamwork, Move, Apache Solr",0.3674,0.0,0.0149,0.0,1
17103000.pdf,3610591138,Mountain View Eye Center,Ophthalmic Technician,2,7,4,9,0.2222,0,0,3,0,"Communication, Leadership","CRI-O, iOS SDK, Work Ethic, D, Model Deployment, Coaching, Amazon Neptune",0.4174,0.0,0.0153,0.0,1
24647794.pdf,2735151240,LT Apparel Group,Intern- Business Analytics,1,7,9,8,0.125,0,0,1,0,Communication,"Power BI, Tableau, Excel, Work Ethic, iOS SDK, Teamwork, Amazon Neptune",0.3566,0.0,0.0076,20.0,1
13264796.pdf,2796728000,"Thorpe Design, Inc.",Fire Sprinkler Designer,1,6,11,7,0.1429,0,0,1,0,Communication,"iOS SDK, Work Ethic, Cultural Awareness, Attention to Detail, Apache Solr, Amazon Neptune",0.3647,0.0,0.0075,0.0,1
10219099.pdf,3431736996,Marquee Event Rentals,Client Service Representative,1,7,5,8,0.125,0,0,0,0,Room,"iOS SDK, Azure Resource Manager, Attention to Detail, Automated Testing, Apache Solr, Integration Testing, Amazon Neptune",0.3379,0.0,0.0088,8.0,0
21847415.pdf,3592392532,Lorenz Motors,Drone-Car Engineer,1,5,6,6,0.1667,0,0,0,0,Communication,"iOS SDK, Work Ethic, Automated Testing, Collaboration, Apache Solr",0.3512,0.0,0.0231,20.0,1
24322804.pdf,974774701,Kate Meadows Writing and Editing,Blog writer and virtual assistant,1,4,7,5,0.2,0,0,0,0,Communication,"iOS SDK, Black, Coaching, Time Management",0.3604,0.0,0.0077,0.0,0
27040860.pdf,3540371917,KeyBank,Enterprise Data & Analytics Infrastructure Manager,0,0,4,0,0.0,0,0,0,0,,,0.3006,0.0,0.0122,60.0,0
28628090.pdf,2147609929,The Job Network,Production Planner,3,8,14,11,0.2727,0,0,4,0,"Excel, Leadership, Make","iOS SDK, Work Ethic, Automated Testing, Apache Solr, IBM Db2, Mobile Security, C, Amazon Neptune",0.4364,0.0,0.0,8.0,1
28078163.pdf,121605673,,Licensed Acupuncturist,1,7,14,8,0.125,0,0,1,0,Communication,"iOS SDK, Work Ethic, Apache Solr, Reverse Engineering, D, Time Management, Amazon Neptune",0.357,0.0,0.015,0.0,1
23497307.pdf,3322949022,Kenai Capital Advisors,"Director, Investment Sales",2,7,6,9,0.2222,0,1,0,0,"Communication, Excel","iOS SDK, Work Ethic, Azure Resource Manager, Automated Testing, Apache Solr, Negotiation, Amazon Neptune",0.331,0.0,0.0368,8.0,1
28320387.pdf,3586242087,,Director of Sales,2,6,5,8,0.25,0,0,3,0,"Communication, Leadership","iOS SDK, Strategic Thinking, Automated Testing, Negotiation, D, Apache Solr",0.4324,0.0,0.0227,0.0,1
28923650.pdf,3308438674,Consulate General of Israel to New England,Director of Communications and Digital Diplomacy,0,8,6,8,0.0,0,0,0,0,,"iOS SDK, Communication, Multi-Factor Authentication, Time Management, Pull Requests, Computer Vision, Creativity, Apache Solr",0.3004,0.0,0.0072,0.0,0
22605864.pdf,3366698309,Webologix Ltd/ INC,Anaplan Developer,1,5,6,6,0.1667,0,0,0,0,Excel,"Communication, Work Ethic, Amazon Neptune, Agile, Apache Solr",0.3508,0.0,0.0154,28.0,1
17488801.pdf,3480552482,Women choice,Summer Intern for Women International Company,2,5,4,7,0.2857,0,0,1,0,"Communication, Leadership","iOS SDK, Make, Amazon Neptune, C, Apache Solr",0.4079,0.0,0.0152,0.0,1
11890896.pdf,3075721793,ASA Architects,Architect/Project Manager,0,6,6,6,0.0,0,0,0,0,,"iOS SDK, Communication, Automated Testing, Apache Solr, Azure Synapse Analytics, Amazon Neptune",0.3404,0.2,0.0073,28.0,0
27756469.pdf,3322949022,Kenai Capital Advisors,"Director, Investment Sales",1,8,10,9,0.1111,0,0,0,0,Excel,"iOS SDK, Communication, Work Ethic, Azure Resource Manager, Automated Testing, Apache Solr, Negotiation, Amazon Neptune",0.3348,0.0,0.0292,8.0,1
27756469.pdf,974774701,Kate Meadows Writing and Editing,Blog writer and virtual assistant,0,5,10,5,0.0,0,0,0,0,,"iOS SDK, Communication, Time Management, Black, Coaching",0.3008,0.0,0.0155,0.0,0
15858254.pdf,2914254129,Eastern Indiana Works,Director of Operations,2,7,5,9,0.2222,2,0,0,0,"Communication, Time Management","iOS SDK, Facilitation, Apache Solr, Problem Solving, D, Move, Amazon Neptune",0.2194,0.0,0.0556,0.0,1
28631840.pdf,3184403524,San José Clinic,Events & Communications Assistant,0,14,2,14,0.0,0,0,2,0,,"iOS SDK, Communication, Creativity, Excel, Go, Automated Testing, Amazon Neptune, D, Schema Registry, Time Management, Quality Assurance, Pull Requests, C, Apache Solr",0.322,0.0,0.0118,0.0,0
21847415.pdf,3308438674,Consulate General of Israel to New England,Director of Communications and Digital Diplomacy,1,7,6,8,0.125,0,0,0,0,Communication,"iOS SDK, Multi-Factor Authentication, Time Management, Pull Requests, Computer Vision, Creativity, Apache Solr",0.3386,0.0,0.0219,0.0,1
22605864.pdf,2735151240,LT Apparel Group,Intern- Business Analytics,1,7,6,8,0.125,0,0,0,0,Excel,"Power BI, Tableau, Communication, Work Ethic, iOS SDK, Teamwork, Amazon Neptune",0.3379,0.0,0.0076,20.0,0
28505854.pdf,3431736996,Marquee Event Rentals,Client Service Representative,0,8,21,8,0.0,0,0,0,1,,"iOS SDK, Azure Resource Manager, Attention to Detail, Automated Testing, Apache Solr, Integration Testing, Room, Amazon Neptune",0.3004,0.0,0.0073,8.0,0
19397727.pdf,3466187886,Landscape Management Group,Owner,1,8,5,9,0.1111,0,0,0,0,Communication,"iOS SDK, Work Ethic, Automated Testing, Key Management, Integration Testing, Collaboration, Creativity, Amazon Neptune",0.3344,0.0,0.0222,0.0,1
10624813.pdf,2147609789,Revature,Entry Level Oracle Financial Technology Consultant,0,5,23,5,0.0,0,0,0,0,,"iOS SDK, Communication, Work Ethic, Amazon Neptune, Apache Solr",0.3004,0.0,0.0074,28.0,0
19612167.pdf,3547664337,Polyram Plastic Industries Ltd,Brand Representative,1,6,4,7,0.1429,0,0,1,0,Excel,"iOS SDK, Apache Solr, Extreme Programming, Negotiation, Collaboration, Amazon Neptune",0.3647,0.0,0.0076,0.0,1
19397727.pdf,2748500131,"City of Germantown, TN",Director of Public Works,0,7,5,7,0.0,0,0,0,0,,"iOS SDK, Work Ethic, Automated Testing, Apache Solr, Negotiation, Accountability, Amazon Neptune",0.3016,0.0,0.033,0.0,0
28630325.pdf,3480552482,Women choice,Summer Intern for Women International Company,1,6,12,7,0.1429,0,0,1,0,C,"iOS SDK, Communication, Make, Apache Solr, Leadership, Amazon Neptune",0.3647,0.0,0.0075,0.0,1
15858254.pdf,1573178251,,Social Media Coordinator,0,5,5,5,0.0,0,0,0,0,,"Work Ethic, Automated Testing, Reverse Engineering, Computer Vision, Apache Solr",0.3007,0.0,0.0143,0.0,0
21847415.pdf,3466187886,Landscape Management Group,Owner,1,8,6,9,0.1111,0,0,0,0,Communication,"iOS SDK, Work Ethic, Automated Testing, Key Management, Integration Testing, Collaboration, Creativity, Amazon Neptune",0.3337,0.0,0.0075,0.0,0
27152464.pdf,121605673,,Licensed Acupuncturist,2,6,37,8,0.25,0,0,3,2,"Communication, Time Management","iOS SDK, Work Ethic, Apache Solr, Reverse Engineering, D, Amazon Neptune",0.432,0.0,0.015,0.0,1
27756469.pdf,3219089287,,Recruitment Manager,1,2,10,3,0.3333,0,0,0,0,Leadership,"Automated Testing, Apache Solr",0.4008,0.0,0.016,0.0,1
11890896.pdf,3609090859,Mi Familia Vota,Field Director,3,14,6,17,0.1765,3,0,4,0,"Problem Solving, Leadership, C","CRI-O, Conflict Resolution, Communication, Excel, GitHub Actions, Work Ethic, Cultural Awareness, Attention to Detail, Automated Testing, iOS SDK, Apache Solr, Google Sheets, Accountability, Amazon Neptune",0.2389,0.0,0.0135,0.0,1
12488356.pdf,1168783207,,Reps manager,0,6,7,6,0.0,0,0,0,1,,"iOS SDK, Work Ethic, GitHub Actions, Reverse Engineering, Spring Framework, Computer Vision",0.3408,0.2,0.0153,8.0,0
12488356.pdf,974774701,Kate Meadows Writing and Editing,Blog writer and virtual assistant,1,4,7,5,0.2,0,0,1,1,Coaching,"iOS SDK, Communication, Black, Time Management",0.3904,0.0,0.0077,0.0,1
17108676.pdf,3537193915,DIGS Vacation Rentals.com,Field Operations Specialist,1,6,5,7,0.1429,0,0,1,0,Communication,"iOS SDK, Work Ethic, Cultural Awareness, Apache Solr, Problem Solving, Amazon Neptune",0.3654,0.0,0.0224,0.0,1
28628090.pdf,3592392532,Lorenz Motors,Drone-Car Engineer,1,5,14,6,0.1667,0,0,1,0,Communication,"iOS SDK, Work Ethic, Automated Testing, Collaboration, Apache Solr",0.3754,0.0,0.0076,20.0,1
16911115.pdf,2735151240,LT Apparel Group,Intern- Business Analytics,2,6,7,8,0.25,0,0,2,0,"Communication, Excel","Power BI, Tableau, iOS SDK, Work Ethic, Teamwork, Amazon Neptune",0.4133,0.0,0.0153,20.0,1
28320387.pdf,3196627399,Bellevue Downtown Association,Marketing & Communications – Content Writer Internship,2,11,5,13,0.1538,0,0,2,0,"Communication, Leadership","iOS SDK, Work Ethic, Attention to Detail, Apache Solr, Problem Solving, HTML, Reverse Engineering, Time Management, Teamwork, Collaboration, Amazon Neptune",0.371,0.0,0.0352,0.0,1
17108676.pdf,3219089287,,Recruitment Manager,1,2,5,3,0.3333,0,0,0,0,Leadership,"Automated Testing, Apache Solr",0.4008,0.0,0.016,0.0,1
13264796.pdf,1880409118,Kona Medical Consulting,Board Certified Behavior Analyst,1,6,11,7,0.1429,0,0,1,0,Communication,"iOS SDK, Facilitation, Work Ethic, Apache Solr, Integration Testing, Amazon Neptune",0.365,0.0,0.0147,20.0,1
17043822.pdf,2147609835,The Job Network,Trade Review Principal,1,8,11,9,0.1111,0,0,1,0,Ownership,"iOS SDK, Work Ethic, Make, Automated Testing, Apache Solr, Reverse Engineering, Vector Embeddings, Amazon Neptune",0.35,0.0,0.0,0.0,1
25608963.pdf,3177010992,ABC Farigua Division,Customer Service Representative,0,6,9,6,0.0,0,0,0,0,,"iOS SDK, Work Ethic, Responsive Design, Reverse Engineering, Mobile Security, Amazon Neptune",0.3008,0.0,0.0152,8.0,0
14049846.pdf,3619548798,"Dexterity, Inc.",Senior Mechanical Engineer,1,9,4,10,0.1,0,0,1,0,Make,"iOS SDK, Work Ethic, Technical Writing, Cultural Awareness, Automated Testing, Apache Solr, Reverse Engineering, Leadership, Amazon Neptune",0.3461,0.0,0.0216,20.0,1
11981094.pdf,266566927,Revesco Properties,Marketing & Office Coordinator,0,10,14,10,0.0,0,0,0,0,,"CRI-O, HubSpot, Excel, iOS SDK, Automated Testing, Ownership, Apache Solr, Apache Druid, Adaptability, Amazon Neptune",0.3,0.0,0.0,0.0,0
27152464.pdf,2735151240,LT Apparel Group,Intern- Business Analytics,1,7,37,8,0.125,0,0,1,2,Communication,"Power BI, Tableau, Excel, Work Ethic, iOS SDK, Teamwork, Amazon Neptune",0.3566,0.0,0.0076,20.0,1
28505854.pdf,1143359956,,National Sales Manager,0,8,21,8,0.0,0,0,0,1,,"iOS SDK, Communication, Work Ethic, Make, Apache Solr, Integration Testing, Room, Amazon Neptune",0.35,0.25,0.0,0.0,0
28505854.pdf,2147609929,The Job Network,Production Planner,2,9,21,11,0.1818,2,0,1,1,"Leadership, C","iOS SDK, Excel, Work Ethic, Make, Automated Testing, Apache Solr, IBM Db2, Mobile Security, Amazon Neptune",0.2185,0.0,0.007,8.0,1
27152464.pdf,3592392532,Lorenz Motors,Drone-Car Engineer,1,5,37,6,0.1667,0,0,1,2,Communication,"iOS SDK, Work Ethic, Automated Testing, Collaboration, Apache Solr",0.3754,0.0,0.0076,20.0,1
28762662.pdf,3610591138,Mountain View Eye Center,Ophthalmic Technician,1,8,18,9,0.1111,0,0,2,0,Communication,"CRI-O, iOS SDK, Work Ethic, D, Model Deployment, Leadership, Coaching, Amazon Neptune",0.367,0.0,0.0076,0.0,1
19397727.pdf,3551631423,Miracles for Kids,Community Program Assistant,1,8,5,9,0.1111,0,0,0,0,Communication,"iOS SDK, Excel, Work Ethic, Cultural Awareness, Automated Testing, Teamwork, Move, Apache Solr",0.3344,0.0,0.0217,0.0,1
28630325.pdf,133130219,,Software Engineer,0,0,12,0,0.0,0,0,0,0,,,0.3008,0.0,0.0164,40.0,0
19396040.pdf,2934066464,Dynamic SRG,Fundraising Associate,0,6,8,6,0.0,0,0,0,0,,"iOS SDK, Communication, Work Ethic, Automated Testing, Prioritization, Apache Solr",0.3,0.0,0.0,0.0,0
11981094.pdf,95428182,CLEVELAND KIDS BOOK BANK,Administrative Coordinator,1,11,14,12,0.0833,0,0,1,0,Communication,"iOS SDK, Work Ethic, Make, Automated Testing, Attention to Detail, Apache Solr, Azure Monitor, Time Management, Collaboration, Creativity, Amazon Neptune",0.3379,0.0,0.007,8.0,0
26456899.pdf,1143359956,,National Sales Manager,1,7,10,8,0.125,0,0,0,0,Communication,"iOS SDK, Work Ethic, Make, Apache Solr, Integration Testing, Room, Amazon Neptune",0.3401,0.0,0.0526,0.0,1
14049846.pdf,3515274431,Conduit Tech,Customer Success Manager,0,12,4,12,0.0,0,0,0,0,,"CRI-O, iOS SDK, Communication, Work Ethic, Excel, Automated Testing, Ownership, Exploratory Testing, Apache Solr, Reverse Engineering, Integration Testing, Amazon Neptune",0.3007,0.0,0.0145,0.0,0
17926546.pdf,1168783207,,Reps manager,0,6,9,6,0.0,0,0,0,0,,"iOS SDK, Work Ethic, GitHub Actions, Reverse Engineering, Spring Framework, Computer Vision",0.3008,0.0,0.0153,8.0,0
14554542.pdf,974774701,Kate Meadows Writing and Editing,Blog writer and virtual assistant,1,4,3,5,0.2,0,0,0,0,Communication,"iOS SDK, Black, Coaching, Time Management",0.3604,0.0,0.0077,0.0,0
16803215.pdf,445337908,Food Bank of Alaska,Chief Operating Officer,1,6,9,7,0.1429,0,0,0,0,Make,"iOS SDK, Automated Testing, D, Apache Druid, Leadership, Amazon Neptune",0.3435,0.0,0.0135,0.0,0
12011623.pdf,445337908,Food Bank of Alaska,Chief Operating Officer,0,7,12,7,0.0,0,0,1,0,,"iOS SDK, Make, Automated Testing, D, Apache Druid, Leadership, Amazon Neptune",0.3214,0.0,0.0,0.0,0
18753367.pdf,3520238337,Grant Writing Solutions,Grants Writer - Subcontract,1,4,6,5,0.2,0,0,0,0,Communication,"Apache Solr, iOS SDK, Mentoring, Attention to Detail",0.3604,0.0,0.0077,0.0,0
11890896.pdf,56924323,,Structural Engineer,0,5,6,5,0.0,0,0,1,0,,"iOS SDK, Excel, Automated Testing, Retrofit, Amazon Neptune",0.33,0.0,0.0,20.0,0
27040860.pdf,3245063922,Saxon AI,Data Architect,0,5,4,5,0.0,0,0,0,0,,"Cultural Awareness, Amazon Web Services, Apache Spark, Python, SQL",0.3006,0.0,0.0114,64.0,0
25797445.pdf,3610596223,,Commercial Auto Underwriter Assistant,2,7,2,9,0.2222,0,1,1,0,"Communication, Excel","iOS SDK, Work Ethic, Make, Apache Solr, Teamwork, C, Amazon Neptune",0.347,0.0,0.0224,0.0,1
17103000.pdf,3075721793,ASA Architects,Architect/Project Manager,1,5,4,6,0.1667,0,0,1,0,Communication,"iOS SDK, Automated Testing, Azure Synapse Analytics, Amazon Neptune, Apache Solr",0.4165,0.2,0.0299,28.0,1
17926546.pdf,3609090859,Mi Familia Vota,Field Director,3,14,9,17,0.1765,3,0,1,0,"Problem Solving, Excel, Leadership","CRI-O, Conflict Resolution, Communication, Work Ethic, GitHub Actions, iOS SDK, Cultural Awareness, Attention to Detail, Automated Testing, Apache Solr, Google Sheets, Accountability, C, Amazon Neptune",0.2131,0.0,0.0274,0.0,1
19396040.pdf,3308438674,Consulate General of Israel to New England,Director of Communications and Digital Diplomacy,0,8,8,8,0.0,0,0,0,0,,"iOS SDK, Communication, Multi-Factor Authentication, Time Management, Pull Requests, Computer Vision, Creativity, Apache Solr",0.3007,0.0,0.0145,0.0,0
20566550.pdf,3219089287,,Recruitment Manager,0,3,11,3,0.0,0,0,0,1,,"Automated Testing, Leadership, Apache Solr",0.3004,0.0,0.0079,0.0,0
22890839.pdf,3211657373,AB Underground,Heavy Equipment Operator,0,7,14,7,0.0,0,0,0,1,,"iOS SDK, Work Ethic, Make, Apache Solr, Move, Room, Amazon Neptune",0.3004,0.0,0.0076,0.0,0
17108676.pdf,974774701,Kate Meadows Writing and Editing,Blog writer and virtual assistant,2,3,5,5,0.4,0,0,2,0,"Communication, Time Management","iOS SDK, Black, Coaching",0.4808,0.0,0.0155,0.0,1
12472574.pdf,2147609835,The Job Network,Trade Review Principal,2,7,21,9,0.2222,0,0,0,2,"Automated Testing, Make","iOS SDK, Work Ethic, Ownership, Apache Solr, Reverse Engineering, Vector Embeddings, Amazon Neptune",0.3678,0.0,0.0222,0.0,1
23497307.pdf,3480552482,Women choice,Summer Intern for Women International Company,2,5,6,7,0.2857,0,0,1,0,"Communication, Leadership","iOS SDK, Make, Amazon Neptune, C, Apache Solr",0.4079,0.0,0.0152,0.0,1
16911115.pdf,2372177891,iWealth,Client Service Associate,0,5,7,5,0.0,0,0,0,0,,"CRI-O, Automated Testing, Integration Testing, Room, Apache Solr",0.3004,0.0,0.0078,0.0,0
27756469.pdf,3515274431,Conduit Tech,Customer Success Manager,2,10,10,12,0.1667,0,0,1,0,"Ownership, Excel","CRI-O, iOS SDK, Communication, Work Ethic, Automated Testing, Apache Solr, Exploratory Testing, Reverse Engineering, Integration Testing, Amazon Neptune",0.364,0.0,0.0294,0.0,1
18753367.pdf,3592392532,Lorenz Motors,Drone-Car Engineer,1,5,6,6,0.1667,0,0,0,0,Communication,"iOS SDK, Work Ethic, Automated Testing, Collaboration, Apache Solr",0.3516,0.0,0.031,20.0,1
28320387.pdf,3260455681,Weyerhaeuser,Operations Specialist,4,12,5,16,0.25,0,0,3,0,"Communication, Mentoring, Leadership, Make","Conflict Resolution, iOS SDK, Excel, Work Ethic, Sentence Transformers, Apache Solr, Reverse Engineering, Mobile Security, Vector Embeddings, Time Management, Decision Making, Amazon Neptune",0.4045,0.0,0.0274,8.0,1
10624813.pdf,2914254129,Eastern Indiana Works,Director of Operations,0,9,23,9,0.0,2,0,2,0,,"iOS SDK, Facilitation, Communication, Apache Solr, Problem Solving, D, Time Management, Move, Amazon Neptune",0.3174,0.6667,0.0148,0.0,0
14554542.pdf,2934066464,Dynamic SRG,Fundraising Associate,1,5,3,6,0.1667,0,0,0,0,Communication,"iOS SDK, Work Ethic, Automated Testing, Prioritization, Apache Solr",0.3504,0.0,0.0077,0.0,0
22605864.pdf,175485704,GOYT,Software Engineer,1,10,6,11,0.0909,0,0,0,0,Collaboration,"iOS SDK, Communication, Work Ethic, MySQL, JavaScript, Apache Solr, HTML, PHP, CSS, Amazon Neptune",0.3776,0.25,0.0074,64.0,0
12748557.pdf,2372177891,iWealth,Client Service Associate,0,5,5,5,0.0,0,0,0,0,,"CRI-O, Automated Testing, Integration Testing, Room, Apache Solr",0.3008,0.0,0.0156,0.0,0
28762662.pdf,1573178251,,Social Media Coordinator,0,5,18,5,0.0,0,0,0,0,,"Work Ethic, Automated Testing, Reverse Engineering, Computer Vision, Apache Solr",0.3004,0.0,0.0076,0.0,0
28630325.pdf,175485704,GOYT,Software Engineer,3,8,12,11,0.2727,0,0,0,0,"MySQL, CSS, PHP","iOS SDK, Communication, Work Ethic, JavaScript, Apache Solr, HTML, Collaboration, Amazon Neptune",0.3837,0.0,0.0382,64.0,1
18753367.pdf,3219089287,,Recruitment Manager,1,2,6,3,0.3333,0,0,1,0,Leadership,"Automated Testing, Apache Solr",0.4904,0.2,0.0079,0.0,1
24647794.pdf,2147609712,The Job Network,Med-RN ER,0,8,9,8,0.0,0,0,0,0,,"iOS SDK, Work Ethic, Cultural Awareness, Automated Testing, Critical Thinking, React Native, Azure Monitor, Amazon Neptune",0.3,0.0,0.0,16.0,0
26456899.pdf,3308438674,Consulate General of Israel to New England,Director of Communications and Digital Diplomacy,1,7,10,8,0.125,0,0,0,0,Communication,"iOS SDK, Multi-Factor Authentication, Time Management, Pull Requests, Computer Vision, Creativity, Apache Solr",0.34,0.0,0.0506,0.0,1
24647794.pdf,3555161614,Starup Insurance,User Experience Designer,1,5,9,6,0.1667,0,0,1,0,Communication,"iOS SDK, Work Ethic, Design Thinking, User-Centered Design, Collaboration",0.3758,0.0,0.0156,0.0,1
10624813.pdf,3245063922,Saxon AI,Data Architect,2,3,23,5,0.4,0,0,2,0,"Python, SQL","Apache Spark, Amazon Web Services, Cultural Awareness",0.4804,0.0,0.0077,64.0,1
24322804.pdf,3040487795,Lead Lab,Digital Marketing Intern,1,10,7,11,0.0909,0,0,0,0,Communication,"iOS SDK, Work Ethic, Slack, Automated Testing, Ownership, Spring Cloud, Apache Solr, Reverse Engineering, Apache Druid, Amazon Neptune",0.3284,0.0,0.0219,16.0,0
19397727.pdf,3610596223,,Commercial Auto Underwriter Assistant,1,8,5,9,0.1111,0,0,0,0,Communication,"iOS SDK, Excel, Work Ethic, Make, Apache Solr, Teamwork, C, Amazon Neptune",0.3339,0.0,0.0106,0.0,0
12518008.pdf,445337908,Food Bank of Alaska,Chief Operating Officer,1,6,5,7,0.1429,0,0,2,0,Leadership,"iOS SDK, Make, Automated Testing, D, Apache Druid, Amazon Neptune",0.3861,0.0,0.0076,0.0,1
16911115.pdf,3578562287,Beat the Streets - Baltimore,Swahili Instructor,1,5,7,6,0.1667,0,0,1,0,Communication,"iOS SDK, Work Ethic, Automated Testing, Apache Ignite, Amazon Neptune",0.3754,0.0,0.0075,0.0,1
17108676.pdf,3547664337,Polyram Plastic Industries Ltd,Brand Representative,1,6,5,7,0.1429,0,0,1,0,Excel,"iOS SDK, Apache Solr, Extreme Programming, Negotiation, Collaboration, Amazon Neptune",0.3647,0.0,0.0076,0.0,1
21807224.pdf,3515274431,Conduit Tech,Customer Success Manager,0,12,0,12,0.0,0,0,0,0,,"CRI-O, iOS SDK, Communication, Excel, Work Ethic, Automated Testing, Ownership, Exploratory Testing, Amazon Neptune, Reverse Engineering, Integration Testing, Apache Solr",0.3507,0.25,0.0145,0.0,0
22890839.pdf,3184403524,San José Clinic,Events & Communications Assistant,1,13,14,14,0.0714,0,0,3,1,Excel,"iOS SDK, Communication, Creativity, Automated Testing, Apache Solr, D, Schema Registry, Time Management, Quality Assurance, C, Pull Requests, Go, Amazon Neptune",0.3539,0.0,0.007,0.0,0
13149176.pdf,3260455681,Weyerhaeuser,Operations Specialist,1,15,7,16,0.0625,0,0,0,0,Time Management,"Conflict Resolution, iOS SDK, Communication, Work Ethic, Excel, Make, Sentence Transformers, Apache Solr, Reverse Engineering, Mobile Security, Mentoring, Vector Embeddings, Leadership, Decision Making, Amazon Neptune",0.3198,0.0,0.0204,8.0,0
28831378.pdf,2147609835,The Job Network,Trade Review Principal,1,8,2,9,0.1111,0,0,0,0,Work Ethic,"iOS SDK, Make, Ownership, Automated Testing, Apache Solr, Reverse Engineering, Vector Embeddings, Amazon Neptune",0.3341,0.0,0.0147,0.0,0
15941675.pdf,121605673,,Licensed Acupuncturist,3,5,5,8,0.375,0,0,2,0,"Communication, D, Time Management","iOS SDK, Work Ethic, Amazon Neptune, Reverse Engineering, Apache Solr",0.4515,0.0,0.0305,0.0,1
21038022.pdf,3533320307,NLB Services,Java architect / Lead Java developer,1,4,12,5,0.2,0,0,1,0,Java,"Automated Testing, REST API, TypeScript, React",0.39,0.0,0.0,80.0,1
16803215.pdf,3251984218,SLS Solutions,SAP BTP,0,2,9,2,0.0,0,0,0,0,,"iOS SDK, SQL",0.3,0.0,0.0,8.0,0
28005884.pdf,3480552482,Women choice,Summer Intern for Women International Company,0,7,1,7,0.0,0,0,1,0,,"iOS SDK, Communication, Make, Apache Solr, Leadership, C, Amazon Neptune",0.3214,0.0,0.0,0.0,0
10624813.pdf,3169712432,SysMind,Salesforce Vlocity Developer,4,7,23,11,0.3636,5,0,4,0,"SOAP, GitHub, Jenkins, Java","Postman, Communication, Bitbucket, Salesforce, Visual Studio, Spring Framework, Apex",0.3136,0.0,0.0,36.0,0
11890896.pdf,3383214611,Crisp,Account Executive - Mid-Market,0,13,6,13,0.0,0,0,2,0,,"iOS SDK, Communication, Work Ethic, Excel, Make, Automated Testing, Apache Solr, Salesforce, Reverse Engineering, Integration Testing, D, Teamwork, Amazon Neptune",0.3238,0.0,0.0145,0.0,0
18753367.pdf,3555161614,Starup Insurance,User Experience Designer,1,5,6,6,0.1667,0,0,0,0,Communication,"iOS SDK, Work Ethic, Design Thinking, User-Centered Design, Collaboration",0.3504,0.0,0.0078,0.0,0
23497307.pdf,133130219,,Software Engineer,0,0,6,0,0.0,0,0,0,0,,,0.3004,0.0,0.0081,40.0,0
27040860.pdf,175485704,GOYT,Software Engineer,1,10,4,11,0.0909,0,0,0,0,Communication,"iOS SDK, MySQL, Work Ethic, JavaScript, Apache Solr, HTML, PHP, CSS, Collaboration, Amazon Neptune",0.3278,0.0,0.0108,64.0,0
18753367.pdf,56482768,,Appalachian Highlands Women's Business Center,3,10,6,13,0.2308,2,0,1,0,"Communication, Leadership, Make","iOS SDK, Excel, Work Ethic, Facilitation, Strategic Thinking, Automated Testing, Product Management, Apache Solr, Collaboration, Amazon Neptune",0.2318,0.0,0.021,0.0,1
19397727.pdf,3578562287,Beat the Streets - Baltimore,Swahili Instructor,1,5,5,6,0.1667,0,0,0,0,Communication,"iOS SDK, Work Ethic, Automated Testing, Apache Ignite, Amazon Neptune",0.3517,0.0,0.0337,0.0,1
16803215.pdf,3610591138,Mountain View Eye Center,Ophthalmic Technician,1,8,9,9,0.1111,0,0,0,0,Communication,"CRI-O, iOS SDK, Work Ethic, D, Model Deployment, Leadership, Coaching, Amazon Neptune",0.334,0.0,0.0135,0.0,0
17103000.pdf,2748500131,"City of Germantown, TN",Director of Public Works,0,7,4,7,0.0,0,0,0,0,,"iOS SDK, Work Ethic, Automated Testing, Apache Solr, Negotiation, Accountability, Amazon Neptune",0.3004,0.0,0.0074,0.0,0
10219099.pdf,3018278978,Aston Carter,Seasonal Office Administrator,0,5,5,5,0.0,0,0,0,0,,"iOS SDK, Work Ethic, Automated Testing, Amazon Neptune, Apache Solr",0.3005,0.0,0.0093,0.0,0
11890896.pdf,3578562287,Beat the Streets - Baltimore,Swahili Instructor,0,6,6,6,0.0,0,0,0,0,,"iOS SDK, Communication, Work Ethic, Automated Testing, Apache Ignite, Amazon Neptune",0.3004,0.0,0.0075,0.0,0
11981094.pdf,2147609835,The Job Network,Trade Review Principal,0,9,14,9,0.0,0,0,0,0,,"iOS SDK, Work Ethic, Make, Ownership, Automated Testing, Apache Solr, Reverse Engineering, Vector Embeddings, Amazon Neptune",0.3004,0.0,0.0073,0.0,0
15941675.pdf,266825034,Recruitment Design,Software Support Specialist,2,5,5,7,0.2857,0,0,1,0,"Communication, D","iOS SDK, JavaScript, Make, Automated Testing, PHP",0.4083,0.0,0.0231,36.0,1
26456899.pdf,3366698309,Webologix Ltd/ INC,Anaplan Developer,2,4,10,6,0.3333,0,0,0,0,"Communication, Excel","Apache Solr, Work Ethic, Agile, Amazon Neptune",0.4028,0.0,0.0563,28.0,1
24322804.pdf,133130219,,Software Engineer,0,0,7,0,0.0,0,0,0,0,,,0.3012,0.0,0.0248,40.0,0
20566550.pdf,2147609712,The Job Network,Med-RN ER,0,8,11,8,0.0,0,0,0,1,,"iOS SDK, Work Ethic, Cultural Awareness, Automated Testing, Critical Thinking, React Native, Azure Monitor, Amazon Neptune",0.3004,0.0,0.0074,16.0,0
13149176.pdf,3480552482,Women choice,Summer Intern for Women International Company,0,7,7,7,0.0,0,0,1,0,,"iOS SDK, Communication, Make, Apache Solr, Leadership, C, Amazon Neptune",0.3214,0.0,0.0,0.0,0
17488801.pdf,3308438674,Consulate General of Israel to New England,Director of Communications and Digital Diplomacy,1,7,4,8,0.125,0,0,0,0,Communication,"iOS SDK, Multi-Factor Authentication, Time Management, Pull Requests, Computer Vision, Creativity, Apache Solr",0.3382,0.0,0.0145,0.0,0
12472574.pdf,445337908,Food Bank of Alaska,Chief Operating Officer,3,4,21,7,0.4286,0,0,1,2,"Automated Testing, Leadership, Make","iOS SDK, D, Apache Druid, Amazon Neptune",0.4516,0.0,0.031,0.0,1
24322804.pdf,3177010992,ABC Farigua Division,Customer Service Representative,0,6,7,6,0.0,0,0,0,0,,"iOS SDK, Work Ethic, Responsive Design, Reverse Engineering, Mobile Security, Amazon Neptune",0.3008,0.0,0.0152,8.0,0
17043822.pdf,2457183642,Galerie Candy and Gifts,Quality Assurance Manager,2,9,11,11,0.1818,0,0,2,0,"Communication, Excel","iOS SDK, Make, Apache Solr, Mobile Security, Time Management, Quality Assurance, Qt Creator, Decision Making, Amazon Neptune",0.4229,0.2,0.0221,28.0,1
10624813.pdf,3533320307,NLB Services,Java architect / Lead Java developer,1,4,23,5,0.2,0,0,1,0,Java,"Automated Testing, REST API, TypeScript, React",0.39,0.0,0.0,80.0,1
14049846.pdf,2748500131,"City of Germantown, TN",Director of Public Works,0,7,4,7,0.0,0,0,0,0,,"iOS SDK, Work Ethic, Automated Testing, Apache Solr, Negotiation, Accountability, Amazon Neptune",0.3004,0.0,0.0074,0.0,0
15601399.pdf,3466187886,Landscape Management Group,Owner,1,8,1,9,0.1111,0,0,0,0,Communication,"iOS SDK, Work Ethic, Automated Testing, Key Management, Integration Testing, Collaboration, Creativity, Amazon Neptune",0.3337,0.0,0.0075,0.0,0
24322804.pdf,3610591138,Mountain View Eye Center,Ophthalmic Technician,2,7,7,9,0.2222,0,0,0,0,"Communication, Leadership","CRI-O, iOS SDK, Work Ethic, D, Model Deployment, Coaching, Amazon Neptune",0.3674,0.0,0.0153,0.0,1
11890896.pdf,1573178251,,Social Media Coordinator,0,5,6,5,0.0,0,0,0,0,,"Work Ethic, Automated Testing, Reverse Engineering, Computer Vision, Apache Solr",0.3008,0.0,0.0154,0.0,0
16911115.pdf,1573178251,,Social Media Coordinator,0,5,7,5,0.0,0,0,0,0,,"Work Ethic, Automated Testing, Reverse Engineering, Computer Vision, Apache Solr",0.3004,0.0,0.0076,0.0,0
27152464.pdf,3466187886,Landscape Management Group,Owner,3,6,37,9,0.3333,0,0,1,2,"Communication, Integration Testing, Key Management","iOS SDK, Work Ethic, Automated Testing, Collaboration, Creativity, Amazon Neptune",0.417,0.0,0.0075,0.0,1
20882041.pdf,2796728000,"Thorpe Design, Inc.",Fire Sprinkler Designer,1,6,5,7,0.1429,0,0,1,0,Communication,"iOS SDK, Work Ethic, Cultural Awareness, Attention to Detail, Apache Solr, Amazon Neptune",0.365,0.0,0.015,0.0,1
23497307.pdf,2457183642,Galerie Candy and Gifts,Quality Assurance Manager,2,9,6,11,0.1818,0,0,0,0,"Communication, Excel","iOS SDK, Make, Apache Solr, Mobile Security, Time Management, Quality Assurance, Qt Creator, Decision Making, Amazon Neptune",0.3956,0.2,0.0221,28.0,1
16803215.pdf,3045980831,Armstrong Builders LLC,Project Engineer,2,2,9,4,0.5,0,3,0,0,"Communication, Attention to Detail","Automated Testing, Mobile Security",0.3022,0.0,0.0435,28.0,0
19553067.pdf,2735151240,LT Apparel Group,Intern- Business Analytics,1,7,3,8,0.125,0,0,1,0,Excel,"Power BI, Tableau, Communication, Work Ethic, iOS SDK, Teamwork, Amazon Neptune",0.3566,0.0,0.0076,20.0,1
12011623.pdf,3578562287,Beat the Streets - Baltimore,Swahili Instructor,0,6,12,6,0.0,0,0,0,0,,"iOS SDK, Communication, Work Ethic, Automated Testing, Apache Ignite, Amazon Neptune",0.3011,0.0,0.0229,0.0,0
17043822.pdf,3466187886,Landscape Management Group,Owner,1,8,11,9,0.1111,0,0,1,0,Communication,"iOS SDK, Work Ethic, Automated Testing, Key Management, Integration Testing, Collaboration, Creativity, Amazon Neptune",0.3508,0.0,0.0152,0.0,1
28628090.pdf,3582587683,McNaughton Bros. Inc.,Accounts Analyst,1,5,14,6,0.1667,0,0,1,0,Communication,"iOS SDK, Work Ethic, Automated Testing, Amazon Neptune, Apache Solr",0.3754,0.0,0.0075,20.0,1
28505854.pdf,3480552482,Women choice,Summer Intern for Women International Company,2,5,21,7,0.2857,0,0,1,1,"Leadership, C","iOS SDK, Communication, Make, Amazon Neptune, Apache Solr",0.4075,0.0,0.0075,0.0,1
21038022.pdf,3551631423,Miracles for Kids,Community Program Assistant,1,8,12,9,0.1111,0,0,0,0,Communication,"iOS SDK, Excel, Work Ethic, Cultural Awareness, Automated Testing, Teamwork, Move, Apache Solr",0.3337,0.0,0.0074,0.0,0
27040860.pdf,3551631423,Miracles for Kids,Community Program Assistant,2,7,4,9,0.2222,0,0,0,0,"Communication, Excel","iOS SDK, Work Ethic, Cultural Awareness, Automated Testing, Teamwork, Move, Apache Solr",0.3683,0.0,0.033,0.0,1
24322804.pdf,3515274431,Conduit Tech,Customer Success Manager,1,11,7,12,0.0833,0,0,0,0,Communication,"CRI-O, iOS SDK, Excel, Work Ethic, Automated Testing, Ownership, Exploratory Testing, Apache Solr, Reverse Engineering, Integration Testing, Amazon Neptune",0.3261,0.0,0.0219,0.0,0
10624813.pdf,1143359956,,National Sales Manager,1,7,23,8,0.125,0,0,1,0,Integration Testing,"iOS SDK, Communication, Work Ethic, Make, Apache Solr, Room, Amazon Neptune",0.3566,0.0,0.0074,0.0,1
27152464.pdf,111513530,United Methodists of Greater New Jersey,"Content Writer, Communications",1,5,37,6,0.1667,0,0,1,2,Make,"iOS SDK, Apache Camel, Amazon Neptune, Collaboration, Apache Solr",0.375,0.0,0.0,0.0,1
21038022.pdf,2372177891,iWealth,Client Service Associate,0,5,12,5,0.0,0,0,0,0,,"CRI-O, Automated Testing, Integration Testing, Room, Apache Solr",0.3004,0.0,0.0078,0.0,0
12011623.pdf,175485704,GOYT,Software Engineer,2,9,12,11,0.1818,0,0,0,0,"HTML, Collaboration","iOS SDK, Communication, Work Ethic, MySQL, JavaScript, Apache Solr, PHP, CSS, Amazon Neptune",0.3553,0.0,0.0149,64.0,0
28505854.pdf,3075721793,ASA Architects,Architect/Project Manager,0,6,21,6,0.0,0,0,0,1,,"iOS SDK, Communication, Automated Testing, Apache Solr, Azure Synapse Analytics, Amazon Neptune",0.3504,0.25,0.0073,28.0,0
28762662.pdf,175485704,GOYT,Software Engineer,3,8,18,11,0.2727,0,0,4,0,"Communication, CSS, JavaScript","iOS SDK, MySQL, Work Ethic, Apache Solr, HTML, PHP, Collaboration, Amazon Neptune",0.4875,0.25,0.0226,64.0,1
13264796.pdf,2195921577,,Associate Planner,1,12,11,13,0.0769,0,0,2,0,Communication,"iOS SDK, Excel, Work Ethic, Strategic Thinking, Automated Testing, Problem Solving, Apache Solr, Mobile Security, Teamwork, Leadership, Move, Amazon Neptune",0.3465,0.0,0.007,8.0,0
20566550.pdf,2147609789,Revature,Entry Level Oracle Financial Technology Consultant,1,4,11,5,0.2,0,0,1,1,Communication,"Apache Solr, iOS SDK, Work Ethic, Amazon Neptune",0.3911,0.0,0.0226,28.0,1
25919149.pdf,2954591060,Naked Wardrobe,Social Media Coordinator,0,4,6,4,0.0,0,0,0,0,,"iOS SDK, Communication, Fluent Bit, Collaboration",0.3008,0.0,0.0164,0.0,0
16911115.pdf,175485704,GOYT,Software Engineer,1,10,7,11,0.0909,0,0,1,0,Communication,"iOS SDK, MySQL, Work Ethic, JavaScript, Apache Solr, HTML, PHP, CSS, Collaboration, Amazon Neptune",0.3413,0.0,0.0074,64.0,0
20566550.pdf,95428182,CLEVELAND KIDS BOOK BANK,Administrative Coordinator,3,9,11,12,0.25,0,0,1,1,"Communication, Time Management, Attention to Detail","iOS SDK, Work Ethic, Make, Automated Testing, Apache Solr, Azure Monitor, Collaboration, Creativity, Amazon Neptune",0.3897,0.0,0.0438,8.0,1
27040860.pdf,103254301,Raw Cereal,Producer,0,4,4,4,0.0,0,0,0,0,,"Reverse Engineering, iOS SDK, Apache Ignite, Work Ethic",0.3006,0.0,0.0118,0.0,0
11890896.pdf,3582587683,McNaughton Bros. Inc.,Accounts Analyst,0,6,6,6,0.0,0,0,0,0,,"iOS SDK, Communication, Work Ethic, Automated Testing, Apache Solr, Amazon Neptune",0.3011,0.0,0.0229,20.0,0
15858254.pdf,3177010992,ABC Farigua Division,Customer Service Representative,0,6,5,6,0.0,0,0,0,0,,"iOS SDK, Work Ethic, Responsive Design, Reverse Engineering, Mobile Security, Amazon Neptune",0.3007,0.0,0.0139,8.0,0
25608963.pdf,3383214611,Crisp,Account Executive - Mid-Market,3,10,9,13,0.2308,0,0,2,0,"Communication, Excel, D","iOS SDK, Work Ethic, Make, Automated Testing, Apache Solr, Salesforce, Reverse Engineering, Integration Testing, Teamwork, Amazon Neptune",0.3934,0.0,0.0219,0.0,1
15601399.pdf,3537193915,DIGS Vacation Rentals.com,Field Operations Specialist,1,6,1,7,0.1429,0,0,0,0,Communication,"iOS SDK, Work Ethic, Cultural Awareness, Apache Solr, Problem Solving, Amazon Neptune",0.344,0.0,0.0224,0.0,1
28505854.pdf,1573178251,,Social Media Coordinator,1,4,21,5,0.2,0,0,0,1,Computer Vision,"Automated Testing, Work Ethic, Reverse Engineering, Apache Solr",0.3608,0.0,0.0154,0.0,1
26456899.pdf,3592392532,Lorenz Motors,Drone-Car Engineer,1,5,10,6,0.1667,0,0,0,0,Communication,"iOS SDK, Work Ethic, Automated Testing, Collaboration, Apache Solr",0.3528,0.0,0.0556,20.0,1
27756469.pdf,266825034,Recruitment Design,Software Support Specialist,1,6,10,7,0.1429,0,0,1,0,D,"iOS SDK, Communication, JavaScript, Make, Automated Testing, PHP",0.3647,0.0,0.0076,36.0,1
19553067.pdf,3184403524,San José Clinic,Events & Communications Assistant,1,13,3,14,0.0714,0,0,4,0,Excel,"iOS SDK, Communication, Creativity, Automated Testing, Apache Solr, D, Schema Registry, Time Management, Quality Assurance, C, Pull Requests, Go, Amazon Neptune",0.3646,0.0,0.007,0.0,0
20882041.pdf,2748500131,"City of Germantown, TN",Director of Public Works,0,7,5,7,0.0,0,0,1,0,,"iOS SDK, Work Ethic, Automated Testing, Apache Solr, Negotiation, Accountability, Amazon Neptune",0.3218,0.0,0.0074,0.0,0
11890896.pdf,3211657373,AB Underground,Heavy Equipment Operator,0,7,6,7,0.0,0,0,1,0,,"iOS SDK, Work Ethic, Make, Apache Solr, Move, Room, Amazon Neptune",0.3214,0.0,0.0,0.0,0
22605864.pdf,3196627399,Bellevue Downtown Association,Marketing & Communications – Content Writer Internship,1,12,6,13,0.0769,0,0,0,0,Collaboration,"iOS SDK, Communication, Work Ethic, Attention to Detail, Apache Solr, Problem Solving, HTML, Reverse Engineering, Time Management, Teamwork, Leadership, Amazon Neptune",0.3245,0.0,0.028,0.0,0
20566550.pdf,3196627399,Bellevue Downtown Association,Marketing & Communications – Content Writer Internship,4,9,11,13,0.3077,0,0,1,1,"Problem Solving, Communication, Time Management, Attention to Detail","iOS SDK, Work Ethic, Apache Solr, HTML, Reverse Engineering, Teamwork, Leadership, Collaboration, Amazon Neptune",0.4067,0.0,0.0576,0.0,1
15941675.pdf,3219089287,,Recruitment Manager,0,3,5,3,0.0,0,0,0,0,,"Automated Testing, Leadership, Apache Solr",0.3,0.0,0.0,0.0,0
25919149.pdf,3610591138,Mountain View Eye Center,Ophthalmic Technician,1,8,6,9,0.1111,0,0,0,0,D,"CRI-O, iOS SDK, Communication, Work Ethic, Model Deployment, Leadership, Coaching, Amazon Neptune",0.4,0.3333,0.0,0.0,1
26834746.pdf,3018278978,Aston Carter,Seasonal Office Administrator,0,5,4,5,0.0,0,0,0,0,,"iOS SDK, Work Ethic, Automated Testing, Amazon Neptune, Apache Solr",0.3,0.0,0.0,0.0,0
20882041.pdf,3018278978,Aston Carter,Seasonal Office Administrator,0,5,5,5,0.0,0,0,0,0,,"iOS SDK, Work Ethic, Automated Testing, Amazon Neptune, Apache Solr",0.3004,0.0,0.0076,0.0,0
13264796.pdf,3383214611,Crisp,Account Executive - Mid-Market,1,12,11,13,0.0769,0,0,2,0,Communication,"iOS SDK, Excel, Work Ethic, Make, Automated Testing, Apache Solr, Salesforce, Reverse Engineering, Integration Testing, D, Teamwork, Amazon Neptune",0.3469,0.0,0.0145,0.0,0
21629057.pdf,3431736996,Marquee Event Rentals,Client Service Representative,0,8,7,8,0.0,0,0,0,0,,"iOS SDK, Azure Resource Manager, Attention to Detail, Automated Testing, Apache Solr, Integration Testing, Room, Amazon Neptune",0.3333,0.1667,0.0,8.0,0
26456899.pdf,3177010992,ABC Farigua Division,Customer Service Representative,0,6,10,6,0.0,0,0,0,0,,"iOS SDK, Work Ethic, Responsive Design, Reverse Engineering, Mobile Security, Amazon Neptune",0.3007,0.0,0.0132,8.0,0
27756469.pdf,445337908,Food Bank of Alaska,Chief Operating Officer,2,5,10,7,0.2857,0,0,1,0,"Leadership, D","iOS SDK, Make, Automated Testing, Apache Druid, Amazon Neptune",0.4075,0.0,0.0076,0.0,1
12011623.pdf,3177010992,ABC Farigua Division,Customer Service Representative,0,6,12,6,0.0,0,0,0,0,,"iOS SDK, Work Ethic, Responsive Design, Reverse Engineering, Mobile Security, Amazon Neptune",0.3011,0.0,0.0229,8.0,0
28831378.pdf,175485704,GOYT,Software Engineer,1,10,2,11,0.0909,0,0,0,0,Work Ethic,"iOS SDK, Communication, MySQL, JavaScript, Apache Solr, HTML, PHP, CSS, Collaboration, Amazon Neptune",0.328,0.0,0.0149,64.0,0
24322804.pdf,3583960568,Böning Ship Automation USA,Sales and Application Engineer,3,9,7,12,0.25,3,0,0,0,"Problem Solving, Communication, Make","iOS SDK, Work Ethic, Automated Testing, Negotiation, Lakehouse Architecture, Assembly Language, Mobile Security, Accountability, Presentation Skills",0.2279,0.0,0.0588,28.0,1
26834746.pdf,2147609712,The Job Network,Med-RN ER,0,8,4,8,0.0,0,0,0,0,,"iOS SDK, Work Ethic, Cultural Awareness, Automated Testing, Critical Thinking, React Native, Azure Monitor, Amazon Neptune",0.3,0.0,0.0,16.0,0
24647794.pdf,2157930553,Brady Insurance Group LLC,Customer Service Representative,1,9,9,10,0.1,0,0,1,0,Communication,"iOS SDK, Work Ethic, Make, Automated Testing, Problem Solving, Apache Solr, Integration Testing, Azure Monitor, Amazon Neptune",0.3457,0.0,0.0146,8.0,1
12488356.pdf,2457183642,Galerie Candy and Gifts,Quality Assurance Manager,1,10,7,11,0.0909,0,0,2,1,Quality Assurance,"iOS SDK, Communication, Excel, Make, Apache Solr, Mobile Security, Time Management, Qt Creator, Decision Making, Amazon Neptune",0.3882,0.1667,0.0072,28.0,0
15139979.pdf,2934066464,Dynamic SRG,Fundraising Associate,0,6,9,6,0.0,0,0,1,0,,"iOS SDK, Communication, Work Ethic, Automated Testing, Prioritization, Apache Solr",0.3254,0.0,0.0077,0.0,0
17108676.pdf,2147609789,Revature,Entry Level Oracle Financial Technology Consultant,1,4,5,5,0.2,0,0,1,0,Communication,"Apache Solr, iOS SDK, Work Ethic, Amazon Neptune",0.3907,0.0,0.0149,28.0,1
16911115.pdf,3610591138,Mountain View Eye Center,Ophthalmic Technician,1,8,7,9,0.1111,0,0,2,0,Communication,"CRI-O, iOS SDK, Work Ethic, D, Model Deployment, Leadership, Coaching, Amazon Neptune",0.417,0.25,0.0076,0.0,1
17926546.pdf,3196627399,Bellevue Downtown Association,Marketing & Communications – Content Writer Internship,2,11,9,13,0.1538,0,0,0,0,"Problem Solving, Leadership","iOS SDK, Communication, Work Ethic, Attention to Detail, Apache Solr, HTML, Reverse Engineering, Time Management, Teamwork, Collaboration, Amazon Neptune",0.3472,0.0,0.0208,0.0,1
25797445.pdf,121605673,,Licensed Acupuncturist,1,7,2,8,0.125,0,0,1,0,Communication,"iOS SDK, Work Ethic, Apache Solr, Reverse Engineering, D, Time Management, Amazon Neptune",0.3574,0.0,0.0227,0.0,1
25608963.pdf,3515274431,Conduit Tech,Customer Success Manager,2,10,9,12,0.1667,0,0,1,0,"Communication, Excel","CRI-O, iOS SDK, Work Ethic, Ownership, Automated Testing, Exploratory Testing, Apache Solr, Reverse Engineering, Integration Testing, Amazon Neptune",0.3636,0.0,0.0219,0.0,1
19124258.pdf,56924323,,Structural Engineer,1,4,2,5,0.2,0,0,0,0,Excel,"Automated Testing, iOS SDK, Retrofit, Amazon Neptune",0.3608,0.0,0.0156,20.0,1
15858254.pdf,111513530,United Methodists of Greater New Jersey,"Content Writer, Communications",0,6,5,6,0.0,0,0,0,0,,"iOS SDK, Apache Camel, Make, Apache Solr, Collaboration, Amazon Neptune",0.3007,0.0,0.0139,0.0,0
10624813.pdf,3260455681,Weyerhaeuser,Operations Specialist,1,15,23,16,0.0625,0,0,1,0,Reverse Engineering,"Conflict Resolution, iOS SDK, Communication, Work Ethic, Excel, Make, Sentence Transformers, Apache Solr, Mobile Security, Mentoring, Vector Embeddings, Time Management, Leadership, Decision Making, Amazon Neptune",0.3788,0.25,0.0135,8.0,0
12472574.pdf,3609090859,Mi Familia Vota,Field Director,5,12,21,17,0.2941,3,0,1,2,"Communication, Automated Testing, Problem Solving, Leadership, C","CRI-O, Conflict Resolution, Excel, Work Ethic, GitHub Actions, iOS SDK, Cultural Awareness, Attention to Detail, Apache Solr, Google Sheets, Accountability, Amazon Neptune",0.2491,0.0,0.0417,0.0,1
15941675.pdf,2457183642,Galerie Candy and Gifts,Quality Assurance Manager,3,8,5,11,0.2727,0,0,2,0,"Quality Assurance, Communication, Time Management","iOS SDK, Excel, Make, Apache Solr, Mobile Security, Qt Creator, Decision Making, Amazon Neptune",0.4106,0.0,0.0296,28.0,1
26834746.pdf,2796728000,"Thorpe Design, Inc.",Fire Sprinkler Designer,1,6,4,7,0.1429,0,0,1,0,Communication,"iOS SDK, Work Ethic, Cultural Awareness, Attention to Detail, Apache Solr, Amazon Neptune",0.365,0.0,0.015,0.0,1
15858254.pdf,3582587683,McNaughton Bros. Inc.,Accounts Analyst,1,5,5,6,0.1667,0,0,0,0,Communication,"iOS SDK, Work Ethic, Automated Testing, Amazon Neptune, Apache Solr",0.3514,0.0,0.0282,20.0,1
24647794.pdf,2796728000,"Thorpe Design, Inc.",Fire Sprinkler Designer,1,6,9,7,0.1429,0,0,1,0,Communication,"iOS SDK, Work Ethic, Cultural Awareness, Attention to Detail, Apache Solr, Amazon Neptune",0.365,0.0,0.015,0.0,1
28831378.pdf,2457183642,Galerie Candy and Gifts,Quality Assurance Manager,0,11,2,11,0.0,0,0,0,0,,"iOS SDK, Communication, Excel, Make, Apache Solr, Mobile Security, Time Management, Quality Assurance, Qt Creator, Decision Making, Amazon Neptune",0.3004,0.0,0.0072,28.0,0
27152464.pdf,3322949022,Kenai Capital Advisors,"Director, Investment Sales",1,8,37,9,0.1111,0,0,1,2,Communication,"iOS SDK, Excel, Work Ethic, Azure Resource Manager, Automated Testing, Apache Solr, Negotiation, Amazon Neptune",0.3504,0.0,0.0071,8.0,1
28628090.pdf,2195921577,,Associate Planner,4,9,14,13,0.3077,0,0,4,0,"Problem Solving, Excel, Leadership, Communication","iOS SDK, Work Ethic, Strategic Thinking, Automated Testing, Apache Solr, Mobile Security, Teamwork, Move, Amazon Neptune",0.4388,0.0,0.007,8.0,1
28831378.pdf,2748500131,"City of Germantown, TN",Director of Public Works,1,6,2,7,0.1429,0,0,0,0,Work Ethic,"iOS SDK, Automated Testing, Apache Solr, Negotiation, Accountability, Amazon Neptune",0.344,0.0,0.0226,0.0,1
21038022.pdf,3184403524,San José Clinic,Events & Communications Assistant,3,11,12,14,0.2143,0,0,3,0,"Communication, Creativity, C","iOS SDK, Excel, Automated Testing, Apache Solr, D, Schema Registry, Time Management, Quality Assurance, Pull Requests, Go, Amazon Neptune",0.3975,0.0,0.0214,0.0,1
19397727.pdf,3196627399,Bellevue Downtown Association,Marketing & Communications – Content Writer Internship,2,11,5,13,0.1538,0,0,0,0,"Communication, Attention to Detail","iOS SDK, Work Ethic, Apache Solr, Problem Solving, HTML, Reverse Engineering, Time Management, Teamwork, Leadership, Collaboration, Amazon Neptune",0.3487,0.0,0.05,0.0,1
21038022.pdf,3177010992,ABC Farigua Division,Customer Service Representative,0,6,12,6,0.0,0,0,0,0,,"iOS SDK, Work Ethic, Responsive Design, Reverse Engineering, Mobile Security, Amazon Neptune",0.3011,0.0,0.0229,8.0,0
15941675.pdf,2748500131,"City of Germantown, TN",Director of Public Works,0,7,5,7,0.0,0,0,0,0,,"iOS SDK, Work Ethic, Automated Testing, Apache Solr, Negotiation, Accountability, Amazon Neptune",0.3007,0.0,0.0149,0.0,0
18753367.pdf,1573178251,,Social Media Coordinator,0,5,6,5,0.0,0,0,0,0,,"Work Ethic, Automated Testing, Reverse Engineering, Computer Vision, Apache Solr",0.3008,0.0,0.0154,0.0,0
21038022.pdf,2954591060,Naked Wardrobe,Social Media Coordinator,1,3,12,4,0.25,0,0,0,0,Communication,"iOS SDK, Fluent Bit, Collaboration",0.3758,0.0,0.0155,0.0,1
28762662.pdf,2934066464,Dynamic SRG,Fundraising Associate,1,5,18,6,0.1667,0,0,1,0,Communication,"iOS SDK, Work Ethic, Automated Testing, Prioritization, Apache Solr",0.3754,0.0,0.0077,0.0,1
19612167.pdf,3184403524,San José Clinic,Events & Communications Assistant,2,12,4,14,0.1429,0,0,4,0,"Communication, Excel","iOS SDK, Creativity, Automated Testing, Apache Solr, D, Schema Registry, Time Management, Quality Assurance, C, Pull Requests, Go, Amazon Neptune",0.3868,0.0,0.0214,0.0,1
21807224.pdf,445337908,Food Bank of Alaska,Chief Operating Officer,0,7,0,7,0.0,0,0,1,0,,"iOS SDK, D, Apache Druid, Make, Automated Testing, Leadership, Amazon Neptune",0.3214,0.0,0.0,0.0,0
28628090.pdf,1826257634,The Medicare Coach,Social Security Specialist / Retirement Benefit Advisor (Remote),3,10,14,13,0.2308,2,0,4,0,"Excel, Communication, Make","iOS SDK, Work Ethic, Automated Testing, Apache Solr, Reverse Engineering, Manual Testing, Integration Testing, Teamwork, Go, Amazon Neptune",0.3557,0.0,0.0069,28.0,1
24322804.pdf,3251984218,SLS Solutions,SAP BTP,0,2,7,2,0.0,0,0,0,0,,"iOS SDK, SQL",0.3,0.0,0.0,8.0,0
13149176.pdf,974774701,Kate Meadows Writing and Editing,Blog writer and virtual assistant,2,3,7,5,0.4,0,0,1,0,"Black, Time Management","iOS SDK, Communication, Coaching",0.4508,0.0,0.0155,0.0,1
20566550.pdf,111513530,United Methodists of Greater New Jersey,"Content Writer, Communications",0,6,11,6,0.0,0,0,0,1,,"iOS SDK, Apache Camel, Make, Apache Solr, Collaboration, Amazon Neptune",0.3004,0.0,0.0075,0.0,0
28628090.pdf,3308438674,Consulate General of Israel to New England,Director of Communications and Digital Diplomacy,1,7,14,8,0.125,0,0,1,0,Communication,"iOS SDK, Multi-Factor Authentication, Time Management, Pull Requests, Computer Vision, Creativity, Apache Solr",0.3566,0.0,0.0072,0.0,1
19396040.pdf,3609090859,Mi Familia Vota,Field Director,2,15,8,17,0.1176,3,0,1,0,"Excel, C","CRI-O, Conflict Resolution, Communication, Work Ethic, GitHub Actions, iOS SDK, Cultural Awareness, Attention to Detail, Automated Testing, Problem Solving, Apache Solr, Google Sheets, Accountability, Leadership, Amazon Neptune",0.1951,0.0,0.0204,0.0,1
15941675.pdf,3196627399,Bellevue Downtown Association,Marketing & Communications – Content Writer Internship,2,11,5,13,0.1538,0,0,1,0,"Communication, Time Management","iOS SDK, Work Ethic, Attention to Detail, Apache Solr, Problem Solving, HTML, Reverse Engineering, Teamwork, Leadership, Collaboration, Amazon Neptune",0.3595,0.0,0.0352,0.0,1
24647794.pdf,3610596223,,Commercial Auto Underwriter Assistant,2,7,9,9,0.2222,0,0,2,0,"Communication, C","iOS SDK, Excel, Work Ethic, Make, Apache Solr, Teamwork, Amazon Neptune",0.4011,0.0,0.0224,0.0,1
12748557.pdf,2269442456,navXcom,Computer Scientist,0,3,5,3,0.0,0,0,0,0,,"Communication, Work Ethic, Amazon Neptune",0.3004,0.0,0.008,20.0,0
24322804.pdf,3308438674,Consulate General of Israel to New England,Director of Communications and Digital Diplomacy,1,7,7,8,0.125,0,0,0,0,Communication,"iOS SDK, Multi-Factor Authentication, Time Management, Pull Requests, Computer Vision, Creativity, Apache Solr",0.3394,0.0,0.037,0.0,1
15601399.pdf,3515274431,Conduit Tech,Customer Success Manager,1,11,1,12,0.0833,0,0,0,0,Communication,"CRI-O, iOS SDK, Excel, Work Ethic, Automated Testing, Ownership, Exploratory Testing, Amazon Neptune, Reverse Engineering, Integration Testing, Apache Solr",0.3257,0.0,0.0145,0.0,0
16911115.pdf,3478651125,Axalume,Photonics Layout Intern,2,6,7,8,0.25,0,0,1,0,"Communication, Make","iOS SDK, Work Ethic, Python, Informatica PowerCenter, C#, Apache Solr",0.3945,0.0,0.0153,8.0,1
28631840.pdf,3619548798,"Dexterity, Inc.",Senior Mechanical Engineer,1,9,2,10,0.1,0,0,0,0,Leadership,"iOS SDK, Work Ethic, Cultural Awareness, Make, Automated Testing, Technical Writing, Apache Solr, Reverse Engineering, Amazon Neptune",0.3325,0.0,0.0494,20.0,1
14049846.pdf,2147609835,The Job Network,Trade Review Principal,1,8,4,9,0.1111,0,0,1,0,Make,"iOS SDK, Work Ethic, Ownership, Automated Testing, Apache Solr, Reverse Engineering, Vector Embeddings, Amazon Neptune",0.3504,0.0,0.0073,0.0,1
13149176.pdf,368586246,STL Fertility,Embryologist,0,5,7,5,0.0,0,0,0,0,,"CompTIA A+, Excel, Automated Testing, Integration Testing, Apache Solr",0.3008,0.0,0.0156,0.0,0
23497307.pdf,3260455681,Weyerhaeuser,Operations Specialist,3,13,6,16,0.1875,0,0,0,0,"Communication, Excel, Leadership","Conflict Resolution, iOS SDK, Work Ethic, Sentence Transformers, Make, Apache Solr, Reverse Engineering, Mobile Security, Mentoring, Vector Embeddings, Time Management, Decision Making, Amazon Neptune",0.358,0.0,0.0345,8.0,1
15139979.pdf,3075721793,ASA Architects,Architect/Project Manager,0,6,9,6,0.0,0,0,1,0,,"iOS SDK, Communication, Automated Testing, Apache Solr, Azure Synapse Analytics, Amazon Neptune",0.3254,0.0,0.0073,28.0,0
13149176.pdf,95428182,CLEVELAND KIDS BOOK BANK,Administrative Coordinator,1,11,7,12,0.0833,0,0,0,0,Time Management,"iOS SDK, Communication, Work Ethic, Attention to Detail, Automated Testing, Make, Apache Solr, Azure Monitor, Collaboration, Creativity, Amazon Neptune",0.3261,0.0,0.0214,8.0,0
26456899.pdf,2147609712,The Job Network,Med-RN ER,0,8,10,8,0.0,0,0,0,0,,"iOS SDK, Work Ethic, Cultural Awareness, Automated Testing, Critical Thinking, React Native, Azure Monitor, Amazon Neptune",0.3006,0.0,0.0128,16.0,0
25608963.pdf,3366698309,Webologix Ltd/ INC,Anaplan Developer,2,4,9,6,0.3333,0,0,1,0,"Communication, Excel","Apache Solr, Work Ethic, Agile, Amazon Neptune",0.4258,0.0,0.0154,28.0,1
25919149.pdf,3609090859,Mi Familia Vota,Field Director,1,16,6,17,0.0588,0,0,0,0,Problem Solving,"CRI-O, Conflict Resolution, Communication, Excel, GitHub Actions, Work Ethic, Cultural Awareness, Attention to Detail, Automated Testing, iOS SDK, Apache Solr, Google Sheets, Accountability, Leadership, C, Amazon Neptune",0.3189,0.0,0.0253,0.0,0
27152464.pdf,3383214611,Crisp,Account Executive - Mid-Market,3,10,37,13,0.2308,0,0,3,2,"Communication, Integration Testing, Make","iOS SDK, Excel, Work Ethic, Automated Testing, Apache Solr, Salesforce, Reverse Engineering, D, Teamwork, Amazon Neptune",0.4046,0.0,0.0145,0.0,1
15858254.pdf,3431736996,Marquee Event Rentals,Client Service Representative,0,8,5,8,0.0,0,0,0,0,,"iOS SDK, Azure Resource Manager, Attention to Detail, Automated Testing, Apache Solr, Integration Testing, Room, Amazon Neptune",0.3,0.0,0.0,8.0,0
28320387.pdf,3379554375,Nebraska Public Media,Finishing Editor,1,7,5,8,0.125,0,0,0,0,Make,"CRI-O, iOS SDK, Privileged Access Management, Automated Testing, Problem Solving, Composer, Apache Solr",0.3379,0.0,0.0073,0.0,0
15858254.pdf,3610591138,Mountain View Eye Center,Ophthalmic Technician,1,8,5,9,0.1111,0,0,0,0,Communication,"CRI-O, iOS SDK, Work Ethic, D, Model Deployment, Leadership, Coaching, Amazon Neptune",0.374,0.2,0.0141,0.0,1
15139979.pdf,2147609712,The Job Network,Med-RN ER,1,7,9,8,0.125,0,0,1,0,Critical Thinking,"iOS SDK, Work Ethic, Cultural Awareness, Automated Testing, React Native, Azure Monitor, Amazon Neptune",0.357,0.0,0.0149,16.0,1
17926546.pdf,266825034,Recruitment Design,Software Support Specialist,1,6,9,7,0.1429,0,0,1,0,D,"iOS SDK, Communication, JavaScript, Make, Automated Testing, PHP",0.365,0.0,0.0153,36.0,1
15601399.pdf,175485704,GOYT,Software Engineer,1,10,1,11,0.0909,0,0,0,0,Communication,"iOS SDK, MySQL, Work Ethic, JavaScript, HTML, Amazon Neptune, PHP, CSS, Collaboration, Apache Solr",0.3276,0.0,0.0074,64.0,0
28320387.pdf,3177010992,ABC Farigua Division,Customer Service Representative,0,6,5,6,0.0,0,0,0,0,,"iOS SDK, Work Ethic, Responsive Design, Reverse Engineering, Mobile Security, Amazon Neptune",0.3011,0.0,0.0229,8.0,0
12011623.pdf,3184403524,San José Clinic,Events & Communications Assistant,1,13,12,14,0.0714,0,0,3,0,C,"iOS SDK, Communication, Excel, Creativity, Automated Testing, Apache Solr, D, Schema Registry, Time Management, Quality Assurance, Pull Requests, Go, Amazon Neptune",0.3543,0.0,0.0142,0.0,0
15139979.pdf,3211657373,AB Underground,Heavy Equipment Operator,1,6,9,7,0.1429,0,0,1,0,Make,"iOS SDK, Work Ethic, Apache Solr, Move, Room, Amazon Neptune",0.3643,0.0,0.0,0.0,1
17108676.pdf,2457183642,Galerie Candy and Gifts,Quality Assurance Manager,3,8,5,11,0.2727,0,0,3,0,"Communication, Excel, Time Management","iOS SDK, Make, Apache Solr, Mobile Security, Quality Assurance, Qt Creator, Decision Making, Amazon Neptune",0.4242,0.0,0.0296,28.0,1
13264796.pdf,3592392532,Lorenz Motors,Drone-Car Engineer,1,5,11,6,0.1667,0,0,1,0,Communication,"iOS SDK, Work Ethic, Automated Testing, Collaboration, Apache Solr",0.3758,0.0,0.0153,20.0,1
25919149.pdf,2147609835,The Job Network,Trade Review Principal,1,8,6,9,0.1111,0,0,0,0,Make,"iOS SDK, Work Ethic, Ownership, Automated Testing, Apache Solr, Reverse Engineering, Vector Embeddings, Amazon Neptune",0.3341,0.0,0.0147,0.0,0
27040860.pdf,3379554375,Nebraska Public Media,Finishing Editor,0,8,4,8,0.0,0,0,0,0,,"CRI-O, iOS SDK, Privileged Access Management, Automated Testing, Make, Problem Solving, Composer, Apache Solr",0.3011,0.0,0.0213,0.0,0
17103000.pdf,1573178251,,Social Media Coordinator,0,5,4,5,0.0,0,0,0,0,,"Work Ethic, Automated Testing, Reverse Engineering, Computer Vision, Apache Solr",0.3004,0.0,0.0076,0.0,0
21298336.pdf,3533320307,NLB Services,Java architect / Lead Java developer,0,5,3,5,0.0,0,0,0,0,,"Automated Testing, REST API, React, TypeScript, Java",0.3,0.0,0.0,80.0,0
27152464.pdf,266566927,Revesco Properties,Marketing & Office Coordinator,0,10,37,10,0.0,0,0,0,2,,"CRI-O, HubSpot, Excel, iOS SDK, Automated Testing, Ownership, Apache Solr, Apache Druid, Adaptability, Amazon Neptune",0.3,0.0,0.0,0.0,0
21038022.pdf,133130219,,Software Engineer,0,0,12,0,0.0,0,0,0,0,,,0.3004,0.0,0.0081,40.0,0
17043822.pdf,3018278978,Aston Carter,Seasonal Office Administrator,0,5,11,5,0.0,0,0,0,0,,"iOS SDK, Work Ethic, Automated Testing, Amazon Neptune, Apache Solr",0.3,0.0,0.0,0.0,0
15941675.pdf,3578562287,Beat the Streets - Baltimore,Swahili Instructor,1,5,5,6,0.1667,0,0,0,0,Communication,"iOS SDK, Work Ethic, Automated Testing, Apache Ignite, Amazon Neptune",0.3511,0.0,0.0229,0.0,1
25919149.pdf,3260455681,Weyerhaeuser,Operations Specialist,1,15,6,16,0.0625,0,0,0,0,Make,"Conflict Resolution, iOS SDK, Communication, Work Ethic, Excel, Sentence Transformers, Apache Solr, Reverse Engineering, Mobile Security, Mentoring, Vector Embeddings, Time Management, Leadership, Decision Making, Amazon Neptune",0.32,0.0,0.0253,8.0,0
20566550.pdf,175485704,GOYT,Software Engineer,1,10,11,11,0.0909,0,0,1,1,Communication,"iOS SDK, MySQL, Work Ethic, JavaScript, Apache Solr, HTML, PHP, CSS, Collaboration, Amazon Neptune",0.3413,0.0,0.0074,64.0,0
16911115.pdf,3515274431,Conduit Tech,Customer Success Manager,2,10,7,12,0.1667,0,0,2,0,"Communication, Excel","CRI-O, iOS SDK, Work Ethic, Ownership, Automated Testing, Exploratory Testing, Apache Solr, Reverse Engineering, Integration Testing, Amazon Neptune",0.3769,0.0,0.037,0.0,1
23497307.pdf,3211657373,AB Underground,Heavy Equipment Operator,0,7,6,7,0.0,0,0,0,0,,"iOS SDK, Work Ethic, Make, Apache Solr, Move, Room, Amazon Neptune",0.3,0.0,0.0,0.0,0
12022566.pdf,3184403524,San José Clinic,Events & Communications Assistant,2,12,3,14,0.1429,0,0,3,0,"Quality Assurance, C","iOS SDK, Communication, Excel, Creativity, Automated Testing, Apache Solr, D, Schema Registry, Time Management, Pull Requests, Go, Amazon Neptune",0.3767,0.0,0.0339,0.0,1
12488356.pdf,3075721793,ASA Architects,Architect/Project Manager,0,6,7,6,0.0,0,0,0,1,,"iOS SDK, Communication, Automated Testing, Apache Solr, Azure Synapse Analytics, Amazon Neptune",0.3337,0.1667,0.0073,28.0,0
15941675.pdf,3018278978,Aston Carter,Seasonal Office Administrator,0,5,5,5,0.0,0,0,0,0,,"iOS SDK, Work Ethic, Automated Testing, Amazon Neptune, Apache Solr",0.3,0.0,0.0,0.0,0
20882041.pdf,133130219,,Software Engineer,0,0,5,0,0.0,0,0,0,0,,,0.3008,0.0,0.0164,40.0,0
19612167.pdf,3551631423,Miracles for Kids,Community Program Assistant,2,7,4,9,0.2222,0,0,2,0,"Communication, Excel","iOS SDK, Work Ethic, Cultural Awareness, Automated Testing, Teamwork, Move, Apache Solr",0.4011,0.0,0.0226,0.0,1
11890896.pdf,3379554375,Nebraska Public Media,Finishing Editor,1,7,6,8,0.125,0,0,1,0,Problem Solving,"CRI-O, iOS SDK, Privileged Access Management, Automated Testing, Make, Composer, Apache Solr",0.3566,0.0,0.0073,0.0,1
27756469.pdf,658723396,Orlando Credit Union,External Mortgage Loan Officer,1,8,10,9,0.1111,0,0,0,0,Leadership,"iOS SDK, Communication, Work Ethic, Automated Testing, Apache Solr, Integration Testing, Move, Amazon Neptune",0.3337,0.0,0.0072,0.0,0
17488801.pdf,3537193915,DIGS Vacation Rentals.com,Field Operations Specialist,1,6,4,7,0.1429,0,0,0,0,Communication,"iOS SDK, Work Ethic, Cultural Awareness, Apache Solr, Problem Solving, Amazon Neptune",0.3436,0.0,0.0148,0.0,0
19397727.pdf,3582587683,McNaughton Bros. Inc.,Accounts Analyst,1,5,5,6,0.1667,0,0,0,0,Communication,"iOS SDK, Work Ethic, Automated Testing, Amazon Neptune, Apache Solr",0.3517,0.0,0.0337,20.0,1
15139979.pdf,111513530,United Methodists of Greater New Jersey,"Content Writer, Communications",1,5,9,6,0.1667,0,0,1,0,Make,"iOS SDK, Apache Camel, Amazon Neptune, Collaboration, Apache Solr",0.3754,0.0,0.0075,0.0,1
28505854.pdf,3520238337,Grant Writing Solutions,Grants Writer - Subcontract,1,4,21,5,0.2,0,0,0,1,Mentoring,"Apache Solr, iOS SDK, Communication, Attention to Detail",0.36,0.0,0.0,0.0,1
10624813.pdf,3018278978,Aston Carter,Seasonal Office Administrator,0,5,23,5,0.0,0,0,0,0,,"iOS SDK, Work Ethic, Automated Testing, Amazon Neptune, Apache Solr",0.3004,0.0,0.0076,0.0,0
28831378.pdf,3515274431,Conduit Tech,Customer Success Manager,1,11,2,12,0.0833,0,0,0,0,Work Ethic,"CRI-O, iOS SDK, Communication, Excel, Automated Testing, Ownership, Exploratory Testing, Amazon Neptune, Reverse Engineering, Integration Testing, Apache Solr",0.3261,0.0,0.0219,0.0,0
26834746.pdf,3626110567,Mestek Machinery,Mechanical Design Engineer,1,8,4,9,0.1111,0,0,3,0,Communication,"iOS SDK, Excel, Branching Strategy, Mobile Security, D, Vault, Move, Apache Solr",0.3845,0.0,0.0226,28.0,1
17108676.pdf,3045980831,Armstrong Builders LLC,Project Engineer,1,3,5,4,0.25,0,0,1,0,Communication,"Automated Testing, Mobile Security, Attention to Detail",0.4145,0.0,0.04,28.0,1
28078163.pdf,3586242087,,Director of Sales,1,7,14,8,0.125,0,0,1,0,Communication,"iOS SDK, Strategic Thinking, Automated Testing, Negotiation, D, Leadership, Apache Solr",0.3566,0.0,0.0075,0.0,1
23497307.pdf,3045980831,Armstrong Builders LLC,Project Engineer,2,2,6,4,0.5,0,0,0,0,"Communication, Attention to Detail","Automated Testing, Mobile Security",0.5016,0.25,0.0317,28.0,1
16911115.pdf,3555161614,Starup Insurance,User Experience Designer,1,5,7,6,0.1667,0,0,1,0,Communication,"iOS SDK, Work Ethic, Design Thinking, User-Centered Design, Collaboration",0.3754,0.0,0.0078,0.0,1
22605864.pdf,3184403524,San José Clinic,Events & Communications Assistant,1,13,6,14,0.0714,0,0,2,0,Excel,"iOS SDK, Communication, Creativity, Automated Testing, Apache Solr, D, Schema Registry, Time Management, Quality Assurance, C, Pull Requests, Go, Amazon Neptune",0.3436,0.0,0.0142,0.0,0
20882041.pdf,1880409118,Kona Medical Consulting,Board Certified Behavior Analyst,1,6,5,7,0.1429,2,1,1,0,Communication,"iOS SDK, Facilitation, Work Ethic, Apache Solr, Integration Testing, Amazon Neptune",0.1775,0.0,0.0147,20.0,1
20566550.pdf,3578562287,Beat the Streets - Baltimore,Swahili Instructor,1,5,11,6,0.1667,0,0,1,1,Communication,"iOS SDK, Work Ethic, Automated Testing, Apache Ignite, Amazon Neptune",0.3761,0.0,0.0229,0.0,1
10624813.pdf,3211657373,AB Underground,Heavy Equipment Operator,0,7,23,7,0.0,0,0,1,0,,"iOS SDK, Work Ethic, Make, Apache Solr, Move, Room, Amazon Neptune",0.3218,0.0,0.0076,0.0,0
25919149.pdf,2157930553,Brady Insurance Group LLC,Customer Service Representative,2,8,6,10,0.2,0,0,0,0,"Problem Solving, Make","iOS SDK, Communication, Work Ethic, Automated Testing, Apache Solr, Integration Testing, Azure Monitor, Amazon Neptune",0.3622,0.0,0.0448,8.0,1
17108676.pdf,3018278978,Aston Carter,Seasonal Office Administrator,0,5,5,5,0.0,0,0,0,0,,"iOS SDK, Work Ethic, Automated Testing, Amazon Neptune, Apache Solr",0.3004,0.0,0.0076,0.0,0
15941675.pdf,3592392532,Lorenz Motors,Drone-Car Engineer,1,5,5,6,0.1667,0,0,0,0,Communication,"iOS SDK, Work Ethic, Automated Testing, Collaboration, Apache Solr",0.3512,0.0,0.0231,20.0,1
20566550.pdf,3018278978,Aston Carter,Seasonal Office Administrator,0,5,11,5,0.0,0,0,0,1,,"iOS SDK, Work Ethic, Automated Testing, Amazon Neptune, Apache Solr",0.3004,0.0,0.0076,0.0,0
16803215.pdf,3211657373,AB Underground,Heavy Equipment Operator,1,6,9,7,0.1429,0,0,0,0,Make,"iOS SDK, Work Ethic, Apache Solr, Move, Room, Amazon Neptune",0.3435,0.0,0.0135,0.0,0
15858254.pdf,56924323,,Structural Engineer,0,5,5,5,0.0,0,0,0,0,,"iOS SDK, Excel, Automated Testing, Retrofit, Amazon Neptune",0.3,0.0,0.0,20.0,0
21298336.pdf,266566927,Revesco Properties,Marketing & Office Coordinator,1,9,3,10,0.1,0,0,0,0,Excel,"CRI-O, HubSpot, iOS SDK, Ownership, Automated Testing, Apache Solr, Apache Druid, Adaptability, Amazon Neptune",0.3316,0.0,0.0328,0.0,1
16803215.pdf,2234533717,Ideando Inc,Full Stack Engineer,4,22,9,26,0.1538,3,0,0,0,"Quality Assurance, Communication, Make, Attention to Detail","Apache Ignite, Amazon Web Services, Express.js, Apache Solr, Responsive Design, Product Management, Problem Solving, Microsoft Azure, Agile, Collaboration, iOS SDK, MongoDB, Mentoring, Core Data, Work Ethic, JavaScript, Automated Testing, Google Cloud Platform, PostgreSQL, React, Python, TypeScript",0.1997,0.0,0.0707,84.0,1
27152464.pdf,2796728000,"Thorpe Design, Inc.",Fire Sprinkler Designer,1,6,37,7,0.1429,0,0,1,2,Communication,"iOS SDK, Work Ethic, Cultural Awareness, Attention to Detail, Apache Solr, Amazon Neptune",0.3647,0.0,0.0075,0.0,1
22605864.pdf,266825034,Recruitment Design,Software Support Specialist,0,7,6,7,0.0,0,0,1,0,,"iOS SDK, Communication, JavaScript, Make, Automated Testing, D, PHP",0.3618,0.2,0.0076,36.0,0
28762662.pdf,3586242087,,Director of Sales,1,7,18,8,0.125,0,0,2,0,Communication,"iOS SDK, Strategic Thinking, Automated Testing, Negotiation, D, Leadership, Apache Solr",0.3754,0.0,0.0075,0.0,1
26834746.pdf,2737009242,,Service Manager,3,11,4,14,0.2143,0,0,3,0,"Ownership, Communication, Leadership","Conflict Resolution, iOS SDK, Expo, Work Ethic, Chef, Automated Testing, Apache Solr, Integration Testing, Accountability, Decision Making, Amazon Neptune",0.4468,0.25,0.007,0.0,1
15139979.pdf,3586167732,StyleAI,Senior Software Engineer,1,18,9,19,0.0526,0,0,1,0,Ownership,"iOS SDK, Work Ethic, Cultural Awareness, Attention to Detail, JavaScript, Automated Testing, Apache Ignite, Google Cloud Platform, PostgreSQL, Apache Kafka, Amazon Neptune, Catalyst, Notion, Integration Testing, Azure Data Studio, TypeScript, Collaboration, Apache Solr",0.324,0.0,0.0065,72.0,0
23438227.pdf,3610596223,,Commercial Auto Underwriter Assistant,2,7,4,9,0.2222,0,1,2,0,"Excel, C","iOS SDK, Communication, Work Ethic, Make, Apache Solr, Teamwork, Amazon Neptune",0.4032,0.2,0.0148,0.0,1
14049846.pdf,3555161614,Starup Insurance,User Experience Designer,0,6,4,6,0.0,0,0,0,0,,"iOS SDK, Communication, Work Ethic, Design Thinking, User-Centered Design, Collaboration",0.3004,0.0,0.0078,0.0,0
11890896.pdf,3551631423,Miracles for Kids,Community Program Assistant,0,9,6,9,0.0,0,0,1,0,,"iOS SDK, Communication, Work Ethic, Excel, Cultural Awareness, Automated Testing, Teamwork, Move, Apache Solr",0.317,0.0,0.0074,0.0,0
15139979.pdf,658723396,Orlando Credit Union,External Mortgage Loan Officer,1,8,9,9,0.1111,0,0,2,0,Leadership,"iOS SDK, Communication, Work Ethic, Automated Testing, Apache Solr, Integration Testing, Move, Amazon Neptune",0.367,0.0,0.0072,0.0,1
25919149.pdf,844454682,,Commercial Property Manager,0,6,6,6,0.0,0,0,0,0,,"iOS SDK, Excel, Automated Testing, Apache Solr, Spring Framework, Amazon Neptune",0.3008,0.0,0.0152,8.0,0
28831378.pdf,3040487795,Lead Lab,Digital Marketing Intern,1,10,2,11,0.0909,0,0,0,0,Work Ethic,"iOS SDK, Communication, Slack, Automated Testing, Ownership, Spring Cloud, Apache Solr, Reverse Engineering, Apache Druid, Amazon Neptune",0.3287,0.0,0.0294,16.0,0
17103000.pdf,2796728000,"Thorpe Design, Inc.",Fire Sprinkler Designer,1,6,4,7,0.1429,0,0,1,0,Communication,"iOS SDK, Work Ethic, Cultural Awareness, Attention to Detail, Apache Solr, Amazon Neptune",0.3647,0.0,0.0075,0.0,1
11981094.pdf,3555161614,Starup Insurance,User Experience Designer,1,5,14,6,0.1667,0,0,1,0,Communication,"iOS SDK, Work Ethic, Design Thinking, User-Centered Design, Collaboration",0.3758,0.0,0.0156,0.0,1
25797445.pdf,2147609835,The Job Network,Trade Review Principal,0,9,2,9,0.0,0,0,0,0,,"iOS SDK, Work Ethic, Make, Ownership, Automated Testing, Apache Solr, Reverse Engineering, Vector Embeddings, Amazon Neptune",0.3007,0.0,0.0147,0.0,0
28762662.pdf,2269442456,navXcom,Computer Scientist,1,2,18,3,0.3333,0,0,1,0,Communication,"Work Ethic, Amazon Neptune",0.4504,0.0,0.008,20.0,1
10985403.pdf,3619548798,"Dexterity, Inc.",Senior Mechanical Engineer,0,10,2,10,0.0,0,0,0,0,,"iOS SDK, Work Ethic, Cultural Awareness, Make, Automated Testing, Technical Writing, Apache Solr, Reverse Engineering, Leadership, Amazon Neptune",0.3407,0.2,0.0143,20.0,0
17108676.pdf,3260455681,Weyerhaeuser,Operations Specialist,5,11,5,16,0.3125,0,0,3,0,"Communication, Excel, Mentoring, Time Management, Leadership","Conflict Resolution, iOS SDK, Work Ethic, Sentence Transformers, Make, Apache Solr, Reverse Engineering, Mobile Security, Vector Embeddings, Decision Making, Amazon Neptune",0.4251,0.0,0.0638,8.0,1
27040860.pdf,133130219,,Software Engineer,0,0,4,0,0.0,0,0,0,0,,,0.3006,0.0,0.0123,40.0,0
28078163.pdf,3219089287,,Recruitment Manager,0,3,14,3,0.0,0,0,0,0,,"Automated Testing, Leadership, Apache Solr",0.35,0.25,0.0,0.0,0
12748557.pdf,3196627399,Bellevue Downtown Association,Marketing & Communications – Content Writer Internship,2,11,5,13,0.1538,0,0,2,0,"Leadership, Collaboration","iOS SDK, Communication, Work Ethic, Attention to Detail, Apache Solr, Problem Solving, HTML, Reverse Engineering, Time Management, Teamwork, Amazon Neptune",0.3703,0.0,0.0208,0.0,1
17103000.pdf,3245063922,Saxon AI,Data Architect,0,5,4,5,0.0,0,0,0,0,,"Cultural Awareness, Amazon Web Services, Apache Spark, Python, SQL",0.3,0.0,0.0,64.0,0
19553067.pdf,175485704,GOYT,Software Engineer,0,11,3,11,0.0,0,0,0,0,,"iOS SDK, Communication, Work Ethic, MySQL, JavaScript, Apache Solr, HTML, PHP, CSS, Collaboration, Amazon Neptune",0.3,0.0,0.0,64.0,0
26834746.pdf,3533320307,NLB Services,Java architect / Lead Java developer,0,5,4,5,0.0,0,0,0,0,,"Automated Testing, REST API, React, TypeScript, Java",0.3,0.0,0.0,80.0,0
16911115.pdf,2147609789,Revature,Entry Level Oracle Financial Technology Consultant,1,4,7,5,0.2,0,0,1,0,Communication,"Apache Solr, iOS SDK, Work Ethic, Amazon Neptune",0.3907,0.0,0.0149,28.0,1
28762662.pdf,3520238337,Grant Writing Solutions,Grants Writer - Subcontract,2,3,18,5,0.4,0,0,1,0,"Communication, Mentoring","Apache Solr, iOS SDK, Attention to Detail",0.4504,0.0,0.0077,0.0,1
28628090.pdf,121605673,,Licensed Acupuncturist,2,6,14,8,0.25,0,0,2,0,"Communication, D","iOS SDK, Work Ethic, Apache Solr, Reverse Engineering, Time Management, Amazon Neptune",0.4129,0.0,0.0075,0.0,1
12748557.pdf,3184403524,San José Clinic,Events & Communications Assistant,1,13,5,14,0.0714,0,0,3,0,C,"iOS SDK, Communication, Excel, Creativity, Automated Testing, Apache Solr, D, Schema Registry, Time Management, Quality Assurance, Pull Requests, Go, Amazon Neptune",0.3539,0.0,0.007,0.0,0
17103000.pdf,3196627399,Bellevue Downtown Association,Marketing & Communications – Content Writer Internship,2,11,4,13,0.1538,0,0,2,0,"Communication, Leadership","iOS SDK, Work Ethic, Attention to Detail, Apache Solr, Problem Solving, HTML, Reverse Engineering, Time Management, Teamwork, Collaboration, Amazon Neptune",0.3706,0.0,0.028,0.0,1
13264796.pdf,1573178251,,Social Media Coordinator,1,4,11,5,0.2,0,0,1,0,Computer Vision,"Automated Testing, Work Ethic, Reverse Engineering, Apache Solr",0.3904,0.0,0.0076,0.0,1
10624813.pdf,3466187886,Landscape Management Group,Owner,1,8,23,9,0.1111,0,0,1,0,Integration Testing,"iOS SDK, Communication, Work Ethic, Automated Testing, Key Management, Collaboration, Creativity, Amazon Neptune",0.3504,0.0,0.0075,0.0,1
14049846.pdf,3075721793,ASA Architects,Architect/Project Manager,0,6,4,6,0.0,0,0,0,0,,"iOS SDK, Communication, Automated Testing, Apache Solr, Azure Synapse Analytics, Amazon Neptune",0.3004,0.0,0.0073,28.0,0
10624813.pdf,3547664337,Polyram Plastic Industries Ltd,Brand Representative,0,7,23,7,0.0,0,0,0,0,,"iOS SDK, Excel, Apache Solr, Extreme Programming, Negotiation, Collaboration, Amazon Neptune",0.3004,0.0,0.0076,0.0,0
17488801.pdf,3366698309,Webologix Ltd/ INC,Anaplan Developer,1,5,4,6,0.1667,0,0,0,0,Communication,"Excel, Work Ethic, Amazon Neptune, Agile, Apache Solr",0.3508,0.0,0.0154,28.0,1
24322804.pdf,266825034,Recruitment Design,Software Support Specialist,2,5,7,7,0.2857,0,0,0,0,"Communication, Make","iOS SDK, JavaScript, Automated Testing, D, PHP",0.3877,0.0,0.0391,36.0,1
24322804.pdf,1168783207,,Reps manager,0,6,7,6,0.0,0,0,0,0,,"iOS SDK, Work Ethic, GitHub Actions, Reverse Engineering, Spring Framework, Computer Vision",0.3008,0.0,0.0153,8.0,0
16803215.pdf,3533320307,NLB Services,Java architect / Lead Java developer,1,4,9,5,0.2,0,0,0,0,Java,"Automated Testing, REST API, TypeScript, React",0.3607,0.0,0.0141,80.0,0
26456899.pdf,3480552482,Women choice,Summer Intern for Women International Company,2,5,10,7,0.2857,0,0,0,0,"Communication, C","iOS SDK, Make, Amazon Neptune, Leadership, Apache Solr",0.387,0.0,0.0267,0.0,1
12472574.pdf,175485704,GOYT,Software Engineer,3,8,21,11,0.2727,0,0,0,2,"Communication, JavaScript, HTML","iOS SDK, MySQL, Work Ethic, Apache Solr, PHP, CSS, Collaboration, Amazon Neptune",0.3837,0.0,0.0382,64.0,1
28505854.pdf,121605673,,Licensed Acupuncturist,0,8,21,8,0.0,0,0,1,1,,"iOS SDK, Communication, Work Ethic, Apache Solr, Reverse Engineering, D, Time Management, Amazon Neptune",0.3191,0.0,0.0075,0.0,0
16803215.pdf,1573178251,,Social Media Coordinator,0,5,9,5,0.0,0,0,0,0,,"Work Ethic, Automated Testing, Reverse Engineering, Computer Vision, Apache Solr",0.3007,0.0,0.0137,0.0,0
22605864.pdf,3480552482,Women choice,Summer Intern for Women International Company,0,7,6,7,0.0,0,0,1,0,,"iOS SDK, Communication, Make, Apache Solr, Leadership, C, Amazon Neptune",0.3214,0.0,0.0,0.0,0
21298336.pdf,3322949022,Kenai Capital Advisors,"Director, Investment Sales",1,8,3,9,0.1111,0,0,0,0,Excel,"iOS SDK, Communication, Work Ethic, Azure Resource Manager, Automated Testing, Apache Solr, Negotiation, Amazon Neptune",0.3349,0.0,0.0317,8.0,1
27756469.pdf,3379554375,Nebraska Public Media,Finishing Editor,1,7,10,8,0.125,0,0,0,0,Problem Solving,"CRI-O, iOS SDK, Privileged Access Management, Automated Testing, Make, Composer, Apache Solr",0.3382,0.0,0.0147,0.0,0
18753367.pdf,2457183642,Galerie Candy and Gifts,Quality Assurance Manager,3,8,6,11,0.2727,0,0,1,0,"Quality Assurance, Communication, Make","iOS SDK, Excel, Apache Solr, Mobile Security, Time Management, Qt Creator, Decision Making, Amazon Neptune",0.4295,0.1667,0.0146,28.0,1
17926546.pdf,3245063922,Saxon AI,Data Architect,0,5,9,5,0.0,0,0,0,0,,"Cultural Awareness, Amazon Web Services, Apache Spark, Python, SQL",0.3,0.0,0.0,64.0,0
22605864.pdf,368586246,STL Fertility,Embryologist,1,4,6,5,0.2,0,0,0,0,Excel,"Automated Testing, CompTIA A+, Integration Testing, Apache Solr",0.3608,0.0,0.0156,0.0,1
28628090.pdf,3520238337,Grant Writing Solutions,Grants Writer - Subcontract,1,4,14,5,0.2,0,0,1,0,Communication,"Apache Solr, iOS SDK, Mentoring, Attention to Detail",0.3904,0.0,0.0077,0.0,1
28628090.pdf,111513530,United Methodists of Greater New Jersey,"Content Writer, Communications",1,5,14,6,0.1667,0,0,1,0,Make,"iOS SDK, Apache Camel, Amazon Neptune, Collaboration, Apache Solr",0.375,0.0,0.0,0.0,1
28923650.pdf,2269442456,navXcom,Computer Scientist,0,3,6,3,0.0,0,0,0,0,,"Communication, Work Ethic, Amazon Neptune",0.3004,0.0,0.008,20.0,0
14554542.pdf,3383214611,Crisp,Account Executive - Mid-Market,1,12,3,13,0.0769,0,0,1,0,Communication,"iOS SDK, Excel, Work Ethic, Make, Automated Testing, Apache Solr, Salesforce, Reverse Engineering, Integration Testing, D, Teamwork, Amazon Neptune",0.335,0.0,0.0072,0.0,0
26456899.pdf,2157930553,Brady Insurance Group LLC,Customer Service Representative,1,9,10,10,0.1,0,0,0,0,Communication,"iOS SDK, Work Ethic, Make, Automated Testing, Problem Solving, Apache Solr, Integration Testing, Azure Monitor, Amazon Neptune",0.3312,0.0,0.025,8.0,1
28320387.pdf,3245063922,Saxon AI,Data Architect,0,5,5,5,0.0,0,0,0,0,,"Cultural Awareness, Amazon Web Services, Apache Spark, Python, SQL",0.3,0.0,0.0,64.0,0
27040860.pdf,974774701,Kate Meadows Writing and Editing,Blog writer and virtual assistant,2,3,4,5,0.4,0,0,0,0,"Communication, Time Management","iOS SDK, Black, Coaching",0.4224,0.0,0.0471,0.0,1
28078163.pdf,3177010992,ABC Farigua Division,Customer Service Representative,0,6,14,6,0.0,0,0,0,0,,"iOS SDK, Work Ethic, Responsive Design, Reverse Engineering, Mobile Security, Amazon Neptune",0.3008,0.0,0.0152,8.0,0
15139979.pdf,2147609929,The Job Network,Production Planner,2,9,9,11,0.1818,0,0,3,0,"Leadership, Make","iOS SDK, Excel, Work Ethic, Automated Testing, Apache Solr, IBM Db2, Mobile Security, C, Amazon Neptune",0.3958,0.0,0.007,8.0,1
24322804.pdf,3478651125,Axalume,Photonics Layout Intern,2,6,7,8,0.25,0,0,0,0,"Communication, Make","iOS SDK, Work Ethic, Python, Informatica PowerCenter, C#, Apache Solr",0.3758,0.0,0.0153,8.0,1
14049846.pdf,111513530,United Methodists of Greater New Jersey,"Content Writer, Communications",1,5,4,6,0.1667,0,0,1,0,Make,"iOS SDK, Apache Camel, Amazon Neptune, Collaboration, Apache Solr",0.3754,0.0,0.0075,0.0,1
20882041.pdf,2195921577,,Associate Planner,3,10,5,13,0.2308,2,0,3,0,"Communication, Excel, Leadership","iOS SDK, Work Ethic, Strategic Thinking, Automated Testing, Problem Solving, Apache Solr, Mobile Security, Teamwork, Move, Amazon Neptune",0.2549,0.0,0.0214,8.0,1
16911115.pdf,3245063922,Saxon AI,Data Architect,0,5,7,5,0.0,0,0,0,0,,"Cultural Awareness, Amazon Web Services, Apache Spark, Python, SQL",0.3,0.0,0.0,64.0,0
10624813.pdf,2457183642,Galerie Candy and Gifts,Quality Assurance Manager,0,11,23,11,0.0,0,0,0,0,,"iOS SDK, Communication, Excel, Make, Apache Solr, Mobile Security, Time Management, Quality Assurance, Qt Creator, Decision Making, Amazon Neptune",0.3004,0.0,0.0072,28.0,0
24322804.pdf,175485704,GOYT,Software Engineer,1,10,7,11,0.0909,0,0,0,0,Communication,"iOS SDK, MySQL, Work Ethic, JavaScript, Apache Solr, HTML, PHP, CSS, Collaboration, Amazon Neptune",0.328,0.0,0.0149,64.0,0
18753367.pdf,2954591060,Naked Wardrobe,Social Media Coordinator,1,3,6,4,0.25,0,0,0,0,Communication,"iOS SDK, Fluent Bit, Collaboration",0.3758,0.0,0.0155,0.0,1
17926546.pdf,3260455681,Weyerhaeuser,Operations Specialist,2,14,9,16,0.125,0,0,0,0,"Excel, Leadership","Conflict Resolution, iOS SDK, Communication, Work Ethic, Make, Sentence Transformers, Apache Solr, Reverse Engineering, Mobile Security, Mentoring, Vector Embeddings, Time Management, Decision Making, Amazon Neptune",0.3389,0.0,0.0274,8.0,1
22605864.pdf,266566927,Revesco Properties,Marketing & Office Coordinator,1,9,6,10,0.1,0,0,0,0,Excel,"CRI-O, HubSpot, iOS SDK, Ownership, Automated Testing, Apache Solr, Apache Druid, Adaptability, Amazon Neptune",0.3311,0.0,0.0221,0.0,1
17926546.pdf,121605673,,Licensed Acupuncturist,1,7,9,8,0.125,0,0,1,0,D,"iOS SDK, Communication, Work Ethic, Apache Solr, Reverse Engineering, Time Management, Amazon Neptune",0.357,0.0,0.015,0.0,1
12518008.pdf,3619548798,"Dexterity, Inc.",Senior Mechanical Engineer,1,9,5,10,0.1,0,1,1,0,Leadership,"iOS SDK, Work Ethic, Cultural Awareness, Make, Automated Testing, Technical Writing, Apache Solr, Reverse Engineering, Amazon Neptune",0.3093,0.0,0.0365,20.0,1
28762662.pdf,3383214611,Crisp,Account Executive - Mid-Market,3,10,18,13,0.2308,0,0,3,0,"Teamwork, Communication, Make","iOS SDK, Excel, Work Ethic, Automated Testing, Apache Solr, Salesforce, Reverse Engineering, Integration Testing, D, Amazon Neptune",0.4046,0.0,0.0145,0.0,1
19396040.pdf,2147609835,The Job Network,Trade Review Principal,1,8,8,9,0.1111,0,0,1,0,Make,"iOS SDK, Work Ethic, Ownership, Automated Testing, Apache Solr, Reverse Engineering, Vector Embeddings, Amazon Neptune",0.3504,0.0,0.0073,0.0,1
26456899.pdf,3586242087,,Director of Sales,1,7,10,8,0.125,0,0,0,0,Communication,"iOS SDK, Strategic Thinking, Automated Testing, Negotiation, D, Leadership, Apache Solr",0.3402,0.0,0.0541,0.0,1
16911115.pdf,111513530,United Methodists of Greater New Jersey,"Content Writer, Communications",1,5,7,6,0.1667,0,0,0,0,Make,"iOS SDK, Apache Camel, Amazon Neptune, Collaboration, Apache Solr",0.3504,0.0,0.0075,0.0,0
15858254.pdf,3245063922,Saxon AI,Data Architect,0,5,5,5,0.0,0,0,0,0,,"Cultural Awareness, Amazon Web Services, Apache Spark, Python, SQL",0.3007,0.0,0.0145,64.0,0
24647794.pdf,56924323,,Structural Engineer,0,5,9,5,0.0,0,0,0,0,,"iOS SDK, Excel, Automated Testing, Retrofit, Amazon Neptune",0.3,0.0,0.0,20.0,0
10624813.pdf,3610596223,,Commercial Auto Underwriter Assistant,1,8,23,9,0.1111,0,0,1,0,C,"iOS SDK, Communication, Work Ethic, Excel, Make, Apache Solr, Teamwork, Amazon Neptune",0.3511,0.0,0.0224,0.0,1
28505854.pdf,1168783207,,Reps manager,1,5,21,6,0.1667,0,0,0,1,Computer Vision,"iOS SDK, Work Ethic, GitHub Actions, Reverse Engineering, Spring Framework",0.4178,0.3333,0.0231,8.0,1
23497307.pdf,121605673,,Licensed Acupuncturist,1,7,6,8,0.125,0,0,1,0,Communication,"iOS SDK, Work Ethic, Apache Solr, Reverse Engineering, D, Time Management, Amazon Neptune",0.357,0.0,0.015,0.0,1
26834746.pdf,3431736996,Marquee Event Rentals,Client Service Representative,0,8,4,8,0.0,0,0,0,0,,"iOS SDK, Azure Resource Manager, Attention to Detail, Automated Testing, Apache Solr, Integration Testing, Room, Amazon Neptune",0.3,0.0,0.0,8.0,0
19396040.pdf,3533320307,NLB Services,Java architect / Lead Java developer,1,4,8,5,0.2,0,0,0,0,Java,"Automated Testing, REST API, TypeScript, React",0.36,0.0,0.0,80.0,0
21298336.pdf,2954591060,Naked Wardrobe,Social Media Coordinator,0,4,3,4,0.0,0,0,0,0,,"iOS SDK, Communication, Fluent Bit, Collaboration",0.3009,0.0,0.0185,0.0,0
28078163.pdf,3610596223,,Commercial Auto Underwriter Assistant,2,7,14,9,0.2222,0,0,1,0,"Communication, C","iOS SDK, Excel, Work Ethic, Make, Apache Solr, Teamwork, Amazon Neptune",0.3841,0.0,0.0148,0.0,1
15139979.pdf,3478651125,Axalume,Photonics Layout Intern,1,7,9,8,0.125,0,0,2,0,Make,"iOS SDK, Communication, Work Ethic, Python, Informatica PowerCenter, C#, Apache Solr",0.375,0.0,0.0,8.0,1
27152464.pdf,3260455681,Weyerhaeuser,Operations Specialist,6,10,37,16,0.375,0,0,6,2,"Conflict Resolution, Communication, Make, Mentoring, Time Management, Leadership","iOS SDK, Excel, Work Ethic, Sentence Transformers, Apache Solr, Reverse Engineering, Mobile Security, Vector Embeddings, Decision Making, Amazon Neptune",0.4701,0.0,0.0274,8.0,1
14049846.pdf,95428182,CLEVELAND KIDS BOOK BANK,Administrative Coordinator,2,10,4,12,0.1667,0,0,1,0,"Creativity, Make","iOS SDK, Communication, Work Ethic, Attention to Detail, Automated Testing, Apache Solr, Azure Monitor, Time Management, Collaboration, Amazon Neptune",0.3636,0.0,0.0214,8.0,1
19397727.pdf,2735151240,LT Apparel Group,Intern- Business Analytics,1,7,5,8,0.125,0,0,0,0,Communication,"Power BI, Tableau, Excel, Work Ethic, iOS SDK, Teamwork, Amazon Neptune",0.3386,0.0,0.0225,20.0,1
28831378.pdf,3480552482,Women choice,Summer Intern for Women International Company,0,7,2,7,0.0,0,0,1,0,,"iOS SDK, Communication, Make, Apache Solr, Leadership, C, Amazon Neptune",0.3218,0.0,0.0075,0.0,0
28762662.pdf,974774701,Kate Meadows Writing and Editing,Blog writer and virtual assistant,1,4,18,5,0.2,0,0,1,0,Communication,"iOS SDK, Black, Coaching, Time Management",0.3904,0.0,0.0077,0.0,1
28505854.pdf,3196627399,Bellevue Downtown Association,Marketing & Communications – Content Writer Internship,1,12,21,13,0.0769,0,0,1,1,Leadership,"iOS SDK, Communication, Work Ethic, Attention to Detail, Apache Solr, Problem Solving, HTML, Reverse Engineering, Time Management, Teamwork, Collaboration, Amazon Neptune",0.3353,0.0,0.0138,0.0,0
24647794.pdf,95428182,CLEVELAND KIDS BOOK BANK,Administrative Coordinator,1,11,9,12,0.0833,0,0,1,0,Communication,"iOS SDK, Work Ethic, Make, Automated Testing, Attention to Detail, Apache Solr, Azure Monitor, Time Management, Collaboration, Creativity, Amazon Neptune",0.3382,0.0,0.0142,8.0,0
10219099.pdf,974774701,Kate Meadows Writing and Editing,Blog writer and virtual assistant,2,3,5,5,0.4,0,0,0,0,"Communication, Coaching","iOS SDK, Black, Time Management",0.421,0.0,0.019,0.0,1
19397727.pdf,1168783207,,Reps manager,0,6,5,6,0.0,0,0,0,0,,"iOS SDK, Work Ethic, GitHub Actions, Reverse Engineering, Spring Framework, Computer Vision",0.3011,0.0,0.0225,8.0,0
24647794.pdf,3075721793,ASA Architects,Architect/Project Manager,1,5,9,6,0.1667,0,0,1,0,Communication,"iOS SDK, Automated Testing, Azure Synapse Analytics, Amazon Neptune, Apache Solr",0.3761,0.0,0.0222,28.0,1
16911115.pdf,2269442456,navXcom,Computer Scientist,1,2,7,3,0.3333,0,0,1,0,Communication,"Work Ethic, Amazon Neptune",0.4504,0.0,0.008,20.0,1
16911115.pdf,3547664337,Polyram Plastic Industries Ltd,Brand Representative,1,6,7,7,0.1429,0,0,1,0,Excel,"iOS SDK, Apache Solr, Extreme Programming, Negotiation, Collaboration, Amazon Neptune",0.3647,0.0,0.0076,0.0,1
15858254.pdf,3547664337,Polyram Plastic Industries Ltd,Brand Representative,0,7,5,7,0.0,0,0,0,0,,"iOS SDK, Excel, Apache Solr, Extreme Programming, Negotiation, Collaboration, Amazon Neptune",0.3,0.0,0.0,0.0,0
25608963.pdf,3619548798,"Dexterity, Inc.",Senior Mechanical Engineer,1,9,9,10,0.1,0,0,0,0,Leadership,"iOS SDK, Work Ethic, Cultural Awareness, Make, Automated Testing, Technical Writing, Apache Solr, Reverse Engineering, Amazon Neptune",0.3304,0.0,0.0071,20.0,0
26834746.pdf,3480552482,Women choice,Summer Intern for Women International Company,2,5,4,7,0.2857,0,0,3,0,"Communication, Leadership","iOS SDK, Make, Amazon Neptune, C, Apache Solr",0.4504,0.0,0.0075,0.0,1
21847415.pdf,3619548798,"Dexterity, Inc.",Senior Mechanical Engineer,1,9,6,10,0.1,0,1,1,0,Make,"iOS SDK, Work Ethic, Technical Writing, Cultural Awareness, Automated Testing, Apache Solr, Reverse Engineering, Leadership, Amazon Neptune",0.3082,0.0,0.0143,20.0,1
15601399.pdf,3075721793,ASA Architects,Architect/Project Manager,1,5,1,6,0.1667,0,1,0,0,Communication,"iOS SDK, Automated Testing, Azure Synapse Analytics, Amazon Neptune, Apache Solr",0.3132,0.0,0.0147,28.0,0
17108676.pdf,3308438674,Consulate General of Israel to New England,Director of Communications and Digital Diplomacy,2,6,5,8,0.25,0,0,2,0,"Communication, Time Management","iOS SDK, Multi-Factor Authentication, Pull Requests, Computer Vision, Creativity, Apache Solr",0.4136,0.0,0.0219,0.0,1
15858254.pdf,2838336689,Athos Private Wealth,Executive Assistant,1,7,5,8,0.125,3,0,0,0,Communication,"Growth Mindset, iOS SDK, Work Ethic, Automated Testing, Apache Solr, Apache Druid, Amazon Neptune",0.1888,0.0,0.0267,0.0,1
17926546.pdf,2269442456,navXcom,Computer Scientist,0,3,9,3,0.0,0,0,0,0,,"Communication, Work Ethic, Amazon Neptune",0.3004,0.0,0.008,20.0,0
25797445.pdf,368586246,STL Fertility,Embryologist,1,4,2,5,0.2,0,0,0,0,Excel,"Automated Testing, CompTIA A+, Integration Testing, Apache Solr",0.3612,0.0,0.0236,0.0,1
17043822.pdf,2737009242,,Service Manager,3,11,11,14,0.2143,3,0,2,0,"Ownership, Communication, Leadership","Conflict Resolution, iOS SDK, Expo, Work Ethic, Chef, Automated Testing, Apache Solr, Integration Testing, Accountability, Decision Making, Amazon Neptune",0.2864,0.25,0.0142,0.0,1
10985403.pdf,3184403524,San José Clinic,Events & Communications Assistant,0,14,2,14,0.0,0,0,2,0,,"iOS SDK, Communication, Creativity, Excel, Go, Automated Testing, Amazon Neptune, D, Schema Registry, Time Management, Quality Assurance, Pull Requests, C, Apache Solr",0.3218,0.0,0.007,0.0,0
21038022.pdf,3610591138,Mountain View Eye Center,Ophthalmic Technician,2,7,12,9,0.2222,0,0,2,0,"Communication, Leadership","CRI-O, iOS SDK, Work Ethic, D, Model Deployment, Coaching, Amazon Neptune",0.4004,0.0,0.0076,0.0,1
17108676.pdf,3431736996,Marquee Event Rentals,Client Service Representative,0,8,5,8,0.0,0,0,0,0,,"iOS SDK, Azure Resource Manager, Attention to Detail, Automated Testing, Apache Solr, Integration Testing, Room, Amazon Neptune",0.3007,0.0,0.0147,8.0,0
16911115.pdf,2147609712,The Job Network,Med-RN ER,0,8,7,8,0.0,0,0,0,0,,"iOS SDK, Work Ethic, Cultural Awareness, Automated Testing, Critical Thinking, React Native, Azure Monitor, Amazon Neptune",0.3,0.0,0.0,16.0,0
25797445.pdf,3245063922,Saxon AI,Data Architect,0,5,2,5,0.0,0,0,0,0,,"Cultural Awareness, Amazon Web Services, Apache Spark, Python, SQL",0.3,0.0,0.0,64.0,0
25797445.pdf,3578562287,Beat the Streets - Baltimore,Swahili Instructor,1,5,2,6,0.1667,0,0,0,0,Communication,"iOS SDK, Work Ethic, Automated Testing, Apache Ignite, Amazon Neptune",0.3511,0.0,0.0229,0.0,1
27152464.pdf,3018278978,Aston Carter,Seasonal Office Administrator,0,5,37,5,0.0,0,0,0,2,,"iOS SDK, Work Ethic, Automated Testing, Amazon Neptune, Apache Solr",0.3,0.0,0.0,0.0,0
10030015.pdf,2147609835,The Job Network,Trade Review Principal,0,9,1,9,0.0,0,0,0,0,,"iOS SDK, Work Ethic, Make, Ownership, Automated Testing, Amazon Neptune, Reverse Engineering, Vector Embeddings, Apache Solr",0.3011,0.0,0.0222,0.0,0
20882041.pdf,266566927,Revesco Properties,Marketing & Office Coordinator,2,8,5,10,0.2,0,0,1,0,"Ownership, Excel","CRI-O, HubSpot, iOS SDK, Automated Testing, Apache Solr, Apache Druid, Adaptability, Amazon Neptune",0.3757,0.0,0.0146,0.0,1
21298336.pdf,56482768,,Appalachian Highlands Women's Business Center,2,11,3,13,0.1538,2,0,0,0,"Excel, Leadership","iOS SDK, Communication, Work Ethic, Facilitation, Strategic Thinking, Make, Automated Testing, Product Management, Apache Solr, Collaboration, Amazon Neptune",0.1976,0.0,0.0294,0.0,1
15941675.pdf,3308438674,Consulate General of Israel to New England,Director of Communications and Digital Diplomacy,2,6,5,8,0.25,0,0,1,0,"Communication, Time Management","iOS SDK, Multi-Factor Authentication, Pull Requests, Computer Vision, Creativity, Apache Solr",0.3956,0.0,0.037,0.0,1
28078163.pdf,2147609789,Revature,Entry Level Oracle Financial Technology Consultant,1,4,14,5,0.2,0,0,0,0,Communication,"Apache Solr, iOS SDK, Work Ethic, Amazon Neptune",0.3604,0.0,0.0074,28.0,0
12472574.pdf,2195921577,,Associate Planner,4,9,21,13,0.3077,2,0,0,2,"Automated Testing, Problem Solving, Communication, Leadership","iOS SDK, Excel, Work Ethic, Strategic Thinking, Apache Solr, Mobile Security, Teamwork, Move, Amazon Neptune",0.2441,0.0,0.0362,8.0,1
28628090.pdf,3366698309,Webologix Ltd/ INC,Anaplan Developer,2,4,14,6,0.3333,0,0,2,0,"Communication, Excel","Apache Solr, Work Ethic, Agile, Amazon Neptune",0.4504,0.0,0.0076,28.0,1
20882041.pdf,3219089287,,Recruitment Manager,1,2,5,3,0.3333,0,0,1,0,Leadership,"Automated Testing, Apache Solr",0.5171,0.3333,0.0079,0.0,1
18753367.pdf,56924323,,Structural Engineer,1,4,6,5,0.2,0,0,1,0,Retrofit,"Automated Testing, iOS SDK, Excel, Amazon Neptune",0.3908,0.0,0.0156,20.0,1
26456899.pdf,3018278978,Aston Carter,Seasonal Office Administrator,0,5,10,5,0.0,0,0,0,0,,"iOS SDK, Work Ethic, Automated Testing, Amazon Neptune, Apache Solr",0.3007,0.0,0.0135,0.0,0
19124258.pdf,3322949022,Kenai Capital Advisors,"Director, Investment Sales",1,8,2,9,0.1111,0,1,0,0,Excel,"iOS SDK, Communication, Work Ethic, Azure Resource Manager, Automated Testing, Apache Solr, Negotiation, Amazon Neptune",0.2969,0.0,0.0217,8.0,1
17926546.pdf,3480552482,Women choice,Summer Intern for Women International Company,1,6,9,7,0.1429,0,0,1,0,Leadership,"iOS SDK, Communication, Make, Apache Solr, C, Amazon Neptune",0.3647,0.0,0.0075,0.0,1
23497307.pdf,3582587683,McNaughton Bros. Inc.,Accounts Analyst,1,5,6,6,0.1667,0,0,0,0,Communication,"iOS SDK, Work Ethic, Automated Testing, Amazon Neptune, Apache Solr",0.3508,0.0,0.0152,20.0,1
14049846.pdf,3578562287,Beat the Streets - Baltimore,Swahili Instructor,0,6,4,6,0.0,0,0,0,0,,"iOS SDK, Communication, Work Ethic, Automated Testing, Apache Ignite, Amazon Neptune",0.3004,0.0,0.0075,0.0,0
14206561.pdf,3383214611,Crisp,Account Executive - Mid-Market,1,12,1,13,0.0769,0,0,1,1,Excel,"iOS SDK, Communication, Work Ethic, Make, Automated Testing, Salesforce, Amazon Neptune, Reverse Engineering, Integration Testing, D, Teamwork, Apache Solr",0.3355,0.0,0.0174,0.0,0
25797445.pdf,3555161614,Starup Insurance,User Experience Designer,1,5,2,6,0.1667,0,0,0,0,Communication,"iOS SDK, Work Ethic, Design Thinking, User-Centered Design, Collaboration",0.3504,0.0,0.0078,0.0,0
28320387.pdf,3478651125,Axalume,Photonics Layout Intern,2,6,5,8,0.25,0,0,1,0,"Communication, Make","iOS SDK, Work Ethic, Python, Informatica PowerCenter, C#, Apache Solr",0.4445,0.25,0.0153,8.0,1
16911115.pdf,3045980831,Armstrong Builders LLC,Project Engineer,1,3,7,4,0.25,0,0,1,0,Communication,"Automated Testing, Mobile Security, Attention to Detail",0.4133,0.0,0.0156,28.0,1
20981299.pdf,3184403524,San José Clinic,Events & Communications Assistant,1,13,4,14,0.0714,0,0,3,0,C,"iOS SDK, Communication, Excel, Creativity, Automated Testing, Apache Solr, D, Schema Registry, Time Management, Quality Assurance, Pull Requests, Go, Amazon Neptune",0.4043,0.25,0.0142,0.0,0
10030015.pdf,1573178251,,Social Media Coordinator,0,5,1,5,0.0,0,0,0,0,,"Work Ethic, Automated Testing, Reverse Engineering, Computer Vision, Apache Solr",0.3012,0.0,0.0238,0.0,0
26456899.pdf,368586246,STL Fertility,Embryologist,1,4,10,5,0.2,0,0,0,0,Excel,"Automated Testing, CompTIA A+, Integration Testing, Apache Solr",0.3629,0.0,0.058,0.0,1
19397727.pdf,1143359956,,National Sales Manager,1,7,5,8,0.125,0,0,0,0,Communication,"iOS SDK, Work Ethic, Make, Apache Solr, Integration Testing, Room, Amazon Neptune",0.3391,0.0,0.0326,0.0,1
28628090.pdf,3219089287,,Recruitment Manager,1,2,14,3,0.3333,0,0,1,0,Leadership,"Automated Testing, Apache Solr",0.5167,0.3333,0.0,0.0,1
15941675.pdf,1143359956,,National Sales Manager,1,7,5,8,0.125,0,0,0,0,Communication,"iOS SDK, Work Ethic, Make, Apache Solr, Integration Testing, Room, Amazon Neptune",0.3386,0.0,0.0224,0.0,1
21298336.pdf,266825034,Recruitment Design,Software Support Specialist,0,7,3,7,0.0,0,0,0,0,,"iOS SDK, Communication, JavaScript, Make, Automated Testing, D, PHP",0.3009,0.0,0.0179,36.0,0
17103000.pdf,133130219,,Software Engineer,0,0,4,0,0.0,0,0,0,0,,,0.3008,0.0,0.0164,40.0,0
20882041.pdf,3578562287,Beat the Streets - Baltimore,Swahili Instructor,1,5,5,6,0.1667,0,0,1,0,Communication,"iOS SDK, Work Ethic, Automated Testing, Apache Ignite, Amazon Neptune",0.3758,0.0,0.0152,0.0,1
21298336.pdf,3540371917,KeyBank,Enterprise Data & Analytics Infrastructure Manager,0,0,3,0,0.0,0,0,0,0,,,0.3,0.0,0.0,60.0,0
24322804.pdf,3431736996,Marquee Event Rentals,Client Service Representative,0,8,7,8,0.0,0,0,0,0,,"iOS SDK, Azure Resource Manager, Attention to Detail, Automated Testing, Apache Solr, Integration Testing, Room, Amazon Neptune",0.3004,0.0,0.0073,8.0,0
21038022.pdf,3366698309,Webologix Ltd/ INC,Anaplan Developer,1,5,12,6,0.1667,0,0,0,0,Communication,"Excel, Work Ethic, Amazon Neptune, Agile, Apache Solr",0.3508,0.0,0.0154,28.0,1
17926546.pdf,133130219,,Software Engineer,0,0,9,0,0.0,0,0,0,0,,,0.3008,0.0,0.0164,40.0,0
12488356.pdf,2372177891,iWealth,Client Service Associate,0,5,7,5,0.0,0,0,0,1,,"CRI-O, Automated Testing, Integration Testing, Room, Apache Solr",0.3004,0.0,0.0078,0.0,0
12472574.pdf,2147609712,The Job Network,Med-RN ER,1,7,21,8,0.125,0,0,0,2,Automated Testing,"iOS SDK, Work Ethic, Cultural Awareness, Critical Thinking, React Native, Azure Monitor, Amazon Neptune",0.3379,0.0,0.0074,16.0,1
16911115.pdf,3196627399,Bellevue Downtown Association,Marketing & Communications – Content Writer Internship,2,11,7,13,0.1538,0,0,2,0,"Problem Solving, Communication","iOS SDK, Work Ethic, Attention to Detail, Apache Solr, HTML, Reverse Engineering, Time Management, Teamwork, Leadership, Collaboration, Amazon Neptune",0.371,0.0,0.0352,0.0,1
28923650.pdf,3578562287,Beat the Streets - Baltimore,Swahili Instructor,0,6,6,6,0.0,0,0,0,0,,"iOS SDK, Communication, Work Ethic, Automated Testing, Apache Ignite, Amazon Neptune",0.3004,0.0,0.0075,0.0,0
12011623.pdf,3540371917,KeyBank,Enterprise Data & Analytics Infrastructure Manager,0,0,12,0,0.0,0,0,0,0,,,0.3008,0.0,0.0163,60.0,0
27040860.pdf,3586242087,,Director of Sales,1,7,4,8,0.125,0,0,0,0,Communication,"iOS SDK, Strategic Thinking, Automated Testing, Negotiation, D, Leadership, Apache Solr",0.3386,0.0,0.022,0.0,1
28762662.pdf,445337908,Food Bank of Alaska,Chief Operating Officer,1,6,18,7,0.1429,0,0,2,0,Make,"iOS SDK, Automated Testing, D, Apache Druid, Leadership, Amazon Neptune",0.3857,0.0,0.0,0.0,1
17108676.pdf,2796728000,"Thorpe Design, Inc.",Fire Sprinkler Designer,1,6,5,7,0.1429,0,0,1,0,Communication,"iOS SDK, Work Ethic, Cultural Awareness, Attention to Detail, Apache Solr, Amazon Neptune",0.365,0.0,0.015,0.0,1
23497307.pdf,3578562287,Beat the Streets - Baltimore,Swahili Instructor,1,5,6,6,0.1667,0,0,0,0,Communication,"iOS SDK, Work Ethic, Automated Testing, Apache Ignite, Amazon Neptune",0.3508,0.0,0.0152,0.0,1
24647794.pdf,3251984218,SLS Solutions,SAP BTP,0,2,9,2,0.0,0,0,0,0,,"iOS SDK, SQL",0.3,0.0,0.0,8.0,0
25608963.pdf,2920450495,Grunwald Mechanical Contractors & Engineers,Service Coordinator,2,7,9,9,0.2222,4,0,1,0,"Communication, Room","CRI-O, iOS SDK, Work Ethic, Google Pub/Sub, Apache Solr, Teamwork, Amazon Neptune",0.2337,0.0,0.0074,0.0,1
28630325.pdf,266825034,Recruitment Design,Software Support Specialist,1,6,12,7,0.1429,0,0,1,0,PHP,"iOS SDK, Communication, JavaScript, Make, Automated Testing, D",0.365,0.0,0.0153,36.0,1
28628090.pdf,3619548798,"Dexterity, Inc.",Senior Mechanical Engineer,2,8,14,10,0.2,0,0,2,0,"Leadership, Make","iOS SDK, Work Ethic, Technical Writing, Cultural Awareness, Automated Testing, Apache Solr, Reverse Engineering, Amazon Neptune",0.39,0.0,0.0,20.0,1
20566550.pdf,133130219,,Software Engineer,0,0,11,0,0.0,0,0,0,1,,,0.3004,0.0,0.0081,40.0,0
20566550.pdf,266566927,Revesco Properties,Marketing & Office Coordinator,0,10,11,10,0.0,0,0,0,1,,"CRI-O, HubSpot, Excel, iOS SDK, Automated Testing, Ownership, Apache Solr, Apache Druid, Adaptability, Amazon Neptune",0.3007,0.0,0.0146,0.0,0
24647794.pdf,3520238337,Grant Writing Solutions,Grants Writer - Subcontract,1,4,9,5,0.2,0,0,1,0,Communication,"Apache Solr, iOS SDK, Mentoring, Attention to Detail",0.3904,0.0,0.0077,0.0,1
20882041.pdf,3478651125,Axalume,Photonics Layout Intern,1,7,5,8,0.125,0,0,1,0,Communication,"iOS SDK, Work Ethic, Make, Python, Informatica PowerCenter, C#, Apache Solr",0.3566,0.0,0.0076,8.0,1
27756469.pdf,3270034794,Eclipse Building Corp,Commercial Construction Project Managers/Superintendents,2,9,10,11,0.1818,0,0,0,0,"Problem Solving, Attention to Detail","iOS SDK, Communication, Work Ethic, Apache Ignite, Apache Pinot, GDPR Compliance, Mobile Security, Amazon RDS, Apache Solr",0.356,0.0,0.0282,8.0,1
20882041.pdf,3480552482,Women choice,Summer Intern for Women International Company,2,5,5,7,0.2857,0,0,3,0,"Communication, Leadership","iOS SDK, Make, Amazon Neptune, C, Apache Solr",0.4508,0.0,0.0152,0.0,1
11890896.pdf,3431736996,Marquee Event Rentals,Client Service Representative,0,8,6,8,0.0,0,0,1,0,,"iOS SDK, Azure Resource Manager, Attention to Detail, Automated Testing, Apache Solr, Integration Testing, Room, Amazon Neptune",0.3187,0.0,0.0,8.0,0
28078163.pdf,1168783207,,Reps manager,0,6,14,6,0.0,0,0,0,0,,"iOS SDK, Work Ethic, GitHub Actions, Reverse Engineering, Spring Framework, Computer Vision",0.3504,0.25,0.0076,8.0,0
15139979.pdf,1826257634,The Medicare Coach,Social Security Specialist / Retirement Benefit Advisor (Remote),1,12,9,13,0.0769,0,0,3,0,Make,"iOS SDK, Excel, Work Ethic, Communication, Automated Testing, Apache Solr, Reverse Engineering, Manual Testing, Integration Testing, Teamwork, Go, Amazon Neptune",0.358,0.0,0.0069,28.0,0
17108676.pdf,2157930553,Brady Insurance Group LLC,Customer Service Representative,1,9,5,10,0.1,0,0,1,0,Communication,"iOS SDK, Work Ethic, Make, Automated Testing, Problem Solving, Apache Solr, Integration Testing, Azure Monitor, Amazon Neptune",0.3461,0.0,0.0221,8.0,1
28320387.pdf,111513530,United Methodists of Greater New Jersey,"Content Writer, Communications",1,5,5,6,0.1667,0,0,0,0,Make,"iOS SDK, Apache Camel, Amazon Neptune, Collaboration, Apache Solr",0.3508,0.0,0.0152,0.0,1
13149176.pdf,3040487795,Lead Lab,Digital Marketing Intern,0,11,7,11,0.0,0,0,0,0,,"iOS SDK, Communication, Work Ethic, Slack, Automated Testing, Ownership, Spring Cloud, Apache Solr, Reverse Engineering, Apache Druid, Amazon Neptune",0.3011,0.0,0.0219,16.0,0
19397727.pdf,103254301,Raw Cereal,Producer,0,4,5,4,0.0,0,0,0,0,,"Reverse Engineering, iOS SDK, Apache Ignite, Work Ethic",0.3006,0.0,0.0118,0.0,0
20882041.pdf,3537193915,DIGS Vacation Rentals.com,Field Operations Specialist,1,6,5,7,0.1429,0,0,1,0,Communication,"iOS SDK, Work Ethic, Cultural Awareness, Apache Solr, Problem Solving, Amazon Neptune",0.365,0.0,0.0148,0.0,1
17488801.pdf,3582587683,McNaughton Bros. Inc.,Accounts Analyst,1,5,4,6,0.1667,0,0,0,0,Communication,"iOS SDK, Work Ethic, Automated Testing, Amazon Neptune, Apache Solr",0.3508,0.0,0.0152,20.0,1
17926546.pdf,3379554375,Nebraska Public Media,Finishing Editor,1,7,9,8,0.125,0,0,0,0,Problem Solving,"CRI-O, iOS SDK, Privileged Access Management, Automated Testing, Make, Composer, Apache Solr",0.3382,0.0,0.0147,0.0,0
16911115.pdf,368586246,STL Fertility,Embryologist,1,4,7,5,0.2,0,0,1,0,Excel,"Automated Testing, CompTIA A+, Integration Testing, Apache Solr",0.3908,0.0,0.0156,0.0,1
28320387.pdf,3619548798,"Dexterity, Inc.",Senior Mechanical Engineer,2,8,5,10,0.2,0,1,1,0,"Leadership, Make","iOS SDK, Work Ethic, Technical Writing, Cultural Awareness, Automated Testing, Apache Solr, Reverse Engineering, Amazon Neptune",0.3386,0.0,0.0216,20.0,1
12518008.pdf,3586242087,,Director of Sales,1,7,5,8,0.125,0,0,2,0,Leadership,"iOS SDK, Communication, Strategic Thinking, Automated Testing, Negotiation, D, Apache Solr",0.3758,0.0,0.015,0.0,1
25919149.pdf,3383214611,Crisp,Account Executive - Mid-Market,2,11,6,13,0.1538,0,0,0,0,"D, Make","iOS SDK, Communication, Work Ethic, Excel, Automated Testing, Apache Solr, Salesforce, Reverse Engineering, Integration Testing, Teamwork, Amazon Neptune",0.3469,0.0,0.0143,0.0,0
25608963.pdf,3040487795,Lead Lab,Digital Marketing Intern,1,10,9,11,0.0909,0,0,0,0,Communication,"iOS SDK, Work Ethic, Slack, Automated Testing, Ownership, Spring Cloud, Apache Solr, Reverse Engineering, Apache Druid, Amazon Neptune",0.328,0.0,0.0145,16.0,0
28628090.pdf,3594710940,"PreScouter, Inc.","Scientific Project Manager for Food, Beverage, and Consumer Packaged Goods Industries (Project Architect | PA)",4,11,14,15,0.2667,0,1,5,0,"Communication, Excel, Leadership, Make","iOS SDK, Work Ethic, Automated Testing, Ownership, Apache Solr, Mobile Security, Integration Testing, Time Management, Great Expectations, Go, Amazon Neptune",0.4185,0.0909,0.0066,28.0,1
13149176.pdf,3211657373,AB Underground,Heavy Equipment Operator,0,7,7,7,0.0,0,0,1,0,,"iOS SDK, Work Ethic, Make, Apache Solr, Move, Room, Amazon Neptune",0.3218,0.0,0.0076,0.0,0
28505854.pdf,3610591138,Mountain View Eye Center,Ophthalmic Technician,1,8,21,9,0.1111,0,0,1,1,Leadership,"CRI-O, iOS SDK, Communication, Work Ethic, D, Model Deployment, Coaching, Amazon Neptune",0.3504,0.0,0.0076,0.0,1
19612167.pdf,175485704,GOYT,Software Engineer,1,10,4,11,0.0909,0,0,1,0,Communication,"iOS SDK, MySQL, Work Ethic, JavaScript, Apache Solr, HTML, PHP, CSS, Collaboration, Amazon Neptune",0.3413,0.0,0.0074,64.0,0
15601399.pdf,2954591060,Naked Wardrobe,Social Media Coordinator,1,3,1,4,0.25,0,0,0,0,Communication,"iOS SDK, Fluent Bit, Collaboration",0.3762,0.0,0.0234,0.0,1
19612167.pdf,3245063922,Saxon AI,Data Architect,0,5,4,5,0.0,0,0,0,0,,"Cultural Awareness, Amazon Web Services, Apache Spark, Python, SQL",0.3,0.0,0.0,64.0,0
21038022.pdf,2147609789,Revature,Entry Level Oracle Financial Technology Consultant,1,4,12,5,0.2,0,0,0,0,Communication,"Apache Solr, iOS SDK, Work Ethic, Amazon Neptune",0.3607,0.0,0.0149,28.0,0
28320387.pdf,2147609712,The Job Network,Med-RN ER,0,8,5,8,0.0,0,0,0,0,,"iOS SDK, Work Ethic, Cultural Awareness, Automated Testing, Critical Thinking, React Native, Azure Monitor, Amazon Neptune",0.3,0.0,0.0,16.0,0
21847415.pdf,3177010992,ABC Farigua Division,Customer Service Representative,0,6,6,6,0.0,0,0,0,0,,"iOS SDK, Work Ethic, Responsive Design, Reverse Engineering, Mobile Security, Amazon Neptune",0.3008,0.0,0.0152,8.0,0
26834746.pdf,2790549389,Rogue Ales & Spirits,National Sales Manager,2,11,4,13,0.1538,0,0,3,0,"Communication, Leadership","iOS SDK, Work Ethic, Make, Automated Testing, Apache Solr, Reverse Engineering, Collaboration, Integration Testing, Move, Go, Amazon Neptune",0.4215,0.2,0.0144,0.0,1
11981094.pdf,3480552482,Women choice,Summer Intern for Women International Company,2,5,14,7,0.2857,0,0,2,0,"Communication, C","iOS SDK, Make, Amazon Neptune, Leadership, Apache Solr",0.4293,0.0,0.0152,0.0,1
13264796.pdf,2838336689,Athos Private Wealth,Executive Assistant,1,7,11,8,0.125,0,0,1,0,Communication,"Growth Mindset, iOS SDK, Work Ethic, Automated Testing, Apache Solr, Apache Druid, Amazon Neptune",0.357,0.0,0.0147,0.0,1
15139979.pdf,95428182,CLEVELAND KIDS BOOK BANK,Administrative Coordinator,2,10,9,12,0.1667,0,0,3,0,"Time Management, Make","iOS SDK, Communication, Work Ethic, Attention to Detail, Automated Testing, Apache Solr, Azure Monitor, Collaboration, Creativity, Amazon Neptune",0.3882,0.0,0.0142,8.0,1
20566550.pdf,3537193915,DIGS Vacation Rentals.com,Field Operations Specialist,2,5,11,7,0.2857,0,0,1,1,"Problem Solving, Communication","iOS SDK, Work Ethic, Cultural Awareness, Amazon Neptune, Apache Solr",0.4086,0.0,0.0301,0.0,1
15601399.pdf,1573178251,,Social Media Coordinator,0,5,1,5,0.0,0,0,0,0,,"Work Ethic, Automated Testing, Reverse Engineering, Computer Vision, Apache Solr",0.3008,0.0,0.0154,0.0,0
28320387.pdf,3610596223,,Commercial Auto Underwriter Assistant,2,7,5,9,0.2222,0,1,2,0,"Communication, Make","iOS SDK, Excel, Work Ethic, Apache Solr, Teamwork, C, Amazon Neptune",0.3632,0.0,0.0148,0.0,1
25608963.pdf,2157930553,Brady Insurance Group LLC,Customer Service Representative,1,9,9,10,0.1,0,0,0,0,Communication,"iOS SDK, Work Ethic, Make, Automated Testing, Problem Solving, Apache Solr, Integration Testing, Azure Monitor, Amazon Neptune",0.3304,0.0,0.0072,8.0,0
15139979.pdf,3578562287,Beat the Streets - Baltimore,Swahili Instructor,0,6,9,6,0.0,0,0,1,0,,"iOS SDK, Communication, Work Ethic, Automated Testing, Apache Ignite, Amazon Neptune",0.3254,0.0,0.0075,0.0,0
20882041.pdf,2934066464,Dynamic SRG,Fundraising Associate,1,5,5,6,0.1667,0,0,1,0,Communication,"iOS SDK, Work Ethic, Automated Testing, Prioritization, Apache Solr",0.3754,0.0,0.0077,0.0,1
25919149.pdf,2914254129,Eastern Indiana Works,Director of Operations,2,7,6,9,0.2222,0,0,0,0,"Problem Solving, D","iOS SDK, Facilitation, Communication, Apache Solr, Time Management, Move, Amazon Neptune",0.369,0.0,0.0462,0.0,1
11890896.pdf,3308438674,Consulate General of Israel to New England,Director of Communications and Digital Diplomacy,1,7,6,8,0.125,0,0,0,0,Creativity,"iOS SDK, Communication, Multi-Factor Authentication, Time Management, Pull Requests, Computer Vision, Apache Solr",0.3386,0.0,0.0219,0.0,1
22890839.pdf,3480552482,Women choice,Summer Intern for Women International Company,0,7,14,7,0.0,0,0,1,1,,"iOS SDK, Communication, Make, Apache Solr, Leadership, C, Amazon Neptune",0.3214,0.0,0.0,0.0,0
17103000.pdf,3184403524,San José Clinic,Events & Communications Assistant,1,13,4,14,0.0714,0,0,4,0,Communication,"iOS SDK, Excel, Creativity, Automated Testing, Apache Solr, D, Schema Registry, Time Management, Quality Assurance, C, Pull Requests, Go, Amazon Neptune",0.3646,0.0,0.007,0.0,0
12488356.pdf,3610591138,Mountain View Eye Center,Ophthalmic Technician,3,6,7,9,0.3333,0,0,3,1,"Leadership, D, Coaching","CRI-O, iOS SDK, Communication, Work Ethic, Model Deployment, Amazon Neptune",0.4504,0.0,0.0076,0.0,1
22890839.pdf,3547664337,Polyram Plastic Industries Ltd,Brand Representative,1,6,14,7,0.1429,0,0,0,1,Excel,"iOS SDK, Apache Solr, Extreme Programming, Negotiation, Collaboration, Amazon Neptune",0.3432,0.0,0.0076,0.0,1
12472574.pdf,3245063922,Saxon AI,Data Architect,1,4,21,5,0.2,0,0,0,2,SQL,"Apache Spark, Amazon Web Services, Cultural Awareness, Python",0.36,0.0,0.0,64.0,1
10219099.pdf,3547664337,Polyram Plastic Industries Ltd,Brand Representative,0,7,5,7,0.0,0,0,0,0,,"iOS SDK, Excel, Apache Solr, Extreme Programming, Negotiation, Collaboration, Amazon Neptune",0.3005,0.0,0.0093,0.0,0
16911115.pdf,3075721793,ASA Architects,Architect/Project Manager,1,5,7,6,0.1667,0,0,1,0,Communication,"iOS SDK, Automated Testing, Azure Synapse Analytics, Amazon Neptune, Apache Solr",0.3757,0.0,0.0147,28.0,1
12472574.pdf,2735151240,LT Apparel Group,Intern- Business Analytics,1,7,21,8,0.125,0,0,0,2,Communication,"Power BI, Tableau, Excel, Work Ethic, iOS SDK, Teamwork, Amazon Neptune",0.3379,0.0,0.0076,20.0,1
19553067.pdf,3547664337,Polyram Plastic Industries Ltd,Brand Representative,1,6,3,7,0.1429,0,0,1,0,Excel,"iOS SDK, Apache Solr, Extreme Programming, Negotiation, Collaboration, Amazon Neptune",0.3647,0.0,0.0076,0.0,1
27040860.pdf,3383214611,Crisp,Account Executive - Mid-Market,2,11,4,13,0.1538,0,0,0,0,"Communication, Excel","iOS SDK, Work Ethic, Make, Automated Testing, Apache Solr, Salesforce, Reverse Engineering, Integration Testing, D, Teamwork, Amazon Neptune",0.3477,0.0,0.0316,0.0,1
17926546.pdf,3515274431,Conduit Tech,Customer Success Manager,1,11,9,12,0.0833,0,0,0,0,Excel,"CRI-O, iOS SDK, Communication, Work Ethic, Automated Testing, Ownership, Exploratory Testing, Apache Solr, Reverse Engineering, Integration Testing, Amazon Neptune",0.3265,0.0,0.0294,0.0,0
20566550.pdf,121605673,,Licensed Acupuncturist,2,6,11,8,0.25,0,0,2,1,"Communication, Time Management","iOS SDK, Work Ethic, Apache Solr, Reverse Engineering, D, Amazon Neptune",0.4136,0.0,0.0227,0.0,1
15858254.pdf,133130219,,Software Engineer,0,0,5,0,0.0,0,0,0,0,,,0.3008,0.0,0.0161,40.0,0
17108676.pdf,2372177891,iWealth,Client Service Associate,0,5,5,5,0.0,0,0,0,0,,"CRI-O, Automated Testing, Integration Testing, Room, Apache Solr",0.3004,0.0,0.0078,0.0,0
17926546.pdf,3555161614,Starup Insurance,User Experience Designer,0,6,9,6,0.0,0,0,0,0,,"iOS SDK, Communication, Work Ethic, Design Thinking, User-Centered Design, Collaboration",0.3004,0.0,0.0078,0.0,0
25919149.pdf,3626110567,Mestek Machinery,Mechanical Design Engineer,1,8,6,9,0.1111,1,0,0,0,D,"iOS SDK, Communication, Excel, Branching Strategy, Mobile Security, Vault, Move, Apache Solr",0.3033,0.0,0.0,28.0,0
21298336.pdf,133130219,,Software Engineer,0,0,3,0,0.0,0,0,0,0,,,0.3011,0.0,0.0213,40.0,0
25608963.pdf,3219089287,,Recruitment Manager,1,2,9,3,0.3333,0,0,0,0,Leadership,"Automated Testing, Apache Solr",0.4,0.0,0.0,0.0,0
28628090.pdf,3211657373,AB Underground,Heavy Equipment Operator,1,6,14,7,0.1429,0,0,1,0,Make,"iOS SDK, Work Ethic, Apache Solr, Move, Room, Amazon Neptune",0.3643,0.0,0.0,0.0,1
28762662.pdf,3619548798,"Dexterity, Inc.",Senior Mechanical Engineer,1,9,18,10,0.1,0,0,1,0,Make,"iOS SDK, Work Ethic, Technical Writing, Cultural Awareness, Automated Testing, Apache Solr, Reverse Engineering, Leadership, Amazon Neptune",0.3457,0.0,0.0143,20.0,1
16803215.pdf,2147609835,The Job Network,Trade Review Principal,1,8,9,9,0.1111,0,0,0,0,Make,"iOS SDK, Work Ethic, Ownership, Automated Testing, Apache Solr, Reverse Engineering, Vector Embeddings, Amazon Neptune",0.3346,0.0,0.0256,0.0,1
16803215.pdf,2934066464,Dynamic SRG,Fundraising Associate,1,5,9,6,0.1667,0,0,0,0,Communication,"iOS SDK, Work Ethic, Automated Testing, Prioritization, Apache Solr",0.3507,0.0,0.0139,0.0,0
20882041.pdf,3075721793,ASA Architects,Architect/Project Manager,1,5,5,6,0.1667,0,1,1,0,Communication,"iOS SDK, Automated Testing, Azure Synapse Analytics, Amazon Neptune, Apache Solr",0.3882,0.25,0.0147,28.0,1
16911115.pdf,3260455681,Weyerhaeuser,Operations Specialist,3,13,7,16,0.1875,0,0,2,0,"Communication, Excel, Make","Conflict Resolution, iOS SDK, Work Ethic, Sentence Transformers, Apache Solr, Reverse Engineering, Mobile Security, Mentoring, Vector Embeddings, Time Management, Leadership, Decision Making, Amazon Neptune",0.3767,0.0,0.0345,8.0,1
15858254.pdf,3219089287,,Recruitment Manager,0,3,5,3,0.0,0,0,0,0,,"Automated Testing, Leadership, Apache Solr",0.3,0.0,0.0,0.0,0
26834746.pdf,3515274431,Conduit Tech,Customer Success Manager,2,10,4,12,0.1667,0,0,3,0,"Ownership, Communication","CRI-O, iOS SDK, Excel, Work Ethic, Automated Testing, Apache Solr, Exploratory Testing, Reverse Engineering, Integration Testing, Amazon Neptune",0.4282,0.2,0.0145,0.0,1
28628090.pdf,974774701,Kate Meadows Writing and Editing,Blog writer and virtual assistant,2,3,14,5,0.4,0,0,2,0,"Communication, Coaching","iOS SDK, Black, Time Management",0.4808,0.0,0.0155,0.0,1
21038022.pdf,3578562287,Beat the Streets - Baltimore,Swahili Instructor,1,5,12,6,0.1667,0,0,0,0,Communication,"iOS SDK, Work Ethic, Automated Testing, Apache Ignite, Amazon Neptune",0.3508,0.0,0.0152,0.0,1
27040860.pdf,3592392532,Lorenz Motors,Drone-Car Engineer,1,5,4,6,0.1667,0,0,0,0,Communication,"iOS SDK, Work Ethic, Automated Testing, Collaboration, Apache Solr",0.3511,0.0,0.0225,20.0,1
21847415.pdf,2372177891,iWealth,Client Service Associate,0,5,6,5,0.0,0,0,0,0,,"CRI-O, Automated Testing, Integration Testing, Room, Apache Solr",0.3,0.0,0.0,0.0,0
27040860.pdf,2372177891,iWealth,Client Service Associate,0,5,4,5,0.0,0,0,0,0,,"CRI-O, Automated Testing, Integration Testing, Room, Apache Solr",0.3,0.0,0.0,0.0,0
13264796.pdf,3514683108,AVAVA,Associate Brand Manager,1,9,11,10,0.1,0,0,2,0,Communication,"iOS SDK, Malware Analysis, Automated Testing, Apache Solr, Ada, Time Management, Leadership, Go, Amazon Neptune",0.3607,0.0,0.0144,0.0,1
15941675.pdf,3431736996,Marquee Event Rentals,Client Service Representative,0,8,5,8,0.0,0,0,0,0,,"iOS SDK, Azure Resource Manager, Attention to Detail, Automated Testing, Apache Solr, Integration Testing, Room, Amazon Neptune",0.3,0.0,0.0,8.0,0
28078163.pdf,445337908,Food Bank of Alaska,Chief Operating Officer,0,7,14,7,0.0,0,0,1,0,,"iOS SDK, Make, Automated Testing, D, Apache Druid, Leadership, Amazon Neptune",0.3214,0.0,0.0,0.0,0
21847415.pdf,103254301,Raw Cereal,Producer,0,4,6,4,0.0,0,0,0,0,,"Reverse Engineering, iOS SDK, Apache Ignite, Work Ethic",0.3004,0.0,0.0079,0.0,0
17103000.pdf,3211657373,AB Underground,Heavy Equipment Operator,0,7,4,7,0.0,0,0,0,0,,"iOS SDK, Work Ethic, Make, Apache Solr, Move, Room, Amazon Neptune",0.3,0.0,0.0,0.0,0
28320387.pdf,3366698309,Webologix Ltd/ INC,Anaplan Developer,1,5,5,6,0.1667,0,0,1,0,Communication,"Excel, Work Ethic, Amazon Neptune, Agile, Apache Solr",0.3758,0.0,0.0154,28.0,1
21298336.pdf,3619548798,"Dexterity, Inc.",Senior Mechanical Engineer,1,9,3,10,0.1,0,0,0,0,Leadership,"iOS SDK, Work Ethic, Cultural Awareness, Make, Automated Testing, Technical Writing, Apache Solr, Reverse Engineering, Amazon Neptune",0.3324,0.0,0.0476,20.0,1
27040860.pdf,3610591138,Mountain View Eye Center,Ophthalmic Technician,1,8,4,9,0.1111,0,0,0,0,Communication,"CRI-O, iOS SDK, Work Ethic, D, Model Deployment, Leadership, Coaching, Amazon Neptune",0.3339,0.0,0.0111,0.0,0
25608963.pdf,974774701,Kate Meadows Writing and Editing,Blog writer and virtual assistant,1,4,9,5,0.2,0,0,0,0,Communication,"iOS SDK, Black, Coaching, Time Management",0.3604,0.0,0.0077,0.0,0
15858254.pdf,2157930553,Brady Insurance Group LLC,Customer Service Representative,1,9,5,10,0.1,0,0,0,0,Communication,"iOS SDK, Work Ethic, Make, Automated Testing, Problem Solving, Apache Solr, Integration Testing, Azure Monitor, Amazon Neptune",0.3306,0.0,0.013,8.0,0
25919149.pdf,3196627399,Bellevue Downtown Association,Marketing & Communications – Content Writer Internship,1,12,6,13,0.0769,0,0,0,0,Problem Solving,"iOS SDK, Communication, Work Ethic, Attention to Detail, Apache Solr, HTML, Reverse Engineering, Time Management, Teamwork, Leadership, Collaboration, Amazon Neptune",0.3251,0.0,0.04,0.0,0
28923650.pdf,2147609835,The Job Network,Trade Review Principal,0,9,6,9,0.0,0,0,0,0,,"iOS SDK, Work Ethic, Make, Ownership, Automated Testing, Apache Solr, Reverse Engineering, Vector Embeddings, Amazon Neptune",0.3004,0.0,0.0073,0.0,0
16803215.pdf,3219089287,,Recruitment Manager,0,3,9,3,0.0,0,0,0,0,,"Automated Testing, Leadership, Apache Solr",0.3,0.0,0.0,0.0,0
21807224.pdf,3184403524,San José Clinic,Events & Communications Assistant,0,14,0,14,0.0,0,0,2,0,,"iOS SDK, Communication, Creativity, Excel, Go, Automated Testing, Amazon Neptune, D, Schema Registry, Time Management, Quality Assurance, Pull Requests, C, Apache Solr",0.3221,0.0,0.0142,0.0,0
28762662.pdf,3045980831,Armstrong Builders LLC,Project Engineer,1,3,18,4,0.25,0,0,1,0,Communication,"Automated Testing, Mobile Security, Attention to Detail",0.4133,0.0,0.0156,28.0,1
25797445.pdf,3366698309,Webologix Ltd/ INC,Anaplan Developer,2,4,2,6,0.3333,0,0,0,0,"Communication, Excel","Apache Solr, Work Ethic, Agile, Amazon Neptune",0.4012,0.0,0.0233,28.0,1
23497307.pdf,3533320307,NLB Services,Java architect / Lead Java developer,0,5,6,5,0.0,0,0,0,0,,"Automated Testing, REST API, React, TypeScript, Java",0.3,0.0,0.0,80.0,0
16803215.pdf,3551631423,Miracles for Kids,Community Program Assistant,1,8,9,9,0.1111,0,0,0,0,Communication,"iOS SDK, Excel, Work Ethic, Cultural Awareness, Automated Testing, Teamwork, Move, Apache Solr",0.3846,0.25,0.0263,0.0,1
28078163.pdf,3551631423,Miracles for Kids,Community Program Assistant,1,8,14,9,0.1111,0,0,0,0,Communication,"iOS SDK, Excel, Work Ethic, Cultural Awareness, Automated Testing, Teamwork, Move, Apache Solr",0.3337,0.0,0.0074,0.0,0
28628090.pdf,3127577086,Avero Diagnostics,Histologist - HT,5,19,14,24,0.2083,0,0,5,0,"Communication, Excel, Problem Solving, Quality Assurance, Leadership","Facilitation, Negotiation, Time Management, Qt Creator, Apache Solr, Conflict Resolution, Attention to Detail, Collaboration, Room, iOS SDK, Windows, Apache Pinot, Mobile Security, Visual Studio, Work Ethic, Automated Testing, HTML, Integration Testing, Amazon Neptune",0.3944,0.0,0.0128,8.0,1
19553067.pdf,3383214611,Crisp,Account Executive - Mid-Market,1,12,3,13,0.0769,0,0,2,0,Excel,"iOS SDK, Communication, Work Ethic, Make, Automated Testing, Apache Solr, Salesforce, Reverse Engineering, Integration Testing, D, Teamwork, Amazon Neptune",0.3472,0.0,0.0219,0.0,0
25608963.pdf,3322949022,Kenai Capital Advisors,"Director, Investment Sales",2,7,9,9,0.2222,0,0,1,0,"Communication, Excel","iOS SDK, Work Ethic, Azure Resource Manager, Automated Testing, Apache Solr, Negotiation, Amazon Neptune",0.3841,0.0,0.0144,8.0,1
17108676.pdf,266566927,Revesco Properties,Marketing & Office Coordinator,1,9,5,10,0.1,0,0,1,0,Excel,"CRI-O, HubSpot, iOS SDK, Ownership, Automated Testing, Apache Solr, Apache Druid, Adaptability, Amazon Neptune",0.3461,0.0,0.0221,0.0,1
10624813.pdf,111513530,United Methodists of Greater New Jersey,"Content Writer, Communications",0,6,23,6,0.0,0,0,0,0,,"iOS SDK, Apache Camel, Make, Apache Solr, Collaboration, Amazon Neptune",0.3008,0.0,0.0152,0.0,0
23438227.pdf,266825034,Recruitment Design,Software Support Specialist,0,7,4,7,0.0,0,0,2,0,,"iOS SDK, Communication, JavaScript, Make, Automated Testing, D, PHP",0.3432,0.0,0.0076,36.0,0
24647794.pdf,3466187886,Landscape Management Group,Owner,1,8,9,9,0.1111,0,0,1,0,Communication,"iOS SDK, Work Ethic, Automated Testing, Key Management, Integration Testing, Collaboration, Creativity, Amazon Neptune",0.3508,0.0,0.0152,0.0,1
17926546.pdf,3383214611,Crisp,Account Executive - Mid-Market,2,11,9,13,0.1538,0,0,1,0,"Excel, D","iOS SDK, Communication, Work Ethic, Make, Automated Testing, Apache Solr, Salesforce, Reverse Engineering, Integration Testing, Teamwork, Amazon Neptune",0.3588,0.0,0.0219,0.0,1
22890839.pdf,2735151240,LT Apparel Group,Intern- Business Analytics,1,7,14,8,0.125,0,0,0,1,Excel,"Power BI, Tableau, Communication, Work Ethic, iOS SDK, Teamwork, Amazon Neptune",0.3379,0.0,0.0076,20.0,1
15601399.pdf,266825034,Recruitment Design,Software Support Specialist,1,6,1,7,0.1429,0,0,1,0,Communication,"iOS SDK, JavaScript, Make, Automated Testing, D, PHP",0.365,0.0,0.0153,36.0,1
15601399.pdf,3260455681,Weyerhaeuser,Operations Specialist,1,15,1,16,0.0625,0,0,0,0,Communication,"iOS SDK, Reverse Engineering, Mobile Security, Mentoring, Time Management, Leadership, Decision Making, Apache Solr, Conflict Resolution, Excel, Work Ethic, Make, Sentence Transformers, Vector Embeddings, Amazon Neptune",0.3201,0.0,0.0274,8.0,0
26834746.pdf,3211657373,AB Underground,Heavy Equipment Operator,0,7,4,7,0.0,0,0,0,0,,"iOS SDK, Work Ethic, Make, Apache Solr, Move, Room, Amazon Neptune",0.3004,0.0,0.0076,0.0,0
21298336.pdf,3075721793,ASA Architects,Architect/Project Manager,0,6,3,6,0.0,0,0,0,0,,"iOS SDK, Communication, Automated Testing, Apache Solr, Azure Synapse Analytics, Amazon Neptune",0.3008,0.0,0.0164,28.0,0
12748557.pdf,3480552482,Women choice,Summer Intern for Women International Company,2,5,5,7,0.2857,0,0,2,0,"Leadership, C","iOS SDK, Communication, Make, Amazon Neptune, Apache Solr",0.4289,0.0,0.0075,0.0,1
11890896.pdf,368586246,STL Fertility,Embryologist,0,5,6,5,0.0,0,0,1,0,,"CompTIA A+, Excel, Automated Testing, Integration Testing, Apache Solr",0.3304,0.0,0.0078,0.0,0
28505854.pdf,3245063922,Saxon AI,Data Architect,0,5,21,5,0.0,0,0,0,1,,"Cultural Awareness, Amazon Web Services, Apache Spark, Python, SQL",0.3004,0.0,0.0077,64.0,0
27040860.pdf,368586246,STL Fertility,Embryologist,1,4,4,5,0.2,0,0,0,0,Excel,"Automated Testing, CompTIA A+, Integration Testing, Apache Solr",0.3612,0.0,0.0233,0.0,1
28762662.pdf,3219089287,,Recruitment Manager,0,3,18,3,0.0,0,0,0,0,,"Automated Testing, Leadership, Apache Solr",0.35,0.25,0.0,0.0,0
23438227.pdf,2457183642,Galerie Candy and Gifts,Quality Assurance Manager,1,10,4,11,0.0909,0,0,1,0,Excel,"iOS SDK, Communication, Make, Apache Solr, Mobile Security, Time Management, Quality Assurance, Qt Creator, Decision Making, Amazon Neptune",0.3413,0.0,0.0072,28.0,0
28762662.pdf,3478651125,Axalume,Photonics Layout Intern,2,6,18,8,0.25,0,0,3,0,"Communication, Make","iOS SDK, Work Ethic, Python, Informatica PowerCenter, C#, Apache Solr",0.4316,0.0,0.0076,8.0,1
12472574.pdf,974774701,Kate Meadows Writing and Editing,Blog writer and virtual assistant,2,3,21,5,0.4,0,0,1,2,"Communication, Black","iOS SDK, Coaching, Time Management",0.4512,0.0,0.0234,0.0,1
25608963.pdf,3610591138,Mountain View Eye Center,Ophthalmic Technician,3,6,9,9,0.3333,0,0,1,0,"Communication, Leadership, D","CRI-O, iOS SDK, Work Ethic, Model Deployment, Coaching, Amazon Neptune",0.4837,0.3333,0.0076,0.0,1
11890896.pdf,2372177891,iWealth,Client Service Associate,0,5,6,5,0.0,0,0,1,0,,"CRI-O, Automated Testing, Integration Testing, Room, Apache Solr",0.33,0.0,0.0,0.0,0
20566550.pdf,3515274431,Conduit Tech,Customer Success Manager,1,11,11,12,0.0833,0,0,1,1,Communication,"CRI-O, iOS SDK, Excel, Work Ethic, Automated Testing, Ownership, Exploratory Testing, Apache Solr, Reverse Engineering, Integration Testing, Amazon Neptune",0.3386,0.0,0.0219,0.0,0
13264796.pdf,2735151240,LT Apparel Group,Intern- Business Analytics,1,7,11,8,0.125,0,0,1,0,Communication,"Power BI, Tableau, Excel, Work Ethic, iOS SDK, Teamwork, Amazon Neptune",0.357,0.0,0.0153,20.0,1
24322804.pdf,3018278978,Aston Carter,Seasonal Office Administrator,0,5,7,5,0.0,0,0,0,0,,"iOS SDK, Work Ethic, Automated Testing, Amazon Neptune, Apache Solr",0.3004,0.0,0.0076,0.0,0
15139979.pdf,3582587683,McNaughton Bros. Inc.,Accounts Analyst,0,6,9,6,0.0,0,0,1,0,,"iOS SDK, Communication, Work Ethic, Automated Testing, Apache Solr, Amazon Neptune",0.3254,0.0,0.0075,20.0,0
25797445.pdf,3478651125,Axalume,Photonics Layout Intern,1,7,2,8,0.125,0,0,0,0,Communication,"iOS SDK, Work Ethic, Make, Python, Informatica PowerCenter, C#, Apache Solr",0.3379,0.0,0.0076,8.0,0
16911115.pdf,3383214611,Crisp,Account Executive - Mid-Market,3,10,7,13,0.2308,0,0,3,0,"Communication, Excel, Make","iOS SDK, Work Ethic, Automated Testing, Apache Solr, Salesforce, Reverse Engineering, Integration Testing, D, Teamwork, Amazon Neptune",0.4057,0.0,0.037,0.0,1
23438227.pdf,368586246,STL Fertility,Embryologist,1,4,4,5,0.2,0,0,0,0,Excel,"Automated Testing, CompTIA A+, Integration Testing, Apache Solr",0.3608,0.0,0.0156,0.0,1
26456899.pdf,111513530,United Methodists of Greater New Jersey,"Content Writer, Communications",0,6,10,6,0.0,0,0,0,0,,"iOS SDK, Apache Camel, Make, Apache Solr, Collaboration, Amazon Neptune",0.3013,0.0,0.0267,0.0,0
21847415.pdf,3383214611,Crisp,Account Executive - Mid-Market,4,9,6,13,0.3077,0,0,2,0,"Communication, Excel, D, Make","iOS SDK, Work Ethic, Automated Testing, Apache Solr, Salesforce, Reverse Engineering, Integration Testing, Teamwork, Amazon Neptune",0.4165,0.0,0.0219,0.0,1
16803215.pdf,3383214611,Crisp,Account Executive - Mid-Market,2,11,9,13,0.1538,0,0,0,0,"Communication, Make","iOS SDK, Excel, Work Ethic, Automated Testing, Apache Solr, Salesforce, Reverse Engineering, Integration Testing, D, Teamwork, Amazon Neptune",0.3481,0.0,0.038,0.0,1
17108676.pdf,3297645846,"Navajo Transitional Energy Company, LLC",Contract Administrator,2,7,5,9,0.2222,2,0,2,0,"Communication, Excel","Power BI, iOS SDK, Attention to Detail, Automated Testing, Apache Solr, Move, Amazon Neptune",0.2523,0.0,0.0451,0.0,1
27040860.pdf,3555161614,Starup Insurance,User Experience Designer,1,5,4,6,0.1667,0,0,0,0,Communication,"iOS SDK, Work Ethic, Design Thinking, User-Centered Design, Collaboration",0.3506,0.0,0.0115,0.0,0
22605864.pdf,3555161614,Starup Insurance,User Experience Designer,1,5,6,6,0.1667,0,0,0,0,Collaboration,"iOS SDK, Communication, Work Ethic, Design Thinking, User-Centered Design",0.3504,0.0,0.0078,0.0,0
21298336.pdf,3251984218,SLS Solutions,SAP BTP,0,2,3,2,0.0,0,0,0,0,,"iOS SDK, SQL",0.3,0.0,0.0,8.0,0
24322804.pdf,3551631423,Miracles for Kids,Community Program Assistant,2,7,7,9,0.2222,0,0,0,0,"Teamwork, Communication","iOS SDK, Excel, Work Ethic, Cultural Awareness, Automated Testing, Move, Apache Solr",0.3678,0.0,0.0226,0.0,1
17926546.pdf,3583960568,Böning Ship Automation USA,Sales and Application Engineer,2,10,9,12,0.1667,3,0,0,0,"Problem Solving, Presentation Skills","iOS SDK, Communication, Work Ethic, Make, Automated Testing, Negotiation, Assembly Language, Mobile Security, Accountability, Lakehouse Architecture",0.2014,0.0,0.0286,28.0,1
28628090.pdf,658723396,Orlando Credit Union,External Mortgage Loan Officer,2,7,14,9,0.2222,0,0,2,0,"Communication, Leadership","iOS SDK, Work Ethic, Automated Testing, Apache Solr, Integration Testing, Move, Amazon Neptune",0.4004,0.0,0.0072,0.0,1
11981094.pdf,3431736996,Marquee Event Rentals,Client Service Representative,0,8,14,8,0.0,0,0,0,0,,"iOS SDK, Azure Resource Manager, Attention to Detail, Automated Testing, Apache Solr, Integration Testing, Room, Amazon Neptune",0.3004,0.0,0.0073,8.0,0
21038022.pdf,3466187886,Landscape Management Group,Owner,2,7,12,9,0.2222,0,0,0,0,"Communication, Creativity","iOS SDK, Work Ethic, Automated Testing, Key Management, Integration Testing, Collaboration, Amazon Neptune",0.3674,0.0,0.0152,0.0,1
12011623.pdf,3478651125,Axalume,Photonics Layout Intern,1,7,12,8,0.125,0,0,0,0,Python,"iOS SDK, Communication, Work Ethic, Make, Informatica PowerCenter, C#, Apache Solr",0.3375,0.0,0.0,8.0,0
28628090.pdf,2147609789,Revature,Entry Level Oracle Financial Technology Consultant,1,4,14,5,0.2,0,0,1,0,Communication,"Apache Solr, iOS SDK, Work Ethic, Amazon Neptune",0.3904,0.0,0.0074,28.0,1
17103000.pdf,3480552482,Women choice,Summer Intern for Women International Company,2,5,4,7,0.2857,0,0,3,0,"Communication, Leadership","iOS SDK, Make, Amazon Neptune, C, Apache Solr",0.4508,0.0,0.0152,0.0,1
17488801.pdf,2737009242,,Service Manager,2,12,4,14,0.1429,3,0,0,0,"Communication, Leadership","Conflict Resolution, iOS SDK, Expo, Work Ethic, Chef, Automated Testing, Ownership, Apache Solr, Integration Testing, Accountability, Decision Making, Amazon Neptune",0.2436,0.25,0.0142,0.0,1
24322804.pdf,3260455681,Weyerhaeuser,Operations Specialist,3,13,7,16,0.1875,0,0,0,0,"Communication, Leadership, Make","Conflict Resolution, iOS SDK, Excel, Work Ethic, Sentence Transformers, Apache Solr, Reverse Engineering, Mobile Security, Mentoring, Vector Embeddings, Time Management, Decision Making, Amazon Neptune",0.3583,0.0,0.0417,8.0,1
18753367.pdf,3551631423,Miracles for Kids,Community Program Assistant,1,8,6,9,0.1111,0,0,0,0,Communication,"iOS SDK, Excel, Work Ethic, Cultural Awareness, Automated Testing, Teamwork, Move, Apache Solr",0.3341,0.0,0.0149,0.0,0
27756469.pdf,3626110567,Mestek Machinery,Mechanical Design Engineer,2,7,10,9,0.2222,0,0,1,0,"Excel, D","iOS SDK, Communication, Branching Strategy, Mobile Security, Vault, Move, Apache Solr",0.3837,0.0,0.0074,28.0,1
17103000.pdf,3515274431,Conduit Tech,Customer Success Manager,1,11,4,12,0.0833,0,0,1,0,Communication,"CRI-O, iOS SDK, Excel, Work Ethic, Automated Testing, Ownership, Exploratory Testing, Apache Solr, Reverse Engineering, Integration Testing, Amazon Neptune",0.3786,0.2,0.0219,0.0,0
21847415.pdf,2796728000,"Thorpe Design, Inc.",Fire Sprinkler Designer,1,6,6,7,0.1429,0,0,0,0,Communication,"iOS SDK, Work Ethic, Cultural Awareness, Attention to Detail, Apache Solr, Amazon Neptune",0.3432,0.0,0.0075,0.0,0
25425322.pdf,3540371917,KeyBank,Enterprise Data & Analytics Infrastructure Manager,0,0,2,0,0.0,0,0,0,0,,,0.3333,0.1667,0.0,60.0,0
15139979.pdf,3586242087,,Director of Sales,1,7,9,8,0.125,0,0,3,0,Leadership,"iOS SDK, Communication, Strategic Thinking, Automated Testing, Negotiation, D, Apache Solr",0.3941,0.0,0.0075,0.0,1
17043822.pdf,3366698309,Webologix Ltd/ INC,Anaplan Developer,2,4,11,6,0.3333,0,3,2,0,"Communication, Excel","Apache Solr, Work Ethic, Agile, Amazon Neptune",0.3008,0.0,0.0154,28.0,0
28831378.pdf,3383214611,Crisp,Account Executive - Mid-Market,1,12,2,13,0.0769,0,0,1,0,Work Ethic,"iOS SDK, Communication, Excel, Make, Automated Testing, Salesforce, Amazon Neptune, Reverse Engineering, Integration Testing, D, Teamwork, Apache Solr",0.3353,0.0,0.0145,0.0,0
21298336.pdf,3515274431,Conduit Tech,Customer Success Manager,1,11,3,12,0.0833,0,0,0,0,Excel,"CRI-O, iOS SDK, Communication, Work Ethic, Automated Testing, Ownership, Exploratory Testing, Apache Solr, Reverse Engineering, Integration Testing, Amazon Neptune",0.3266,0.0,0.0323,0.0,0
17926546.pdf,445337908,Food Bank of Alaska,Chief Operating Officer,2,5,9,7,0.2857,0,0,1,0,"Leadership, D","iOS SDK, Make, Automated Testing, Apache Druid, Amazon Neptune",0.4079,0.0,0.0153,0.0,1
17488801.pdf,3533320307,NLB Services,Java architect / Lead Java developer,0,5,4,5,0.0,0,0,0,0,,"Automated Testing, REST API, React, TypeScript, Java",0.3,0.0,0.0,80.0,0
15858254.pdf,2457183642,Galerie Candy and Gifts,Quality Assurance Manager,3,8,5,11,0.2727,0,0,0,0,"Quality Assurance, Communication, Time Management","iOS SDK, Excel, Make, Apache Solr, Mobile Security, Qt Creator, Decision Making, Amazon Neptune",0.3852,0.0,0.0685,28.0,1
27756469.pdf,56924323,,Structural Engineer,1,4,10,5,0.2,0,0,0,0,Excel,"Automated Testing, iOS SDK, Retrofit, Amazon Neptune",0.3604,0.0,0.0078,20.0,0
28320387.pdf,3520238337,Grant Writing Solutions,Grants Writer - Subcontract,2,3,5,5,0.4,0,0,2,0,"Communication, Mentoring","Apache Solr, iOS SDK, Attention to Detail",0.4804,0.0,0.0077,0.0,1
27152464.pdf,95428182,CLEVELAND KIDS BOOK BANK,Administrative Coordinator,3,9,37,12,0.25,0,0,3,2,"Communication, Time Management, Make","iOS SDK, Work Ethic, Attention to Detail, Automated Testing, Apache Solr, Azure Monitor, Collaboration, Creativity, Amazon Neptune",0.4129,0.0,0.007,8.0,1
26456899.pdf,175485704,GOYT,Software Engineer,1,10,10,11,0.0909,0,0,0,0,Communication,"iOS SDK, MySQL, Work Ethic, JavaScript, Apache Solr, HTML, PHP, CSS, Collaboration, Amazon Neptune",0.3286,0.0,0.026,64.0,0
17043822.pdf,2195921577,,Associate Planner,3,10,11,13,0.2308,2,0,2,0,"Communication, Excel, Leadership","iOS SDK, Work Ethic, Strategic Thinking, Automated Testing, Problem Solving, Apache Solr, Mobile Security, Teamwork, Move, Amazon Neptune",0.2434,0.0,0.0214,8.0,1
21629057.pdf,974774701,Kate Meadows Writing and Editing,Blog writer and virtual assistant,1,4,7,5,0.2,0,0,1,0,Time Management,"iOS SDK, Communication, Black, Coaching",0.39,0.0,0.0,0.0,1
16911115.pdf,133130219,,Software Engineer,0,0,7,0,0.0,0,0,0,0,,,0.3,0.0,0.0,40.0,0
17108676.pdf,3379554375,Nebraska Public Media,Finishing Editor,0,8,5,8,0.0,0,0,0,0,,"CRI-O, iOS SDK, Privileged Access Management, Automated Testing, Make, Problem Solving, Composer, Apache Solr",0.3011,0.0,0.0222,0.0,0
11890896.pdf,3610591138,Mountain View Eye Center,Ophthalmic Technician,1,8,6,9,0.1111,0,0,2,0,Leadership,"CRI-O, iOS SDK, Communication, Work Ethic, D, Model Deployment, Coaching, Amazon Neptune",0.3667,0.0,0.0,0.0,1
23438227.pdf,445337908,Food Bank of Alaska,Chief Operating Officer,0,7,4,7,0.0,0,0,2,0,,"iOS SDK, Make, Automated Testing, D, Apache Druid, Leadership, Amazon Neptune",0.3429,0.0,0.0,0.0,0
12748557.pdf,2954591060,Naked Wardrobe,Social Media Coordinator,1,3,5,4,0.25,0,0,1,0,Collaboration,"iOS SDK, Communication, Fluent Bit",0.4133,0.0,0.0155,0.0,1
28628090.pdf,3537193915,DIGS Vacation Rentals.com,Field Operations Specialist,2,5,14,7,0.2857,0,0,2,0,"Problem Solving, Communication","iOS SDK, Work Ethic, Cultural Awareness, Amazon Neptune, Apache Solr",0.4289,0.0,0.0074,0.0,1
25797445.pdf,3431736996,Marquee Event Rentals,Client Service Representative,0,8,2,8,0.0,0,0,0,0,,"iOS SDK, Azure Resource Manager, Attention to Detail, Automated Testing, Apache Solr, Integration Testing, Room, Amazon Neptune",0.3004,0.0,0.0073,8.0,0
18753367.pdf,2748500131,"City of Germantown, TN",Director of Public Works,0,7,6,7,0.0,0,0,0,0,,"iOS SDK, Work Ethic, Automated Testing, Apache Solr, Negotiation, Accountability, Amazon Neptune",0.3007,0.0,0.0149,0.0,0
28320387.pdf,2269442456,navXcom,Computer Scientist,1,2,5,3,0.3333,0,0,1,0,Communication,"Work Ethic, Amazon Neptune",0.4504,0.0,0.008,20.0,1
27040860.pdf,3610596223,,Commercial Auto Underwriter Assistant,2,7,4,9,0.2222,0,1,0,0,"Communication, Excel","iOS SDK, Work Ethic, Make, Apache Solr, Teamwork, C, Amazon Neptune",0.3308,0.0,0.0326,0.0,1
19397727.pdf,175485704,GOYT,Software Engineer,1,10,5,11,0.0909,0,0,0,0,Communication,"iOS SDK, MySQL, Work Ethic, JavaScript, Apache Solr, HTML, PHP, CSS, Collaboration, Amazon Neptune",0.3278,0.0,0.0108,64.0,0
19124258.pdf,3366698309,Webologix Ltd/ INC,Anaplan Developer,1,5,2,6,0.1667,0,0,0,0,Excel,"Communication, Work Ethic, Amazon Neptune, Agile, Apache Solr",0.3508,0.0,0.0154,28.0,1
26834746.pdf,3555161614,Starup Insurance,User Experience Designer,1,5,4,6,0.1667,0,0,1,0,Communication,"iOS SDK, Work Ethic, Design Thinking, User-Centered Design, Collaboration",0.3758,0.0,0.0156,0.0,1
26834746.pdf,3383214611,Crisp,Account Executive - Mid-Market,1,12,4,13,0.0769,0,0,3,0,Communication,"iOS SDK, Excel, Work Ethic, Make, Automated Testing, Apache Solr, Salesforce, Reverse Engineering, Integration Testing, D, Teamwork, Amazon Neptune",0.3584,0.0,0.0145,0.0,0
27756469.pdf,3127577086,Avero Diagnostics,Histologist - HT,4,20,10,24,0.1667,0,0,0,0,"Problem Solving, Excel, Leadership, Attention to Detail","Facilitation, Negotiation, Time Management, Qt Creator, Apache Solr, Conflict Resolution, Collaboration, Room, iOS SDK, Communication, Windows, Apache Pinot, Mobile Security, Visual Studio, Quality Assurance, Work Ethic, Automated Testing, HTML, Integration Testing, Amazon Neptune",0.3516,0.0,0.0327,8.0,1
12748557.pdf,3537193915,DIGS Vacation Rentals.com,Field Operations Specialist,0,7,5,7,0.0,0,0,0,0,,"iOS SDK, Communication, Work Ethic, Cultural Awareness, Apache Solr, Problem Solving, Amazon Neptune",0.3007,0.0,0.0148,0.0,0
11890896.pdf,3515274431,Conduit Tech,Customer Success Manager,0,12,6,12,0.0,0,0,1,0,,"CRI-O, iOS SDK, Communication, Work Ethic, Excel, Automated Testing, Ownership, Exploratory Testing, Apache Solr, Reverse Engineering, Integration Testing, Amazon Neptune",0.3532,0.2,0.0145,0.0,0
25797445.pdf,3515274431,Conduit Tech,Customer Success Manager,2,10,2,12,0.1667,0,0,0,0,"Communication, Excel","CRI-O, iOS SDK, Work Ethic, Automated Testing, Ownership, Exploratory Testing, Amazon Neptune, Reverse Engineering, Integration Testing, Apache Solr",0.3515,0.0,0.0294,0.0,1
27756469.pdf,3606129051,Health Alliance Solutions,Primary Care Leader Needed,1,5,10,6,0.1667,7,0,0,0,Leadership,"iOS SDK, Work Ethic, Cultural Awareness, Amazon Neptune, Apache Solr",0.3154,0.0,0.0074,0.0,0
27756469.pdf,3366698309,Webologix Ltd/ INC,Anaplan Developer,1,5,10,6,0.1667,0,0,0,0,Excel,"Communication, Work Ethic, Amazon Neptune, Agile, Apache Solr",0.3508,0.0,0.0154,28.0,1
21847415.pdf,3219089287,,Recruitment Manager,0,3,6,3,0.0,0,0,0,0,,"Automated Testing, Leadership, Apache Solr",0.3,0.0,0.0,0.0,0
24322804.pdf,1573178251,,Social Media Coordinator,0,5,7,5,0.0,0,0,0,0,,"Work Ethic, Automated Testing, Reverse Engineering, Computer Vision, Apache Solr",0.3012,0.0,0.0233,0.0,0
17108676.pdf,3555161614,Starup Insurance,User Experience Designer,1,5,5,6,0.1667,0,0,1,0,Communication,"iOS SDK, Work Ethic, Design Thinking, User-Centered Design, Collaboration",0.3758,0.0,0.0156,0.0,1
25797445.pdf,2796728000,"Thorpe Design, Inc.",Fire Sprinkler Designer,1,6,2,7,0.1429,0,0,0,0,Communication,"iOS SDK, Work Ethic, Cultural Awareness, Attention to Detail, Apache Solr, Amazon Neptune",0.3432,0.0,0.0075,0.0,0
15139979.pdf,3363439517,White Bottle Inc.,Sanitation Supervisor,1,10,9,11,0.0909,0,0,2,0,Problem Solving,"iOS SDK, Communication, Work Ethic, Attention to Detail, Automated Testing, Bottle, Apache Solr, Mobile Security, Integration Testing, Amazon Neptune",0.3549,0.0,0.007,8.0,0
25919149.pdf,266825034,Recruitment Design,Software Support Specialist,2,5,6,7,0.2857,0,0,0,0,"D, Make","iOS SDK, Communication, JavaScript, Automated Testing, PHP",0.3873,0.0,0.0323,36.0,1
19397727.pdf,3520238337,Grant Writing Solutions,Grants Writer - Subcontract,2,3,5,5,0.4,0,0,0,0,"Communication, Attention to Detail","iOS SDK, Mentoring, Apache Solr",0.4217,0.0,0.0349,0.0,1
20882041.pdf,1143359956,,National Sales Manager,1,7,5,8,0.125,0,0,1,0,Communication,"iOS SDK, Work Ethic, Make, Apache Solr, Integration Testing, Room, Amazon Neptune",0.407,0.25,0.0148,0.0,1
28078163.pdf,2147609712,The Job Network,Med-RN ER,0,8,14,8,0.0,0,0,0,0,,"iOS SDK, Work Ethic, Cultural Awareness, Automated Testing, Critical Thinking, React Native, Azure Monitor, Amazon Neptune",0.3004,0.0,0.0074,16.0,0
28831378.pdf,3551631423,Miracles for Kids,Community Program Assistant,1,8,2,9,0.1111,0,0,0,0,Work Ethic,"iOS SDK, Communication, Excel, Cultural Awareness, Automated Testing, Teamwork, Move, Apache Solr",0.3337,0.0,0.0074,0.0,0
17488801.pdf,3555161614,Starup Insurance,User Experience Designer,1,5,4,6,0.1667,0,0,0,0,Communication,"iOS SDK, Work Ethic, Design Thinking, User-Centered Design, Collaboration",0.3508,0.0,0.0156,0.0,1
28078163.pdf,103254301,Raw Cereal,Producer,0,4,14,4,0.0,0,0,0,0,,"Reverse Engineering, iOS SDK, Apache Ignite, Work Ethic",0.3004,0.0,0.0079,0.0,0
10712803.pdf,2457183642,Galerie Candy and Gifts,Quality Assurance Manager,0,11,2,11,0.0,0,0,1,0,,"iOS SDK, Communication, Excel, Make, Apache Solr, Mobile Security, Time Management, Quality Assurance, Qt Creator, Decision Making, Amazon Neptune",0.3536,0.2,0.0,28.0,0
24322804.pdf,95428182,CLEVELAND KIDS BOOK BANK,Administrative Coordinator,2,10,7,12,0.1667,0,0,0,0,"Communication, Make","iOS SDK, Work Ethic, Attention to Detail, Automated Testing, Apache Solr, Azure Monitor, Time Management, Collaboration, Creativity, Amazon Neptune",0.3518,0.0,0.0362,8.0,1
22605864.pdf,3533320307,NLB Services,Java architect / Lead Java developer,0,5,6,5,0.0,0,0,0,0,,"Automated Testing, REST API, React, TypeScript, Java",0.3337,0.1667,0.0078,80.0,0
17926546.pdf,3592392532,Lorenz Motors,Drone-Car Engineer,0,6,9,6,0.0,0,0,0,0,,"iOS SDK, Communication, Work Ethic, Automated Testing, Collaboration, Apache Solr",0.3012,0.0,0.0231,20.0,0
15941675.pdf,3379554375,Nebraska Public Media,Finishing Editor,0,8,5,8,0.0,0,0,0,0,,"CRI-O, iOS SDK, Privileged Access Management, Automated Testing, Make, Problem Solving, Composer, Apache Solr",0.3011,0.0,0.0222,0.0,0
23497307.pdf,2147609712,The Job Network,Med-RN ER,0,8,6,8,0.0,0,0,0,0,,"iOS SDK, Work Ethic, Cultural Awareness, Automated Testing, Critical Thinking, React Native, Azure Monitor, Amazon Neptune",0.3,0.0,0.0,16.0,0
28005884.pdf,3177010992,ABC Farigua Division,Customer Service Representative,0,6,1,6,0.0,0,0,0,0,,"iOS SDK, Work Ethic, Responsive Design, Reverse Engineering, Mobile Security, Amazon Neptune",0.3008,0.0,0.0152,8.0,0
24322804.pdf,2735151240,LT Apparel Group,Intern- Business Analytics,2,6,7,8,0.25,0,0,0,0,"Teamwork, Communication","Power BI, Tableau, Excel, Work Ethic, iOS SDK, Amazon Neptune",0.4095,0.1667,0.0231,20.0,1
13264796.pdf,95428182,CLEVELAND KIDS BOOK BANK,Administrative Coordinator,1,11,11,12,0.0833,0,0,1,0,Communication,"iOS SDK, Work Ethic, Make, Automated Testing, Attention to Detail, Apache Solr, Azure Monitor, Time Management, Collaboration, Creativity, Amazon Neptune",0.3382,0.0,0.0142,8.0,0
17103000.pdf,3547664337,Polyram Plastic Industries Ltd,Brand Representative,0,7,4,7,0.0,0,0,0,0,,"iOS SDK, Excel, Apache Solr, Extreme Programming, Negotiation, Collaboration, Amazon Neptune",0.3,0.0,0.0,0.0,0
12518008.pdf,56482768,,Appalachian Highlands Women's Business Center,2,11,5,13,0.1538,2,0,2,0,"Product Management, Leadership","iOS SDK, Communication, Work Ethic, Excel, Facilitation, Strategic Thinking, Make, Automated Testing, Apache Solr, Collaboration, Amazon Neptune",0.2203,0.0,0.021,0.0,1
20566550.pdf,3586242087,,Director of Sales,1,7,11,8,0.125,0,0,2,1,Communication,"iOS SDK, Strategic Thinking, Automated Testing, Negotiation, D, Leadership, Apache Solr",0.3761,0.0,0.0227,0.0,1
23497307.pdf,3184403524,San José Clinic,Events & Communications Assistant,2,12,6,14,0.1429,0,0,2,0,"Communication, Excel","iOS SDK, Creativity, Automated Testing, Apache Solr, D, Schema Registry, Time Management, Quality Assurance, C, Pull Requests, Go, Amazon Neptune",0.365,0.0,0.0142,0.0,1
19124258.pdf,2735151240,LT Apparel Group,Intern- Business Analytics,1,7,2,8,0.125,0,0,0,0,Excel,"Power BI, Tableau, Communication, Work Ethic, iOS SDK, Teamwork, Amazon Neptune",0.3383,0.0,0.0153,20.0,1
11890896.pdf,111513530,United Methodists of Greater New Jersey,"Content Writer, Communications",0,6,6,6,0.0,0,0,0,0,,"iOS SDK, Apache Camel, Make, Apache Solr, Collaboration, Amazon Neptune",0.3008,0.0,0.0152,0.0,0
12518008.pdf,1168783207,,Reps manager,0,6,5,6,0.0,0,0,0,0,,"iOS SDK, Work Ethic, GitHub Actions, Reverse Engineering, Spring Framework, Computer Vision",0.3674,0.3333,0.0153,8.0,0
21629057.pdf,3219089287,,Recruitment Manager,1,2,7,3,0.3333,0,0,0,0,Leadership,"Automated Testing, Apache Solr",0.4004,0.0,0.0079,0.0,0
27040860.pdf,3219089287,,Recruitment Manager,0,3,4,3,0.0,0,0,0,0,,"Automated Testing, Leadership, Apache Solr",0.3,0.0,0.0,0.0,0
26456899.pdf,2735151240,LT Apparel Group,Intern- Business Analytics,2,6,10,8,0.25,0,0,0,0,"Communication, Excel","Power BI, Tableau, iOS SDK, Work Ethic, Teamwork, Amazon Neptune",0.3764,0.0,0.027,20.0,1
15941675.pdf,1168783207,,Reps manager,0,6,5,6,0.0,0,0,0,0,,"iOS SDK, Work Ethic, GitHub Actions, Reverse Engineering, Spring Framework, Computer Vision",0.3008,0.0,0.0153,8.0,0
21298336.pdf,3555161614,Starup Insurance,User Experience Designer,0,6,3,6,0.0,0,0,0,0,,"iOS SDK, Communication, Work Ethic, Design Thinking, User-Centered Design, Collaboration",0.3,0.0,0.0,0.0,0
17108676.pdf,3619548798,"Dexterity, Inc.",Senior Mechanical Engineer,1,9,5,10,0.1,0,1,0,0,Leadership,"iOS SDK, Work Ethic, Cultural Awareness, Make, Automated Testing, Technical Writing, Apache Solr, Reverse Engineering, Amazon Neptune",0.3343,0.2,0.0365,20.0,1
17103000.pdf,2269442456,navXcom,Computer Scientist,1,2,4,3,0.3333,0,0,1,0,Communication,"Work Ethic, Amazon Neptune",0.4504,0.0,0.008,20.0,1
10219099.pdf,3040487795,Lead Lab,Digital Marketing Intern,1,10,5,11,0.0909,0,0,0,0,Communication,"iOS SDK, Work Ethic, Slack, Automated Testing, Ownership, Spring Cloud, Apache Solr, Reverse Engineering, Apache Druid, Amazon Neptune",0.3277,0.0,0.0087,16.0,0
10985403.pdf,3478651125,Axalume,Photonics Layout Intern,0,8,2,8,0.0,0,0,0,0,,"iOS SDK, Communication, Work Ethic, Make, Python, Informatica PowerCenter, C#, Apache Solr",0.3404,0.2,0.0076,8.0,0
25797445.pdf,974774701,Kate Meadows Writing and Editing,Blog writer and virtual assistant,1,4,2,5,0.2,0,0,0,0,Communication,"iOS SDK, Black, Coaching, Time Management",0.3604,0.0,0.0077,0.0,0
28505854.pdf,3619548798,"Dexterity, Inc.",Senior Mechanical Engineer,1,9,21,10,0.1,0,0,0,1,Leadership,"iOS SDK, Work Ethic, Cultural Awareness, Make, Automated Testing, Technical Writing, Apache Solr, Reverse Engineering, Amazon Neptune",0.3307,0.0,0.0143,20.0,1
21847415.pdf,3551631423,Miracles for Kids,Community Program Assistant,2,7,6,9,0.2222,0,0,0,0,"Communication, Excel","iOS SDK, Work Ethic, Cultural Awareness, Automated Testing, Teamwork, Move, Apache Solr",0.3678,0.0,0.0226,0.0,1
18753367.pdf,368586246,STL Fertility,Embryologist,0,5,6,5,0.0,0,0,0,0,,"CompTIA A+, Excel, Automated Testing, Integration Testing, Apache Solr",0.3008,0.0,0.0156,0.0,0
15858254.pdf,3540371917,KeyBank,Enterprise Data & Analytics Infrastructure Manager,0,0,5,0,0.0,0,0,0,0,,,0.3008,0.0,0.0159,60.0,0
17108676.pdf,2735151240,LT Apparel Group,Intern- Business Analytics,2,6,5,8,0.25,0,0,2,0,"Communication, Excel","Power BI, Tableau, iOS SDK, Work Ethic, Teamwork, Amazon Neptune",0.4137,0.0,0.0231,20.0,1
12748557.pdf,2457183642,Galerie Candy and Gifts,Quality Assurance Manager,0,11,5,11,0.0,0,0,0,0,,"iOS SDK, Communication, Excel, Make, Apache Solr, Mobile Security, Time Management, Quality Assurance, Qt Creator, Decision Making, Amazon Neptune",0.34,0.2,0.0,28.0,0
24647794.pdf,2934066464,Dynamic SRG,Fundraising Associate,1,5,9,6,0.1667,0,0,1,0,Communication,"iOS SDK, Work Ethic, Automated Testing, Prioritization, Apache Solr",0.3754,0.0,0.0077,0.0,1
27040860.pdf,3211657373,AB Underground,Heavy Equipment Operator,0,7,4,7,0.0,0,0,0,0,,"iOS SDK, Work Ethic, Make, Apache Solr, Move, Room, Amazon Neptune",0.3,0.0,0.0,0.0,0
23438227.pdf,56924323,,Structural Engineer,1,4,4,5,0.2,0,0,0,0,Excel,"Automated Testing, iOS SDK, Retrofit, Amazon Neptune",0.3604,0.0,0.0078,20.0,0
26834746.pdf,2735151240,LT Apparel Group,Intern- Business Analytics,1,7,4,8,0.125,0,0,2,0,Communication,"Power BI, Tableau, Excel, Work Ethic, iOS SDK, Teamwork, Amazon Neptune",0.3758,0.0,0.0153,20.0,1
17926546.pdf,175485704,GOYT,Software Engineer,0,11,9,11,0.0,0,0,0,0,,"iOS SDK, Communication, Work Ethic, MySQL, JavaScript, Apache Solr, HTML, PHP, CSS, Collaboration, Amazon Neptune",0.3004,0.0,0.0074,64.0,0
14049846.pdf,3582587683,McNaughton Bros. Inc.,Accounts Analyst,0,6,4,6,0.0,0,0,0,0,,"iOS SDK, Communication, Work Ethic, Automated Testing, Apache Solr, Amazon Neptune",0.3004,0.0,0.0075,20.0,0
10624813.pdf,3308438674,Consulate General of Israel to New England,Director of Communications and Digital Diplomacy,0,8,23,8,0.0,0,0,0,0,,"iOS SDK, Communication, Multi-Factor Authentication, Time Management, Pull Requests, Computer Vision, Creativity, Apache Solr",0.3344,0.1667,0.0219,0.0,0
15601399.pdf,2157930553,Brady Insurance Group LLC,Customer Service Representative,1,9,1,10,0.1,0,0,0,0,Communication,"iOS SDK, Work Ethic, Make, Automated Testing, Problem Solving, Amazon Neptune, Integration Testing, Azure Monitor, Apache Solr",0.3304,0.0,0.0072,8.0,0
12022566.pdf,3478651125,Axalume,Photonics Layout Intern,0,8,3,8,0.0,0,0,0,0,,"iOS SDK, Communication, Work Ethic, Make, Python, Informatica PowerCenter, C#, Apache Solr",0.35,0.25,0.0,8.0,0
27040860.pdf,3520238337,Grant Writing Solutions,Grants Writer - Subcontract,2,3,4,5,0.4,0,0,0,0,"Communication, Attention to Detail","iOS SDK, Mentoring, Apache Solr",0.4217,0.0,0.0349,0.0,1
11890896.pdf,95428182,CLEVELAND KIDS BOOK BANK,Administrative Coordinator,1,11,6,12,0.0833,0,0,0,0,Creativity,"iOS SDK, Communication, Work Ethic, Attention to Detail, Automated Testing, Make, Apache Solr, Azure Monitor, Time Management, Collaboration, Amazon Neptune",0.3257,0.0,0.0142,8.0,0
19396040.pdf,121605673,,Licensed Acupuncturist,0,8,8,8,0.0,0,0,1,0,,"iOS SDK, Communication, Work Ethic, Apache Solr, Reverse Engineering, D, Time Management, Amazon Neptune",0.3191,0.0,0.0075,0.0,0
17103000.pdf,3018278978,Aston Carter,Seasonal Office Administrator,0,5,4,5,0.0,0,0,0,0,,"iOS SDK, Work Ethic, Automated Testing, Amazon Neptune, Apache Solr",0.3,0.0,0.0,0.0,0
21298336.pdf,2748500131,"City of Germantown, TN",Director of Public Works,0,7,3,7,0.0,0,0,0,0,,"iOS SDK, Work Ethic, Automated Testing, Apache Solr, Negotiation, Accountability, Amazon Neptune",0.3008,0.0,0.0169,0.0,0
17926546.pdf,3366698309,Webologix Ltd/ INC,Anaplan Developer,1,5,9,6,0.1667,0,0,0,0,Excel,"Communication, Work Ethic, Amazon Neptune, Agile, Apache Solr",0.3508,0.0,0.0154,28.0,1
12518008.pdf,2457183642,Galerie Candy and Gifts,Quality Assurance Manager,0,11,5,11,0.0,0,0,0,0,,"iOS SDK, Communication, Excel, Make, Apache Solr, Mobile Security, Time Management, Quality Assurance, Qt Creator, Decision Making, Amazon Neptune",0.3507,0.25,0.0146,28.0,0
10219099.pdf,3480552482,Women choice,Summer Intern for Women International Company,1,6,5,7,0.1429,0,0,0,0,Communication,"iOS SDK, Make, Apache Solr, Leadership, C, Amazon Neptune",0.3433,0.0,0.0092,0.0,0
17043822.pdf,3211657373,AB Underground,Heavy Equipment Operator,0,7,11,7,0.0,0,0,0,0,,"iOS SDK, Work Ethic, Make, Apache Solr, Move, Room, Amazon Neptune",0.3004,0.0,0.0076,0.0,0
12748557.pdf,3578562287,Beat the Streets - Baltimore,Swahili Instructor,0,6,5,6,0.0,0,0,0,0,,"iOS SDK, Communication, Work Ethic, Automated Testing, Apache Ignite, Amazon Neptune",0.3004,0.0,0.0075,0.0,0
19396040.pdf,3540371917,KeyBank,Enterprise Data & Analytics Infrastructure Manager,0,0,8,0,0.0,0,0,0,0,,,0.3004,0.0,0.0081,60.0,0
25797445.pdf,111513530,United Methodists of Greater New Jersey,"Content Writer, Communications",0,6,2,6,0.0,0,0,0,0,,"iOS SDK, Apache Camel, Make, Apache Solr, Collaboration, Amazon Neptune",0.3004,0.0,0.0075,0.0,0
24322804.pdf,3075721793,ASA Architects,Architect/Project Manager,1,5,7,6,0.1667,0,1,0,0,Communication,"iOS SDK, Automated Testing, Azure Synapse Analytics, Amazon Neptune, Apache Solr",0.3144,0.0,0.0376,28.0,1
19396040.pdf,56482768,,Appalachian Highlands Women's Business Center,2,11,8,13,0.1538,2,0,1,0,"Excel, Make","iOS SDK, Communication, Work Ethic, Facilitation, Strategic Thinking, Automated Testing, Product Management, Apache Solr, Leadership, Collaboration, Amazon Neptune",0.208,0.0,0.0069,0.0,1
27040860.pdf,3363439517,White Bottle Inc.,Sanitation Supervisor,2,9,4,11,0.1818,3,1,0,0,"Communication, Attention to Detail","iOS SDK, Work Ethic, Automated Testing, Bottle, Problem Solving, Apache Solr, Mobile Security, Integration Testing, Amazon Neptune",0.1691,0.0,0.0408,8.0,1
20882041.pdf,3379554375,Nebraska Public Media,Finishing Editor,0,8,5,8,0.0,0,0,0,0,,"CRI-O, iOS SDK, Privileged Access Management, Automated Testing, Make, Problem Solving, Composer, Apache Solr",0.3004,0.0,0.0073,0.0,0
24647794.pdf,3245063922,Saxon AI,Data Architect,0,5,9,5,0.0,0,0,0,0,,"Cultural Awareness, Amazon Web Services, Apache Spark, Python, SQL",0.3004,0.0,0.0077,64.0,0
17043822.pdf,3533320307,NLB Services,Java architect / Lead Java developer,0,5,11,5,0.0,0,0,0,0,,"Automated Testing, REST API, React, TypeScript, Java",0.3,0.0,0.0,80.0,0
11981094.pdf,445337908,Food Bank of Alaska,Chief Operating Officer,0,7,14,7,0.0,0,0,1,0,,"iOS SDK, Make, Automated Testing, D, Apache Druid, Leadership, Amazon Neptune",0.3214,0.0,0.0,0.0,0
16911115.pdf,3040487795,Lead Lab,Digital Marketing Intern,1,10,7,11,0.0909,0,0,1,0,Communication,"iOS SDK, Work Ethic, Slack, Automated Testing, Ownership, Spring Cloud, Apache Solr, Reverse Engineering, Apache Druid, Amazon Neptune",0.3416,0.0,0.0145,16.0,0
23497307.pdf,3075721793,ASA Architects,Architect/Project Manager,1,5,6,6,0.1667,0,1,0,0,Communication,"iOS SDK, Automated Testing, Azure Synapse Analytics, Amazon Neptune, Apache Solr",0.414,0.5,0.0299,28.0,1
25608963.pdf,3466187886,Landscape Management Group,Owner,1,8,9,9,0.1111,0,0,0,0,Communication,"iOS SDK, Work Ethic, Automated Testing, Key Management, Integration Testing, Collaboration, Creativity, Amazon Neptune",0.3337,0.0,0.0075,0.0,0
28505854.pdf,3586242087,,Director of Sales,1,7,21,8,0.125,0,0,1,1,Leadership,"iOS SDK, Communication, Strategic Thinking, Automated Testing, Negotiation, D, Apache Solr",0.3563,0.0,0.0,0.0,1
19397727.pdf,3366698309,Webologix Ltd/ INC,Anaplan Developer,1,5,5,6,0.1667,0,0,0,0,Communication,"Excel, Work Ethic, Amazon Neptune, Agile, Apache Solr",0.3511,0.0,0.0227,28.0,1
27040860.pdf,3308438674,Consulate General of Israel to New England,Director of Communications and Digital Diplomacy,2,6,4,8,0.25,0,0,0,0,"Communication, Time Management","iOS SDK, Multi-Factor Authentication, Pull Requests, Computer Vision, Creativity, Apache Solr",0.3771,0.0,0.0426,0.0,1
20566550.pdf,2748500131,"City of Germantown, TN",Director of Public Works,0,7,11,7,0.0,0,0,0,1,,"iOS SDK, Work Ethic, Automated Testing, Apache Solr, Negotiation, Accountability, Amazon Neptune",0.3007,0.0,0.0149,0.0,0
22605864.pdf,2195921577,,Associate Planner,1,12,6,13,0.0769,0,0,0,0,Excel,"iOS SDK, Communication, Work Ethic, Strategic Thinking, Automated Testing, Problem Solving, Apache Solr, Mobile Security, Teamwork, Leadership, Move, Amazon Neptune",0.3234,0.0,0.007,8.0,0
12472574.pdf,2157930553,Brady Insurance Group LLC,Customer Service Representative,5,5,21,10,0.5,0,0,1,2,"Communication, Make, Automated Testing, Problem Solving, Integration Testing","iOS SDK, Work Ethic, Amazon Neptune, Azure Monitor, Apache Solr",0.4673,0.0,0.0451,8.0,1
26456899.pdf,2147609789,Revature,Entry Level Oracle Financial Technology Consultant,1,4,10,5,0.2,0,0,0,0,Communication,"Apache Solr, iOS SDK, Work Ethic, Amazon Neptune",0.3627,0.0,0.0533,28.0,1
13264796.pdf,2914254129,Eastern Indiana Works,Director of Operations,1,8,11,9,0.1111,0,0,3,0,Communication,"iOS SDK, Facilitation, Apache Solr, Problem Solving, D, Time Management, Move, Amazon Neptune",0.4504,0.3333,0.0074,0.0,1
24322804.pdf,445337908,Food Bank of Alaska,Chief Operating Officer,2,5,7,7,0.2857,0,0,0,0,"Leadership, Make","iOS SDK, Automated Testing, D, Apache Druid, Amazon Neptune",0.3869,0.0,0.0231,0.0,1
25608963.pdf,3547664337,Polyram Plastic Industries Ltd,Brand Representative,1,6,9,7,0.1429,0,0,1,0,Excel,"iOS SDK, Apache Solr, Extreme Programming, Negotiation, Collaboration, Amazon Neptune",0.3647,0.0,0.0076,0.0,1
15941675.pdf,3610596223,,Commercial Auto Underwriter Assistant,1,8,5,9,0.1111,0,1,1,0,Communication,"iOS SDK, Excel, Work Ethic, Make, Apache Solr, Teamwork, C, Amazon Neptune",0.3129,0.0,0.0074,0.0,1
16911115.pdf,3551631423,Miracles for Kids,Community Program Assistant,2,7,7,9,0.2222,0,0,2,0,"Communication, Excel","iOS SDK, Work Ethic, Cultural Awareness, Automated Testing, Teamwork, Move, Apache Solr",0.4007,0.0,0.0149,0.0,1
28831378.pdf,3260455681,Weyerhaeuser,Operations Specialist,1,15,2,16,0.0625,0,0,0,0,Work Ethic,"iOS SDK, Communication, Reverse Engineering, Mobile Security, Mentoring, Time Management, Leadership, Decision Making, Apache Solr, Conflict Resolution, Excel, Make, Sentence Transformers, Vector Embeddings, Amazon Neptune",0.3201,0.0,0.0274,8.0,0
19396040.pdf,3379554375,Nebraska Public Media,Finishing Editor,1,7,8,8,0.125,0,0,1,0,Make,"CRI-O, iOS SDK, Privileged Access Management, Automated Testing, Problem Solving, Composer, Apache Solr",0.357,0.0,0.0147,0.0,1
19396040.pdf,3184403524,San José Clinic,Events & Communications Assistant,2,12,8,14,0.1429,0,0,3,0,"Excel, C","iOS SDK, Communication, Creativity, Automated Testing, Apache Solr, D, Schema Registry, Time Management, Quality Assurance, Pull Requests, Go, Amazon Neptune",0.3757,0.0,0.0142,0.0,1
11981094.pdf,3322949022,Kenai Capital Advisors,"Director, Investment Sales",1,8,14,9,0.1111,0,0,1,0,Communication,"iOS SDK, Excel, Work Ethic, Azure Resource Manager, Automated Testing, Apache Solr, Negotiation, Amazon Neptune",0.3504,0.0,0.0071,8.0,1
27152464.pdf,3308438674,Consulate General of Israel to New England,Director of Communications and Digital Diplomacy,2,6,37,8,0.25,0,0,2,2,"Communication, Time Management","iOS SDK, Multi-Factor Authentication, Pull Requests, Computer Vision, Creativity, Apache Solr",0.4132,0.0,0.0145,0.0,1
13149176.pdf,3196627399,Bellevue Downtown Association,Marketing & Communications – Content Writer Internship,1,12,7,13,0.0769,0,0,0,0,Time Management,"iOS SDK, Communication, Work Ethic, Attention to Detail, Apache Solr, Problem Solving, HTML, Reverse Engineering, Teamwork, Leadership, Collaboration, Amazon Neptune",0.3245,0.0,0.028,0.0,0
21298336.pdf,844454682,,Commercial Property Manager,1,5,3,6,0.1667,3,0,0,0,Excel,"iOS SDK, Automated Testing, Amazon Neptune, Spring Framework, Apache Solr",0.2008,0.0,0.0169,8.0,1
13264796.pdf,3583960568,Böning Ship Automation USA,Sales and Application Engineer,1,11,11,12,0.0833,0,0,1,0,Communication,"iOS SDK, Work Ethic, Make, Automated Testing, Problem Solving, Negotiation, Lakehouse Architecture, Assembly Language, Mobile Security, Accountability, Presentation Skills",0.3389,0.0,0.0286,28.0,0
27756469.pdf,3610591138,Mountain View Eye Center,Ophthalmic Technician,2,7,10,9,0.2222,0,0,1,0,"Leadership, D","CRI-O, iOS SDK, Communication, Work Ethic, Model Deployment, Coaching, Amazon Neptune",0.3837,0.0,0.0076,0.0,1
23497307.pdf,3040487795,Lead Lab,Digital Marketing Intern,1,10,6,11,0.0909,0,0,0,0,Communication,"iOS SDK, Work Ethic, Slack, Automated Testing, Ownership, Spring Cloud, Apache Solr, Reverse Engineering, Apache Druid, Amazon Neptune",0.328,0.0,0.0145,16.0,0
17103000.pdf,3322949022,Kenai Capital Advisors,"Director, Investment Sales",1,8,4,9,0.1111,0,0,1,0,Communication,"iOS SDK, Excel, Work Ethic, Azure Resource Manager, Automated Testing, Apache Solr, Negotiation, Amazon Neptune",0.3515,0.0,0.0292,8.0,1
16803215.pdf,2457183642,Galerie Candy and Gifts,Quality Assurance Manager,4,7,9,11,0.3636,0,0,0,0,"Quality Assurance, Communication, Time Management, Make","iOS SDK, Excel, Apache Solr, Mobile Security, Qt Creator, Decision Making, Amazon Neptune",0.4131,0.0,0.08,28.0,1
25797445.pdf,266825034,Recruitment Design,Software Support Specialist,1,6,2,7,0.1429,0,0,1,0,Communication,"iOS SDK, JavaScript, Make, Automated Testing, D, PHP",0.4154,0.25,0.0231,36.0,1
13264796.pdf,3537193915,DIGS Vacation Rentals.com,Field Operations Specialist,1,6,11,7,0.1429,0,0,1,0,Communication,"iOS SDK, Work Ethic, Cultural Awareness, Apache Solr, Problem Solving, Amazon Neptune",0.365,0.0,0.0148,0.0,1
27152464.pdf,3610591138,Mountain View Eye Center,Ophthalmic Technician,2,7,37,9,0.2222,0,0,3,2,"Communication, Leadership","CRI-O, iOS SDK, Work Ethic, D, Model Deployment, Coaching, Amazon Neptune",0.417,0.0,0.0076,0.0,1
27152464.pdf,3184403524,San José Clinic,Events & Communications Assistant,3,11,37,14,0.2143,0,0,5,2,"Communication, Go, Time Management","iOS SDK, Excel, Automated Testing, Apache Solr, D, Schema Registry, C, Quality Assurance, Pull Requests, Creativity, Amazon Neptune",0.4182,0.0,0.007,0.0,1
20882041.pdf,3547664337,Polyram Plastic Industries Ltd,Brand Representative,1,6,5,7,0.1429,0,0,2,0,Excel,"iOS SDK, Apache Solr, Extreme Programming, Negotiation, Collaboration, Amazon Neptune",0.3861,0.0,0.0076,0.0,1
22605864.pdf,56924323,,Structural Engineer,1,4,6,5,0.2,0,0,0,0,Excel,"Automated Testing, iOS SDK, Retrofit, Amazon Neptune",0.3604,0.0,0.0078,20.0,0
17926546.pdf,2954591060,Naked Wardrobe,Social Media Coordinator,0,4,9,4,0.0,0,0,0,0,,"iOS SDK, Communication, Fluent Bit, Collaboration",0.3004,0.0,0.0077,0.0,0
20566550.pdf,3297645846,"Navajo Transitional Energy Company, LLC",Contract Administrator,2,7,11,9,0.2222,2,0,1,1,"Communication, Attention to Detail","Power BI, iOS SDK, Excel, Automated Testing, Apache Solr, Move, Amazon Neptune",0.2352,0.0,0.0373,0.0,1
15139979.pdf,2147609789,Revature,Entry Level Oracle Financial Technology Consultant,0,5,9,5,0.0,0,0,1,0,,"iOS SDK, Communication, Work Ethic, Amazon Neptune, Apache Solr",0.33,0.0,0.0,28.0,0
28762662.pdf,2796728000,"Thorpe Design, Inc.",Fire Sprinkler Designer,1,6,18,7,0.1429,0,0,1,0,Communication,"iOS SDK, Work Ethic, Cultural Awareness, Attention to Detail, Apache Solr, Amazon Neptune",0.3647,0.0,0.0075,0.0,1
12748557.pdf,111513530,United Methodists of Greater New Jersey,"Content Writer, Communications",1,5,5,6,0.1667,0,0,1,0,Collaboration,"iOS SDK, Apache Camel, Make, Amazon Neptune, Apache Solr",0.3758,0.0,0.0152,0.0,1
20566550.pdf,2157930553,Brady Insurance Group LLC,Customer Service Representative,2,8,11,10,0.2,0,0,1,1,"Problem Solving, Communication","iOS SDK, Work Ethic, Make, Automated Testing, Apache Solr, Integration Testing, Azure Monitor, Amazon Neptune",0.3765,0.0,0.0296,8.0,1
23497307.pdf,3308438674,Consulate General of Israel to New England,Director of Communications and Digital Diplomacy,1,7,6,8,0.125,0,0,0,0,Communication,"iOS SDK, Multi-Factor Authentication, Time Management, Pull Requests, Computer Vision, Creativity, Apache Solr",0.3382,0.0,0.0145,0.0,0
26456899.pdf,133130219,,Software Engineer,0,0,10,0,0.0,0,0,0,0,,,0.3023,0.0,0.0469,40.0,0
25919149.pdf,2195921577,,Associate Planner,1,12,6,13,0.0769,0,0,0,0,Problem Solving,"iOS SDK, Excel, Work Ethic, Communication, Strategic Thinking, Automated Testing, Apache Solr, Mobile Security, Teamwork, Leadership, Move, Amazon Neptune",0.3259,0.0,0.0571,8.0,0
19124258.pdf,1168783207,,Reps manager,0,6,2,6,0.0,0,0,0,0,,"iOS SDK, Work Ethic, GitHub Actions, Reverse Engineering, Spring Framework, Computer Vision",0.3508,0.25,0.0153,8.0,0
17108676.pdf,133130219,,Software Engineer,0,0,5,0,0.0,0,0,0,0,,,0.3004,0.0,0.0081,40.0,0
14049846.pdf,3478651125,Axalume,Photonics Layout Intern,1,7,4,8,0.125,0,0,1,0,Make,"iOS SDK, Communication, Work Ethic, Python, Informatica PowerCenter, C#, Apache Solr",0.4062,0.25,0.0,8.0,1
16911115.pdf,2157930553,Brady Insurance Group LLC,Customer Service Representative,3,7,7,10,0.3,0,0,2,0,"Problem Solving, Communication, Make","iOS SDK, Work Ethic, Automated Testing, Apache Solr, Integration Testing, Azure Monitor, Amazon Neptune",0.4219,0.0,0.0373,8.0,1
12748557.pdf,3555161614,Starup Insurance,User Experience Designer,1,5,5,6,0.1667,0,0,1,0,Collaboration,"iOS SDK, Communication, Work Ethic, Design Thinking, User-Centered Design",0.3758,0.0,0.0156,0.0,1
24647794.pdf,3260455681,Weyerhaeuser,Operations Specialist,2,14,9,16,0.125,0,0,2,0,"Communication, Leadership","Conflict Resolution, iOS SDK, Excel, Work Ethic, Make, Sentence Transformers, Apache Solr, Reverse Engineering, Mobile Security, Mentoring, Vector Embeddings, Time Management, Decision Making, Amazon Neptune",0.3576,0.0,0.0274,8.0,1
19612167.pdf,56924323,,Structural Engineer,1,4,4,5,0.2,0,0,1,0,Excel,"Automated Testing, iOS SDK, Retrofit, Amazon Neptune",0.3904,0.0,0.0078,20.0,1
12748557.pdf,266825034,Recruitment Design,Software Support Specialist,0,7,5,7,0.0,0,0,1,0,,"iOS SDK, Communication, JavaScript, Make, Automated Testing, D, PHP",0.3218,0.0,0.0076,36.0,0
23497307.pdf,3379554375,Nebraska Public Media,Finishing Editor,0,8,6,8,0.0,0,0,0,0,,"CRI-O, iOS SDK, Privileged Access Management, Automated Testing, Make, Problem Solving, Composer, Apache Solr",0.3004,0.0,0.0073,0.0,0
19397727.pdf,3610591138,Mountain View Eye Center,Ophthalmic Technician,2,7,5,9,0.2222,0,0,0,0,"Communication, D","CRI-O, iOS SDK, Work Ethic, Model Deployment, Leadership, Coaching, Amazon Neptune",0.4178,0.25,0.0225,0.0,1
17103000.pdf,56924323,,Structural Engineer,1,4,4,5,0.2,0,0,1,0,Retrofit,"Automated Testing, iOS SDK, Excel, Amazon Neptune",0.3904,0.0,0.0078,20.0,1
19553067.pdf,1573178251,,Social Media Coordinator,0,5,3,5,0.0,0,0,0,0,,"Work Ethic, Automated Testing, Reverse Engineering, Computer Vision, Apache Solr",0.3004,0.0,0.0076,0.0,0
17488801.pdf,2157930553,Brady Insurance Group LLC,Customer Service Representative,1,9,4,10,0.1,0,0,0,0,Communication,"iOS SDK, Work Ethic, Make, Automated Testing, Problem Solving, Apache Solr, Integration Testing, Azure Monitor, Amazon Neptune",0.3304,0.0,0.0072,8.0,0
17043822.pdf,3609090859,Mi Familia Vota,Field Director,4,13,11,17,0.2353,3,0,3,0,"Communication, Excel, Leadership, C","CRI-O, Conflict Resolution, iOS SDK, Work Ethic, GitHub Actions, Cultural Awareness, Attention to Detail, Automated Testing, Problem Solving, Apache Solr, Google Sheets, Accountability, Amazon Neptune",0.2484,0.0,0.0274,0.0,1
11890896.pdf,2157930553,Brady Insurance Group LLC,Customer Service Representative,1,9,6,10,0.1,0,0,1,0,Problem Solving,"iOS SDK, Communication, Work Ethic, Make, Automated Testing, Apache Solr, Integration Testing, Azure Monitor, Amazon Neptune",0.3454,0.0,0.0072,8.0,1
17108676.pdf,95428182,CLEVELAND KIDS BOOK BANK,Administrative Coordinator,2,10,5,12,0.1667,0,0,2,0,"Communication, Time Management","iOS SDK, Work Ethic, Make, Automated Testing, Attention to Detail, Apache Solr, Azure Monitor, Collaboration, Creativity, Amazon Neptune",0.3768,0.0,0.0362,8.0,1
15858254.pdf,103254301,Raw Cereal,Producer,0,4,5,4,0.0,0,0,0,0,,"Reverse Engineering, iOS SDK, Apache Ignite, Work Ethic",0.3008,0.0,0.0152,0.0,0
21038022.pdf,2147609835,The Job Network,Trade Review Principal,0,9,12,9,0.0,0,0,0,0,,"iOS SDK, Work Ethic, Make, Ownership, Automated Testing, Apache Solr, Reverse Engineering, Vector Embeddings, Amazon Neptune",0.3004,0.0,0.0073,0.0,0
22605864.pdf,3610596223,,Commercial Auto Underwriter Assistant,1,8,6,9,0.1111,0,1,1,0,Excel,"iOS SDK, Communication, Work Ethic, Make, Apache Solr, Teamwork, C, Amazon Neptune",0.3129,0.0,0.0074,0.0,1
28762662.pdf,3515274431,Conduit Tech,Customer Success Manager,1,11,18,12,0.0833,0,0,1,0,Communication,"CRI-O, iOS SDK, Excel, Work Ethic, Automated Testing, Ownership, Exploratory Testing, Apache Solr, Reverse Engineering, Integration Testing, Amazon Neptune",0.3782,0.2,0.0145,0.0,0
17103000.pdf,103254301,Raw Cereal,Producer,0,4,4,4,0.0,0,0,0,0,,"Reverse Engineering, iOS SDK, Apache Ignite, Work Ethic",0.3004,0.0,0.0079,0.0,0
17043822.pdf,3540371917,KeyBank,Enterprise Data & Analytics Infrastructure Manager,0,0,11,0,0.0,0,0,0,0,,,0.3286,0.1429,0.0,60.0,0
17488801.pdf,111513530,United Methodists of Greater New Jersey,"Content Writer, Communications",0,6,4,6,0.0,0,0,0,0,,"iOS SDK, Apache Camel, Make, Apache Solr, Collaboration, Amazon Neptune",0.3004,0.0,0.0075,0.0,0
28923650.pdf,1573178251,,Social Media Coordinator,0,5,6,5,0.0,0,0,0,0,,"Work Ethic, Automated Testing, Reverse Engineering, Computer Vision, Apache Solr",0.3008,0.0,0.0154,0.0,0
11981094.pdf,2954591060,Naked Wardrobe,Social Media Coordinator,1,3,14,4,0.25,0,0,1,0,Communication,"iOS SDK, Fluent Bit, Collaboration",0.4129,0.0,0.0077,0.0,1
12472574.pdf,3431736996,Marquee Event Rentals,Client Service Representative,2,6,21,8,0.25,0,0,1,2,"Automated Testing, Integration Testing","iOS SDK, Azure Resource Manager, Attention to Detail, Apache Solr, Room, Amazon Neptune",0.3945,0.0,0.0147,8.0,1
21807224.pdf,1168783207,,Reps manager,0,6,0,6,0.0,0,0,0,0,,"Reverse Engineering, iOS SDK, Work Ethic, GitHub Actions, Spring Framework, Computer Vision",0.367,0.3333,0.0076,8.0,0
17108676.pdf,3540371917,KeyBank,Enterprise Data & Analytics Infrastructure Manager,0,0,5,0,0.0,0,0,0,0,,,0.3,0.0,0.0,60.0,0
26456899.pdf,3260455681,Weyerhaeuser,Operations Specialist,2,14,10,16,0.125,0,0,0,0,"Communication, Excel","Conflict Resolution, iOS SDK, Work Ethic, Sentence Transformers, Make, Apache Solr, Reverse Engineering, Mobile Security, Mentoring, Vector Embeddings, Time Management, Leadership, Decision Making, Amazon Neptune",0.3409,0.0,0.069,8.0,1
11890896.pdf,2457183642,Galerie Candy and Gifts,Quality Assurance Manager,0,11,6,11,0.0,0,0,1,0,,"iOS SDK, Communication, Excel, Make, Apache Solr, Mobile Security, Time Management, Quality Assurance, Qt Creator, Decision Making, Amazon Neptune",0.354,0.2,0.0072,28.0,0
22605864.pdf,2954591060,Naked Wardrobe,Social Media Coordinator,1,3,6,4,0.25,0,0,0,0,Collaboration,"iOS SDK, Communication, Fluent Bit",0.3758,0.0,0.0155,0.0,1
25608963.pdf,3537193915,DIGS Vacation Rentals.com,Field Operations Specialist,1,6,9,7,0.1429,0,0,0,0,Communication,"iOS SDK, Work Ethic, Cultural Awareness, Apache Solr, Problem Solving, Amazon Neptune",0.3432,0.0,0.0074,0.0,0
23497307.pdf,3551631423,Miracles for Kids,Community Program Assistant,2,7,6,9,0.2222,0,0,0,0,"Communication, Excel","iOS SDK, Work Ethic, Cultural Awareness, Automated Testing, Teamwork, Move, Apache Solr",0.3674,0.0,0.0149,0.0,0
21038022.pdf,266825034,Recruitment Design,Software Support Specialist,1,6,12,7,0.1429,0,0,1,0,Communication,"iOS SDK, JavaScript, Make, Automated Testing, D, PHP",0.365,0.0,0.0153,36.0,1
27152464.pdf,2147609835,The Job Network,Trade Review Principal,1,8,37,9,0.1111,0,0,1,2,Make,"iOS SDK, Work Ethic, Ownership, Automated Testing, Apache Solr, Reverse Engineering, Vector Embeddings, Amazon Neptune",0.3504,0.0,0.0073,0.0,1
19396040.pdf,2457183642,Galerie Candy and Gifts,Quality Assurance Manager,2,9,8,11,0.1818,0,0,1,0,"Excel, Make","iOS SDK, Communication, Apache Solr, Mobile Security, Time Management, Quality Assurance, Qt Creator, Decision Making, Amazon Neptune",0.3685,0.0,0.0072,28.0,1
21038022.pdf,3540371917,KeyBank,Enterprise Data & Analytics Infrastructure Manager,0,0,12,0,0.0,0,0,0,0,,,0.3222,0.1111,0.0,60.0,0
17488801.pdf,2147609835,The Job Network,Trade Review Principal,0,9,4,9,0.0,0,0,0,0,,"iOS SDK, Work Ethic, Make, Ownership, Automated Testing, Apache Solr, Reverse Engineering, Vector Embeddings, Amazon Neptune",0.3004,0.0,0.0073,0.0,0
27040860.pdf,2735151240,LT Apparel Group,Intern- Business Analytics,2,6,4,8,0.25,0,0,0,0,"Communication, Excel","Power BI, Tableau, iOS SDK, Work Ethic, Teamwork, Amazon Neptune",0.3767,0.0,0.0341,20.0,1
17043822.pdf,175485704,GOYT,Software Engineer,3,8,11,11,0.2727,0,0,1,0,"MySQL, Communication, PHP","iOS SDK, Work Ethic, JavaScript, Apache Solr, HTML, CSS, Collaboration, Amazon Neptune",0.3962,0.0,0.0149,64.0,1
24647794.pdf,1143359956,,National Sales Manager,1,7,9,8,0.125,0,0,1,0,Communication,"iOS SDK, Work Ethic, Make, Apache Solr, Integration Testing, Room, Amazon Neptune",0.3574,0.0,0.0224,0.0,1
11981094.pdf,3177010992,ABC Farigua Division,Customer Service Representative,0,6,14,6,0.0,0,0,0,0,,"iOS SDK, Work Ethic, Responsive Design, Reverse Engineering, Mobile Security, Amazon Neptune",0.3011,0.0,0.0229,8.0,0
25797445.pdf,3610591138,Mountain View Eye Center,Ophthalmic Technician,1,8,2,9,0.1111,0,0,1,0,Communication,"CRI-O, iOS SDK, Work Ethic, D, Model Deployment, Leadership, Coaching, Amazon Neptune",0.3504,0.0,0.0076,0.0,1
14554542.pdf,2735151240,LT Apparel Group,Intern- Business Analytics,1,7,3,8,0.125,0,0,0,0,Communication,"Power BI, Tableau, Excel, Work Ethic, iOS SDK, Teamwork, Amazon Neptune",0.3379,0.0,0.0076,20.0,0
17043822.pdf,2157930553,Brady Insurance Group LLC,Customer Service Representative,1,9,11,10,0.1,0,0,1,0,Communication,"iOS SDK, Work Ethic, Make, Automated Testing, Problem Solving, Apache Solr, Integration Testing, Azure Monitor, Amazon Neptune",0.3457,0.0,0.0146,8.0,1
17488801.pdf,2372177891,iWealth,Client Service Associate,0,5,4,5,0.0,0,0,0,0,,"CRI-O, Automated Testing, Integration Testing, Room, Apache Solr",0.3,0.0,0.0,0.0,0
27756469.pdf,95428182,CLEVELAND KIDS BOOK BANK,Administrative Coordinator,1,11,10,12,0.0833,0,0,0,0,Attention to Detail,"iOS SDK, Communication, Work Ethic, Make, Automated Testing, Apache Solr, Azure Monitor, Time Management, Collaboration, Creativity, Amazon Neptune",0.3264,0.0,0.0288,8.0,0
28320387.pdf,2157930553,Brady Insurance Group LLC,Customer Service Representative,2,8,5,10,0.2,0,0,1,0,"Communication, Make","iOS SDK, Work Ethic, Automated Testing, Problem Solving, Apache Solr, Integration Testing, Azure Monitor, Amazon Neptune",0.3757,0.0,0.0146,8.0,1
21038022.pdf,2737009242,,Service Manager,2,12,12,14,0.1429,3,0,1,0,"Communication, Leadership","Conflict Resolution, iOS SDK, Expo, Work Ethic, Chef, Automated Testing, Ownership, Apache Solr, Integration Testing, Accountability, Decision Making, Amazon Neptune",0.2373,0.1667,0.007,0.0,1
28505854.pdf,2147609712,The Job Network,Med-RN ER,0,8,21,8,0.0,0,0,0,1,,"iOS SDK, Work Ethic, Cultural Awareness, Automated Testing, Critical Thinking, React Native, Azure Monitor, Amazon Neptune",0.3004,0.0,0.0074,16.0,0
25608963.pdf,3211657373,AB Underground,Heavy Equipment Operator,1,6,9,7,0.1429,0,0,1,0,Room,"iOS SDK, Work Ethic, Make, Apache Solr, Move, Amazon Neptune",0.3647,0.0,0.0076,0.0,1
22605864.pdf,121605673,,Licensed Acupuncturist,0,8,6,8,0.0,0,0,1,0,,"iOS SDK, Communication, Work Ethic, Apache Solr, Reverse Engineering, D, Time Management, Amazon Neptune",0.3195,0.0,0.015,0.0,0
23497307.pdf,1168783207,,Reps manager,0,6,6,6,0.0,0,0,0,0,,"iOS SDK, Work Ethic, GitHub Actions, Reverse Engineering, Spring Framework, Computer Vision",0.3508,0.25,0.0153,8.0,0
15858254.pdf,3578562287,Beat the Streets - Baltimore,Swahili Instructor,1,5,5,6,0.1667,0,0,0,0,Communication,"iOS SDK, Work Ethic, Automated Testing, Apache Ignite, Amazon Neptune",0.3514,0.0,0.0282,0.0,1
24647794.pdf,3322949022,Kenai Capital Advisors,"Director, Investment Sales",1,8,9,9,0.1111,0,0,1,0,Communication,"iOS SDK, Excel, Work Ethic, Azure Resource Manager, Automated Testing, Apache Solr, Negotiation, Amazon Neptune",0.3511,0.0,0.0217,8.0,1
16803215.pdf,1168783207,,Reps manager,0,6,9,6,0.0,0,0,0,0,,"iOS SDK, Work Ethic, GitHub Actions, Reverse Engineering, Spring Framework, Computer Vision",0.3007,0.0,0.0135,8.0,0
13149176.pdf,1143359956,,National Sales Manager,0,8,7,8,0.0,0,0,1,0,,"iOS SDK, Communication, Work Ethic, Make, Apache Solr, Integration Testing, Room, Amazon Neptune",0.3191,0.0,0.0074,0.0,0
21298336.pdf,3366698309,Webologix Ltd/ INC,Anaplan Developer,1,5,3,6,0.1667,0,0,0,0,Excel,"Communication, Work Ethic, Amazon Neptune, Agile, Apache Solr",0.3519,0.0,0.037,28.0,1
28630325.pdf,3610596223,,Commercial Auto Underwriter Assistant,1,8,12,9,0.1111,0,0,1,0,C,"iOS SDK, Communication, Work Ethic, Excel, Make, Apache Solr, Teamwork, Amazon Neptune",0.3507,0.0,0.0148,0.0,1
22605864.pdf,3592392532,Lorenz Motors,Drone-Car Engineer,1,5,6,6,0.1667,0,0,0,0,Collaboration,"iOS SDK, Communication, Work Ethic, Automated Testing, Apache Solr",0.3508,0.0,0.0153,20.0,1
15858254.pdf,2748500131,"City of Germantown, TN",Director of Public Works,0,7,5,7,0.0,0,0,0,0,,"iOS SDK, Work Ethic, Automated Testing, Apache Solr, Negotiation, Accountability, Amazon Neptune",0.3007,0.0,0.0135,0.0,0
21298336.pdf,111513530,United Methodists of Greater New Jersey,"Content Writer, Communications",0,6,3,6,0.0,0,0,0,0,,"iOS SDK, Apache Camel, Make, Apache Solr, Collaboration, Amazon Neptune",0.3009,0.0,0.0175,0.0,0
12748557.pdf,3592392532,Lorenz Motors,Drone-Car Engineer,1,5,5,6,0.1667,0,0,1,0,Collaboration,"iOS SDK, Communication, Work Ethic, Automated Testing, Apache Solr",0.3762,0.0,0.0231,20.0,1
24647794.pdf,3383214611,Crisp,Account Executive - Mid-Market,2,11,9,13,0.1538,0,0,2,0,"Communication, D","iOS SDK, Excel, Work Ethic, Make, Automated Testing, Apache Solr, Salesforce, Reverse Engineering, Integration Testing, Teamwork, Amazon Neptune",0.3703,0.0,0.0219,0.0,1
28762662.pdf,3366698309,Webologix Ltd/ INC,Anaplan Developer,1,5,18,6,0.1667,0,0,1,0,Communication,"Excel, Work Ethic, Amazon Neptune, Agile, Apache Solr",0.3754,0.0,0.0076,28.0,1
20566550.pdf,3478651125,Axalume,Photonics Layout Intern,2,6,11,8,0.25,0,0,1,1,"Communication, Python","iOS SDK, Work Ethic, Make, Informatica PowerCenter, C#, Apache Solr",0.4449,0.25,0.0231,8.0,1
10624813.pdf,1168783207,,Reps manager,1,5,23,6,0.1667,0,0,1,0,Reverse Engineering,"iOS SDK, Work Ethic, GitHub Actions, Spring Framework, Computer Vision",0.3758,0.0,0.0153,8.0,1
24647794.pdf,3578562287,Beat the Streets - Baltimore,Swahili Instructor,1,5,9,6,0.1667,0,0,1,0,Communication,"iOS SDK, Work Ethic, Automated Testing, Apache Ignite, Amazon Neptune",0.3758,0.0,0.0152,0.0,1
27040860.pdf,445337908,Food Bank of Alaska,Chief Operating Officer,0,7,4,7,0.0,0,0,0,0,,"iOS SDK, Make, Automated Testing, D, Apache Druid, Leadership, Amazon Neptune",0.3,0.0,0.0,0.0,0
27152464.pdf,3196627399,Bellevue Downtown Association,Marketing & Communications – Content Writer Internship,3,10,37,13,0.2308,0,0,3,2,"Communication, Leadership, Time Management","iOS SDK, Work Ethic, Attention to Detail, Apache Solr, Problem Solving, HTML, Reverse Engineering, Teamwork, Collaboration, Amazon Neptune",0.4045,0.0,0.0138,0.0,1
26456899.pdf,3551631423,Miracles for Kids,Community Program Assistant,2,7,10,9,0.2222,0,0,0,0,"Communication, Excel","iOS SDK, Work Ethic, Cultural Awareness, Automated Testing, Teamwork, Move, Apache Solr",0.3686,0.0,0.0395,0.0,1
16911115.pdf,2147609835,The Job Network,Trade Review Principal,1,8,7,9,0.1111,0,0,0,0,Make,"iOS SDK, Work Ethic, Ownership, Automated Testing, Apache Solr, Reverse Engineering, Vector Embeddings, Amazon Neptune",0.3341,0.0,0.0147,0.0,0
28078163.pdf,3555161614,Starup Insurance,User Experience Designer,1,5,14,6,0.1667,0,0,0,0,Communication,"iOS SDK, Work Ethic, Design Thinking, User-Centered Design, Collaboration",0.3508,0.0,0.0156,0.0,1
15941675.pdf,3610591138,Mountain View Eye Center,Ophthalmic Technician,2,7,5,9,0.2222,0,0,1,0,"Communication, D","CRI-O, iOS SDK, Work Ethic, Model Deployment, Leadership, Coaching, Amazon Neptune",0.4237,0.2,0.0076,0.0,1
28831378.pdf,2157930553,Brady Insurance Group LLC,Customer Service Representative,1,9,2,10,0.1,0,0,0,0,Work Ethic,"iOS SDK, Communication, Make, Automated Testing, Problem Solving, Apache Solr, Integration Testing, Azure Monitor, Amazon Neptune",0.3304,0.0,0.0072,8.0,0
16911115.pdf,3322949022,Kenai Capital Advisors,"Director, Investment Sales",2,7,7,9,0.2222,0,0,2,0,"Communication, Excel","iOS SDK, Work Ethic, Azure Resource Manager, Automated Testing, Apache Solr, Negotiation, Amazon Neptune",0.4011,0.0,0.0217,8.0,1
21629057.pdf,2157930553,Brady Insurance Group LLC,Customer Service Representative,0,10,7,10,0.0,0,0,1,0,,"iOS SDK, Communication, Work Ethic, Make, Automated Testing, Problem Solving, Apache Solr, Integration Testing, Azure Monitor, Amazon Neptune",0.3487,0.1667,0.0072,8.0,0
19396040.pdf,3582587683,McNaughton Bros. Inc.,Accounts Analyst,0,6,8,6,0.0,0,0,0,0,,"iOS SDK, Communication, Work Ethic, Automated Testing, Apache Solr, Amazon Neptune",0.3004,0.0,0.0075,20.0,0
15139979.pdf,3606129051,Health Alliance Solutions,Primary Care Leader Needed,1,5,9,6,0.1667,10,0,1,0,Leadership,"iOS SDK, Work Ethic, Cultural Awareness, Amazon Neptune, Apache Solr",0.325,0.0,0.0,0.0,0
18753367.pdf,3211657373,AB Underground,Heavy Equipment Operator,1,6,6,7,0.1429,0,0,0,0,Make,"iOS SDK, Work Ethic, Apache Solr, Move, Room, Amazon Neptune",0.3432,0.0,0.0076,0.0,0
15858254.pdf,2147609712,The Job Network,Med-RN ER,0,8,5,8,0.0,0,0,0,0,,"iOS SDK, Work Ethic, Cultural Awareness, Automated Testing, Critical Thinking, React Native, Azure Monitor, Amazon Neptune",0.3,0.0,0.0,16.0,0
12472574.pdf,1573178251,,Social Media Coordinator,1,4,21,5,0.2,0,0,0,2,Automated Testing,"Reverse Engineering, Work Ethic, Computer Vision, Apache Solr",0.3604,0.0,0.0076,0.0,1
10624813.pdf,266566927,Revesco Properties,Marketing & Office Coordinator,0,10,23,10,0.0,0,0,0,0,,"CRI-O, HubSpot, Excel, iOS SDK, Automated Testing, Ownership, Apache Solr, Apache Druid, Adaptability, Amazon Neptune",0.3004,0.0,0.0072,0.0,0
25919149.pdf,2147609712,The Job Network,Med-RN ER,1,7,6,8,0.125,0,0,0,0,Critical Thinking,"iOS SDK, Work Ethic, Cultural Awareness, Automated Testing, React Native, Azure Monitor, Amazon Neptune",0.339,0.0,0.0308,16.0,1
15941675.pdf,95428182,CLEVELAND KIDS BOOK BANK,Administrative Coordinator,2,10,5,12,0.1667,0,0,1,0,"Communication, Time Management","iOS SDK, Work Ethic, Make, Automated Testing, Attention to Detail, Apache Solr, Azure Monitor, Collaboration, Creativity, Amazon Neptune",0.3639,0.0,0.0288,8.0,1
25608963.pdf,2457183642,Galerie Candy and Gifts,Quality Assurance Manager,3,8,9,11,0.2727,0,0,1,0,"Communication, Excel, Decision Making","iOS SDK, Make, Apache Solr, Mobile Security, Time Management, Quality Assurance, Qt Creator, Amazon Neptune",0.3966,0.0,0.0221,28.0,1
26834746.pdf,445337908,Food Bank of Alaska,Chief Operating Officer,1,6,4,7,0.1429,0,0,2,0,Leadership,"iOS SDK, Make, Automated Testing, D, Apache Druid, Amazon Neptune",0.3861,0.0,0.0076,0.0,1
20566550.pdf,3609090859,Mi Familia Vota,Field Director,4,13,11,17,0.2353,3,0,2,1,"Problem Solving, Communication, C, Attention to Detail","CRI-O, Conflict Resolution, Excel, Work Ethic, GitHub Actions, iOS SDK, Cultural Awareness, Automated Testing, Apache Solr, Google Sheets, Accountability, Leadership, Amazon Neptune",0.2407,0.0,0.049,0.0,1
17108676.pdf,2147609712,The Job Network,Med-RN ER,0,8,5,8,0.0,0,0,0,0,,"iOS SDK, Work Ethic, Cultural Awareness, Automated Testing, Critical Thinking, React Native, Azure Monitor, Amazon Neptune",0.3004,0.0,0.0074,16.0,0
25608963.pdf,445337908,Food Bank of Alaska,Chief Operating Officer,2,5,9,7,0.2857,0,0,1,0,"Leadership, D","iOS SDK, Make, Automated Testing, Apache Druid, Amazon Neptune",0.4071,0.0,0.0,0.0,1
17103000.pdf,368586246,STL Fertility,Embryologist,0,5,4,5,0.0,0,0,0,0,,"CompTIA A+, Excel, Automated Testing, Integration Testing, Apache Solr",0.3004,0.0,0.0078,0.0,0
19397727.pdf,3379554375,Nebraska Public Media,Finishing Editor,0,8,5,8,0.0,0,0,0,0,,"CRI-O, iOS SDK, Privileged Access Management, Automated Testing, Make, Problem Solving, Composer, Apache Solr",0.3011,0.0,0.0213,0.0,0
21847415.pdf,1168783207,,Reps manager,0,6,6,6,0.0,0,0,0,0,,"iOS SDK, Work Ethic, GitHub Actions, Reverse Engineering, Spring Framework, Computer Vision",0.3004,0.0,0.0076,8.0,0
25919149.pdf,2457183642,Galerie Candy and Gifts,Quality Assurance Manager,1,10,6,11,0.0909,0,0,0,0,Make,"iOS SDK, Communication, Excel, Apache Solr, Mobile Security, Time Management, Quality Assurance, Qt Creator, Decision Making, Amazon Neptune",0.328,0.0,0.0145,28.0,0
19612167.pdf,2269442456,navXcom,Computer Scientist,1,2,4,3,0.3333,0,0,1,0,Communication,"Work Ethic, Amazon Neptune",0.4504,0.0,0.008,20.0,1
12748557.pdf,2934066464,Dynamic SRG,Fundraising Associate,0,6,5,6,0.0,0,0,0,0,,"iOS SDK, Communication, Work Ethic, Automated Testing, Prioritization, Apache Solr",0.3004,0.0,0.0077,0.0,0
11981094.pdf,133130219,,Software Engineer,0,0,14,0,0.0,0,0,0,0,,,0.3504,0.25,0.0081,40.0,0
24647794.pdf,2147609789,Revature,Entry Level Oracle Financial Technology Consultant,1,4,9,5,0.2,0,0,1,0,Communication,"Apache Solr, iOS SDK, Work Ethic, Amazon Neptune",0.3911,0.0,0.0226,28.0,1
20566550.pdf,3551631423,Miracles for Kids,Community Program Assistant,1,8,11,9,0.1111,0,0,1,1,Communication,"iOS SDK, Excel, Work Ethic, Cultural Awareness, Automated Testing, Teamwork, Move, Apache Solr",0.3507,0.0,0.0149,0.0,1
12518008.pdf,3260455681,Weyerhaeuser,Operations Specialist,1,15,5,16,0.0625,0,0,1,0,Leadership,"Conflict Resolution, iOS SDK, Communication, Work Ethic, Excel, Make, Sentence Transformers, Apache Solr, Reverse Engineering, Mobile Security, Mentoring, Vector Embeddings, Time Management, Decision Making, Amazon Neptune",0.3295,0.0,0.0274,8.0,0
28628090.pdf,2269442456,navXcom,Computer Scientist,1,2,14,3,0.3333,0,0,1,0,Communication,"Work Ethic, Amazon Neptune",0.4504,0.0,0.008,20.0,1
24322804.pdf,3578562287,Beat the Streets - Baltimore,Swahili Instructor,1,5,7,6,0.1667,0,0,0,0,Communication,"iOS SDK, Work Ethic, Automated Testing, Apache Ignite, Amazon Neptune",0.3515,0.0,0.0308,0.0,1
21847415.pdf,56924323,,Structural Engineer,1,4,6,5,0.2,0,0,0,0,Excel,"Automated Testing, iOS SDK, Retrofit, Amazon Neptune",0.3604,0.0,0.0078,20.0,0
19396040.pdf,2748500131,"City of Germantown, TN",Director of Public Works,0,7,8,7,0.0,0,0,0,0,,"iOS SDK, Work Ethic, Automated Testing, Apache Solr, Negotiation, Accountability, Amazon Neptune",0.3004,0.0,0.0074,0.0,0
25919149.pdf,111513530,United Methodists of Greater New Jersey,"Content Writer, Communications",1,5,6,6,0.1667,0,0,0,0,Make,"iOS SDK, Apache Camel, Amazon Neptune, Collaboration, Apache Solr",0.3516,0.0,0.0317,0.0,1
13264796.pdf,3610596223,,Commercial Auto Underwriter Assistant,1,8,11,9,0.1111,0,0,2,0,Communication,"iOS SDK, Excel, Work Ethic, Make, Apache Solr, Teamwork, C, Amazon Neptune",0.367,0.0,0.0074,0.0,1
15941675.pdf,3555161614,Starup Insurance,User Experience Designer,1,5,5,6,0.1667,0,0,0,0,Communication,"iOS SDK, Work Ethic, Design Thinking, User-Centered Design, Collaboration",0.3504,0.0,0.0078,0.0,0
17043822.pdf,3040487795,Lead Lab,Digital Marketing Intern,2,9,11,11,0.1818,0,0,2,0,"Ownership, Communication","iOS SDK, Work Ethic, Slack, Automated Testing, Apache Solr, Spring Cloud, Reverse Engineering, Apache Druid, Amazon Neptune",0.3822,0.0,0.0072,16.0,1
10624813.pdf,3480552482,Women choice,Summer Intern for Women International Company,1,6,23,7,0.1429,0,0,1,0,C,"iOS SDK, Communication, Make, Apache Solr, Leadership, Amazon Neptune",0.365,0.0,0.0152,0.0,1
28628090.pdf,3260455681,Weyerhaeuser,Operations Specialist,4,12,14,16,0.25,0,0,4,0,"Communication, Excel, Leadership, Make","Conflict Resolution, iOS SDK, Work Ethic, Sentence Transformers, Apache Solr, Reverse Engineering, Mobile Security, Mentoring, Vector Embeddings, Time Management, Decision Making, Amazon Neptune",0.4128,0.0,0.0067,8.0,1
28628090.pdf,3045980831,Armstrong Builders LLC,Project Engineer,1,3,14,4,0.25,0,0,1,0,Communication,"Automated Testing, Mobile Security, Attention to Detail",0.4129,0.0,0.0078,28.0,1
13264796.pdf,3045980831,Armstrong Builders LLC,Project Engineer,1,3,11,4,0.25,0,0,1,0,Communication,"Automated Testing, Mobile Security, Attention to Detail",0.4129,0.0,0.0078,28.0,1
27756469.pdf,1143359956,,National Sales Manager,0,8,10,8,0.0,0,0,0,0,,"iOS SDK, Communication, Work Ethic, Make, Apache Solr, Integration Testing, Room, Amazon Neptune",0.3007,0.0,0.0148,0.0,0
11890896.pdf,974774701,Kate Meadows Writing and Editing,Blog writer and virtual assistant,0,5,6,5,0.0,0,0,0,0,,"iOS SDK, Communication, Time Management, Black, Coaching",0.3004,0.0,0.0077,0.0,0
25919149.pdf,658723396,Orlando Credit Union,External Mortgage Loan Officer,0,9,6,9,0.0,0,0,0,0,,"iOS SDK, Communication, Work Ethic, Automated Testing, Apache Solr, Integration Testing, Leadership, Move, Amazon Neptune",0.3007,0.0,0.0145,0.0,0
13264796.pdf,3609090859,Mi Familia Vota,Field Director,1,16,11,17,0.0588,0,0,2,0,Communication,"CRI-O, Conflict Resolution, Excel, Work Ethic, GitHub Actions, iOS SDK, Cultural Awareness, Attention to Detail, Automated Testing, Problem Solving, Apache Solr, Google Sheets, Accountability, Leadership, C, Amazon Neptune",0.4023,0.3333,0.0067,0.0,0
15941675.pdf,3478651125,Axalume,Photonics Layout Intern,1,7,5,8,0.125,0,0,0,0,Communication,"iOS SDK, Work Ethic, Make, Python, Informatica PowerCenter, C#, Apache Solr",0.3379,0.0,0.0076,8.0,0
25425322.pdf,3610591138,Mountain View Eye Center,Ophthalmic Technician,1,8,2,9,0.1111,0,0,1,0,Leadership,"CRI-O, iOS SDK, Communication, Work Ethic, D, Model Deployment, Coaching, Amazon Neptune",0.35,0.0,0.0,0.0,1
15941675.pdf,2147609712,The Job Network,Med-RN ER,0,8,5,8,0.0,0,0,0,0,,"iOS SDK, Work Ethic, Cultural Awareness, Automated Testing, Critical Thinking, React Native, Azure Monitor, Amazon Neptune",0.3,0.0,0.0,16.0,0
15601399.pdf,3366698309,Webologix Ltd/ INC,Anaplan Developer,1,5,1,6,0.1667,0,0,0,0,Communication,"Excel, Work Ethic, Amazon Neptune, Agile, Apache Solr",0.3508,0.0,0.0154,28.0,1
17926546.pdf,2735151240,LT Apparel Group,Intern- Business Analytics,1,7,9,8,0.125,0,0,0,0,Excel,"Power BI, Tableau, Communication, Work Ethic, iOS SDK, Teamwork, Amazon Neptune",0.3379,0.0,0.0076,20.0,0
24647794.pdf,2457183642,Galerie Candy and Gifts,Quality Assurance Manager,1,10,9,11,0.0909,0,0,1,0,Communication,"iOS SDK, Excel, Make, Apache Solr, Mobile Security, Time Management, Quality Assurance, Qt Creator, Decision Making, Amazon Neptune",0.3413,0.0,0.0072,28.0,0
19397727.pdf,2147609789,Revature,Entry Level Oracle Financial Technology Consultant,1,4,5,5,0.2,0,0,0,0,Communication,"Apache Solr, iOS SDK, Work Ethic, Amazon Neptune",0.3616,0.0,0.033,28.0,1
12472574.pdf,266825034,Recruitment Design,Software Support Specialist,4,3,21,7,0.5714,0,3,1,2,"Automated Testing, Communication, JavaScript, Make","iOS SDK, D, PHP",0.3448,0.0,0.0391,36.0,0
17488801.pdf,3610591138,Mountain View Eye Center,Ophthalmic Technician,2,7,4,9,0.2222,0,0,1,0,"Communication, Leadership","CRI-O, iOS SDK, Work Ethic, D, Model Deployment, Coaching, Amazon Neptune",0.3841,0.0,0.0153,0.0,1
25608963.pdf,2372177891,iWealth,Client Service Associate,1,4,9,5,0.2,0,0,1,0,Room,"CRI-O, Integration Testing, Automated Testing, Apache Solr",0.39,0.0,0.0,0.0,1
14554542.pdf,2269442456,navXcom,Computer Scientist,1,2,3,3,0.3333,0,0,0,0,Communication,"Work Ethic, Amazon Neptune",0.4008,0.0,0.0161,20.0,1
15139979.pdf,3260455681,Weyerhaeuser,Operations Specialist,4,12,9,16,0.25,0,0,5,0,"Mentoring, Time Management, Leadership, Make","Conflict Resolution, iOS SDK, Communication, Work Ethic, Excel, Sentence Transformers, Apache Solr, Reverse Engineering, Mobile Security, Vector Embeddings, Decision Making, Amazon Neptune",0.4219,0.0,0.0,8.0,1
19124258.pdf,2457183642,Galerie Candy and Gifts,Quality Assurance Manager,1,10,2,11,0.0909,0,0,0,0,Excel,"iOS SDK, Communication, Make, Apache Solr, Mobile Security, Time Management, Quality Assurance, Qt Creator, Decision Making, Amazon Neptune",0.368,0.2,0.0146,28.0,0
13149176.pdf,3383214611,Crisp,Account Executive - Mid-Market,1,12,7,13,0.0769,0,0,1,0,D,"iOS SDK, Communication, Work Ethic, Excel, Make, Automated Testing, Apache Solr, Salesforce, Reverse Engineering, Integration Testing, Teamwork, Amazon Neptune",0.3353,0.0,0.0145,0.0,0
15941675.pdf,133130219,,Software Engineer,0,0,5,0,0.0,0,0,0,0,,,0.3008,0.0,0.0164,40.0,0
23497307.pdf,56924323,,Structural Engineer,1,4,6,5,0.2,0,0,0,0,Excel,"Automated Testing, iOS SDK, Retrofit, Amazon Neptune",0.3604,0.0,0.0078,20.0,0
26456899.pdf,3431736996,Marquee Event Rentals,Client Service Representative,0,8,10,8,0.0,0,0,0,0,,"iOS SDK, Azure Resource Manager, Attention to Detail, Automated Testing, Apache Solr, Integration Testing, Room, Amazon Neptune",0.3006,0.0,0.0125,8.0,0
15601399.pdf,1143359956,,National Sales Manager,1,7,1,8,0.125,0,0,0,0,Communication,"iOS SDK, Work Ethic, Make, Amazon Neptune, Integration Testing, Room, Apache Solr",0.3382,0.0,0.0148,0.0,0
19612167.pdf,103254301,Raw Cereal,Producer,0,4,4,4,0.0,0,0,0,0,,"Reverse Engineering, iOS SDK, Apache Ignite, Work Ethic",0.3004,0.0,0.0079,0.0,0
13149176.pdf,3578562287,Beat the Streets - Baltimore,Swahili Instructor,0,6,7,6,0.0,0,0,0,0,,"iOS SDK, Communication, Work Ethic, Automated Testing, Apache Ignite, Amazon Neptune",0.3011,0.0,0.0229,0.0,0
15139979.pdf,3619548798,"Dexterity, Inc.",Senior Mechanical Engineer,2,8,9,10,0.2,0,0,2,0,"Leadership, Make","iOS SDK, Work Ethic, Technical Writing, Cultural Awareness, Automated Testing, Apache Solr, Reverse Engineering, Amazon Neptune",0.3904,0.0,0.0071,20.0,1
15139979.pdf,2954591060,Naked Wardrobe,Social Media Coordinator,0,4,9,4,0.0,0,0,1,0,,"iOS SDK, Communication, Fluent Bit, Collaboration",0.3375,0.0,0.0,0.0,0
15858254.pdf,3555161614,Starup Insurance,User Experience Designer,1,5,5,6,0.1667,0,0,0,0,Communication,"iOS SDK, Work Ethic, Design Thinking, User-Centered Design, Collaboration",0.3507,0.0,0.0147,0.0,0
28320387.pdf,658723396,Orlando Credit Union,External Mortgage Loan Officer,2,7,5,9,0.2222,3,0,2,0,"Communication, Leadership","iOS SDK, Work Ethic, Automated Testing, Apache Solr, Integration Testing, Move, Amazon Neptune",0.2507,0.0,0.0146,0.0,1
18753367.pdf,3547664337,Polyram Plastic Industries Ltd,Brand Representative,0,7,6,7,0.0,0,0,0,0,,"iOS SDK, Excel, Apache Solr, Extreme Programming, Negotiation, Collaboration, Amazon Neptune",0.3,0.0,0.0,0.0,0
28762662.pdf,121605673,,Licensed Acupuncturist,1,7,18,8,0.125,0,0,2,0,Communication,"iOS SDK, Work Ethic, Apache Solr, Reverse Engineering, D, Time Management, Amazon Neptune",0.3758,0.0,0.015,0.0,1
13149176.pdf,1573178251,,Social Media Coordinator,0,5,7,5,0.0,0,0,0,0,,"Work Ethic, Automated Testing, Reverse Engineering, Computer Vision, Apache Solr",0.3012,0.0,0.0233,0.0,0
12488356.pdf,103254301,Raw Cereal,Producer,0,4,7,4,0.0,0,0,0,1,,"Reverse Engineering, iOS SDK, Apache Ignite, Work Ethic",0.3004,0.0,0.0079,0.0,0
19124258.pdf,266825034,Recruitment Design,Software Support Specialist,0,7,2,7,0.0,0,0,1,0,,"iOS SDK, Communication, JavaScript, Make, Automated Testing, D, PHP",0.3218,0.0,0.0076,36.0,0
12518008.pdf,3515274431,Conduit Tech,Customer Success Manager,0,12,5,12,0.0,0,0,0,0,,"CRI-O, iOS SDK, Communication, Work Ethic, Excel, Automated Testing, Ownership, Exploratory Testing, Apache Solr, Reverse Engineering, Integration Testing, Amazon Neptune",0.3507,0.25,0.0145,0.0,0
10219099.pdf,3466187886,Landscape Management Group,Owner,1,8,5,9,0.1111,0,0,0,0,Communication,"iOS SDK, Work Ethic, Automated Testing, Key Management, Integration Testing, Collaboration, Creativity, Amazon Neptune",0.3338,0.0,0.0092,0.0,0
17103000.pdf,2457183642,Galerie Candy and Gifts,Quality Assurance Manager,1,10,4,11,0.0909,0,0,1,0,Communication,"iOS SDK, Excel, Make, Apache Solr, Mobile Security, Time Management, Quality Assurance, Qt Creator, Decision Making, Amazon Neptune",0.3816,0.2,0.0146,28.0,0
10624813.pdf,3619548798,"Dexterity, Inc.",Senior Mechanical Engineer,1,9,23,10,0.1,0,0,1,0,Reverse Engineering,"iOS SDK, Work Ethic, Cultural Awareness, Make, Automated Testing, Technical Writing, Apache Solr, Leadership, Amazon Neptune",0.3461,0.0,0.0216,20.0,1
28628090.pdf,2457183642,Galerie Candy and Gifts,Quality Assurance Manager,4,7,14,11,0.3636,0,0,4,0,"Quality Assurance, Communication, Excel, Make","iOS SDK, Apache Solr, Mobile Security, Time Management, Qt Creator, Decision Making, Amazon Neptune",0.5144,0.25,0.0146,28.0,1
26456899.pdf,3196627399,Bellevue Downtown Association,Marketing & Communications – Content Writer Internship,1,12,10,13,0.0769,0,0,0,0,Communication,"iOS SDK, Work Ethic, Attention to Detail, Apache Solr, Problem Solving, HTML, Reverse Engineering, Time Management, Teamwork, Leadership, Collaboration, Amazon Neptune",0.3254,0.0,0.0465,0.0,0
16911115.pdf,266825034,Recruitment Design,Software Support Specialist,2,5,7,7,0.2857,0,0,2,0,"Communication, Make","iOS SDK, JavaScript, Automated Testing, D, PHP",0.4293,0.0,0.0153,36.0,1
28628090.pdf,368586246,STL Fertility,Embryologist,1,4,14,5,0.2,0,0,1,0,Excel,"Automated Testing, CompTIA A+, Integration Testing, Apache Solr",0.39,0.0,0.0,0.0,1
21298336.pdf,1168783207,,Reps manager,0,6,3,6,0.0,0,0,0,0,,"iOS SDK, Work Ethic, GitHub Actions, Reverse Engineering, Spring Framework, Computer Vision",0.3009,0.0,0.0179,8.0,0
13264796.pdf,445337908,Food Bank of Alaska,Chief Operating Officer,0,7,11,7,0.0,0,0,1,0,,"iOS SDK, Make, Automated Testing, D, Apache Druid, Leadership, Amazon Neptune",0.3214,0.0,0.0,0.0,0
12488356.pdf,3260455681,Weyerhaeuser,Operations Specialist,2,14,7,16,0.125,0,0,3,1,"Mentoring, Leadership","Conflict Resolution, iOS SDK, Communication, Work Ethic, Excel, Make, Sentence Transformers, Apache Solr, Reverse Engineering, Mobile Security, Vector Embeddings, Time Management, Decision Making, Amazon Neptune",0.3663,0.0,0.0135,8.0,1
13264796.pdf,3169712432,SysMind,Salesforce Vlocity Developer,1,10,11,11,0.0909,0,0,1,0,Communication,"Postman, SOAP, Bitbucket, Salesforce, GitHub, Visual Studio, Jenkins, Spring Framework, Apex, Java",0.3413,0.0,0.0074,36.0,0
25425322.pdf,3260455681,Weyerhaeuser,Operations Specialist,1,15,2,16,0.0625,0,0,0,0,Leadership,"iOS SDK, Communication, Reverse Engineering, Mobile Security, Mentoring, Time Management, Decision Making, Apache Solr, Conflict Resolution, Excel, Work Ethic, Make, Sentence Transformers, Vector Embeddings, Amazon Neptune",0.3198,0.0,0.0204,8.0,0
25930778.pdf,2372177891,iWealth,Client Service Associate,0,5,1,5,0.0,0,0,1,0,,"CRI-O, Automated Testing, Integration Testing, Room, Apache Solr",0.33,0.0,0.0,0.0,0
10219099.pdf,3555161614,Starup Insurance,User Experience Designer,1,5,5,6,0.1667,0,0,0,0,Communication,"iOS SDK, Work Ethic, Design Thinking, User-Centered Design, Collaboration",0.3505,0.0,0.0095,0.0,0
11890896.pdf,3537193915,DIGS Vacation Rentals.com,Field Operations Specialist,1,6,6,7,0.1429,0,0,1,0,Problem Solving,"iOS SDK, Communication, Work Ethic, Cultural Awareness, Apache Solr, Amazon Neptune",0.3647,0.0,0.0074,0.0,1
28628090.pdf,2934066464,Dynamic SRG,Fundraising Associate,1,5,14,6,0.1667,0,0,1,0,Communication,"iOS SDK, Work Ethic, Automated Testing, Prioritization, Apache Solr",0.3754,0.0,0.0077,0.0,1
21847415.pdf,3251984218,SLS Solutions,SAP BTP,0,2,6,2,0.0,0,0,0,0,,"iOS SDK, SQL",0.3,0.0,0.0,8.0,0
24647794.pdf,2269442456,navXcom,Computer Scientist,1,2,9,3,0.3333,0,0,1,0,Communication,"Work Ethic, Amazon Neptune",0.4504,0.0,0.008,20.0,1
19612167.pdf,3219089287,,Recruitment Manager,1,2,4,3,0.3333,0,0,0,0,Leadership,"Automated Testing, Apache Solr",0.4004,0.0,0.0079,0.0,0
13149176.pdf,3466187886,Landscape Management Group,Owner,0,9,7,9,0.0,0,0,0,0,,"iOS SDK, Communication, Work Ethic, Automated Testing, Key Management, Integration Testing, Collaboration, Creativity, Amazon Neptune",0.3011,0.0,0.0229,0.0,0
15941675.pdf,3211657373,AB Underground,Heavy Equipment Operator,0,7,5,7,0.0,0,0,0,0,,"iOS SDK, Work Ethic, Make, Apache Solr, Move, Room, Amazon Neptune",0.3004,0.0,0.0076,0.0,0
28923650.pdf,3515274431,Conduit Tech,Customer Success Manager,0,12,6,12,0.0,0,0,0,0,,"CRI-O, iOS SDK, Communication, Work Ethic, Excel, Automated Testing, Ownership, Exploratory Testing, Apache Solr, Reverse Engineering, Integration Testing, Amazon Neptune",0.3004,0.0,0.0072,0.0,0
21847415.pdf,3480552482,Women choice,Summer Intern for Women International Company,2,5,6,7,0.2857,0,0,2,0,"Communication, Make","iOS SDK, Amazon Neptune, Leadership, C, Apache Solr",0.4289,0.0,0.0075,0.0,1
12488356.pdf,2954591060,Naked Wardrobe,Social Media Coordinator,0,4,7,4,0.0,0,0,0,1,,"iOS SDK, Communication, Fluent Bit, Collaboration",0.3004,0.0,0.0077,0.0,0
17926546.pdf,3322949022,Kenai Capital Advisors,"Director, Investment Sales",1,8,9,9,0.1111,0,1,0,0,Excel,"iOS SDK, Communication, Work Ethic, Azure Resource Manager, Automated Testing, Apache Solr, Negotiation, Amazon Neptune",0.2969,0.0,0.0217,8.0,1
12518008.pdf,3610591138,Mountain View Eye Center,Ophthalmic Technician,1,8,5,9,0.1111,0,0,2,0,Leadership,"CRI-O, iOS SDK, Communication, Work Ethic, D, Model Deployment, Coaching, Amazon Neptune",0.367,0.0,0.0076,0.0,1
14049846.pdf,2457183642,Galerie Candy and Gifts,Quality Assurance Manager,2,9,4,11,0.1818,0,0,2,0,"Quality Assurance, Make","iOS SDK, Communication, Excel, Apache Solr, Mobile Security, Time Management, Qt Creator, Decision Making, Amazon Neptune",0.3822,0.0,0.0072,28.0,1
21847415.pdf,175485704,GOYT,Software Engineer,1,10,6,11,0.0909,0,0,0,0,Communication,"iOS SDK, MySQL, Work Ethic, JavaScript, Apache Solr, HTML, PHP, CSS, Collaboration, Amazon Neptune",0.3276,0.0,0.0074,64.0,0
21847415.pdf,3478651125,Axalume,Photonics Layout Intern,2,6,6,8,0.25,0,0,1,0,"Communication, Make","iOS SDK, Work Ethic, Python, Informatica PowerCenter, C#, Apache Solr",0.3941,0.0,0.0076,8.0,1
27152464.pdf,3520238337,Grant Writing Solutions,Grants Writer - Subcontract,2,3,37,5,0.4,0,0,2,2,"Communication, Mentoring","Apache Solr, iOS SDK, Attention to Detail",0.4804,0.0,0.0077,0.0,1
21298336.pdf,2269442456,navXcom,Computer Scientist,0,3,3,3,0.0,0,0,0,0,,"Communication, Work Ethic, Amazon Neptune",0.3,0.0,0.0,20.0,0
25797445.pdf,2147609712,The Job Network,Med-RN ER,0,8,2,8,0.0,0,0,0,0,,"iOS SDK, Work Ethic, Cultural Awareness, Automated Testing, Critical Thinking, React Native, Azure Monitor, Amazon Neptune",0.3007,0.0,0.0149,16.0,0
16911115.pdf,3379554375,Nebraska Public Media,Finishing Editor,2,6,7,8,0.25,0,0,1,0,"Problem Solving, Make","CRI-O, iOS SDK, Privileged Access Management, Automated Testing, Composer, Apache Solr",0.3949,0.0,0.0222,0.0,1
25608963.pdf,266566927,Revesco Properties,Marketing & Office Coordinator,1,9,9,10,0.1,0,0,1,0,Excel,"CRI-O, HubSpot, iOS SDK, Ownership, Automated Testing, Apache Solr, Apache Druid, Adaptability, Amazon Neptune",0.3454,0.0,0.0072,0.0,1
28762662.pdf,3308438674,Consulate General of Israel to New England,Director of Communications and Digital Diplomacy,1,7,18,8,0.125,0,0,1,0,Communication,"iOS SDK, Multi-Factor Authentication, Time Management, Pull Requests, Computer Vision, Creativity, Apache Solr",0.3566,0.0,0.0072,0.0,1
22890839.pdf,3177010992,ABC Farigua Division,Customer Service Representative,0,6,14,6,0.0,0,0,0,1,,"iOS SDK, Work Ethic, Responsive Design, Reverse Engineering, Mobile Security, Amazon Neptune",0.3008,0.0,0.0152,8.0,0
21298336.pdf,175485704,GOYT,Software Engineer,0,11,3,11,0.0,0,0,0,0,,"iOS SDK, Communication, Work Ethic, MySQL, JavaScript, Apache Solr, HTML, PHP, CSS, Collaboration, Amazon Neptune",0.3,0.0,0.0,64.0,0
28505854.pdf,3383214611,Crisp,Account Executive - Mid-Market,0,13,21,13,0.0,0,0,1,1,,"iOS SDK, Communication, Work Ethic, Excel, Make, Automated Testing, Apache Solr, Salesforce, Reverse Engineering, Integration Testing, D, Teamwork, Amazon Neptune",0.3119,0.0,0.0072,0.0,0
23497307.pdf,2735151240,LT Apparel Group,Intern- Business Analytics,2,6,6,8,0.25,0,0,0,0,"Communication, Excel","Power BI, Tableau, iOS SDK, Work Ethic, Teamwork, Amazon Neptune",0.3758,0.0,0.0153,20.0,1
24647794.pdf,3018278978,Aston Carter,Seasonal Office Administrator,0,5,9,5,0.0,0,0,0,0,,"iOS SDK, Work Ethic, Automated Testing, Amazon Neptune, Apache Solr",0.3,0.0,0.0,0.0,0
19612167.pdf,2457183642,Galerie Candy and Gifts,Quality Assurance Manager,2,9,4,11,0.1818,0,0,3,0,"Communication, Excel","iOS SDK, Make, Apache Solr, Mobile Security, Time Management, Quality Assurance, Qt Creator, Decision Making, Amazon Neptune",0.3969,0.0,0.0296,28.0,1
19612167.pdf,3431736996,Marquee Event Rentals,Client Service Representative,0,8,4,8,0.0,0,0,0,0,,"iOS SDK, Azure Resource Manager, Attention to Detail, Automated Testing, Apache Solr, Integration Testing, Room, Amazon Neptune",0.3,0.0,0.0,8.0,0
12488356.pdf,2147609789,Revature,Entry Level Oracle Financial Technology Consultant,0,5,7,5,0.0,0,0,0,1,,"iOS SDK, Communication, Work Ethic, Amazon Neptune, Apache Solr",0.3007,0.0,0.0149,28.0,0
20882041.pdf,2269442456,navXcom,Computer Scientist,1,2,5,3,0.3333,0,0,1,0,Communication,"Work Ethic, Amazon Neptune",0.4508,0.0,0.0161,20.0,1
17108676.pdf,3196627399,Bellevue Downtown Association,Marketing & Communications – Content Writer Internship,3,10,5,13,0.2308,0,0,2,0,"Communication, Leadership, Time Management","iOS SDK, Work Ethic, Attention to Detail, Apache Solr, Problem Solving, HTML, Reverse Engineering, Teamwork, Collaboration, Amazon Neptune",0.3944,0.0,0.0426,0.0,1
28630325.pdf,3260455681,Weyerhaeuser,Operations Specialist,1,15,12,16,0.0625,0,0,1,0,Mentoring,"Conflict Resolution, iOS SDK, Communication, Work Ethic, Excel, Make, Sentence Transformers, Apache Solr, Reverse Engineering, Mobile Security, Vector Embeddings, Time Management, Leadership, Decision Making, Amazon Neptune",0.3288,0.0,0.0135,8.0,0
17108676.pdf,3478651125,Axalume,Photonics Layout Intern,1,7,5,8,0.125,0,0,1,0,Communication,"iOS SDK, Work Ethic, Make, Python, Informatica PowerCenter, C#, Apache Solr",0.397,0.2,0.0153,8.0,1
11981094.pdf,121605673,,Licensed Acupuncturist,1,7,14,8,0.125,0,0,2,0,Communication,"iOS SDK, Work Ethic, Apache Solr, Reverse Engineering, D, Time Management, Amazon Neptune",0.3758,0.0,0.015,0.0,1
27040860.pdf,2457183642,Galerie Candy and Gifts,Quality Assurance Manager,3,8,4,11,0.2727,0,0,0,0,"Communication, Excel, Time Management","iOS SDK, Make, Apache Solr, Mobile Security, Quality Assurance, Qt Creator, Decision Making, Amazon Neptune",0.384,0.0,0.043,28.0,1
17108676.pdf,3322949022,Kenai Capital Advisors,"Director, Investment Sales",2,7,5,9,0.2222,0,1,2,0,"Communication, Excel","iOS SDK, Work Ethic, Azure Resource Manager, Automated Testing, Apache Solr, Negotiation, Amazon Neptune",0.364,0.0,0.0292,8.0,1
25930778.pdf,3610591138,Mountain View Eye Center,Ophthalmic Technician,0,9,1,9,0.0,0,0,1,0,,"CRI-O, iOS SDK, Communication, Work Ethic, D, Model Deployment, Leadership, Coaching, Amazon Neptune",0.3838,0.3333,0.0088,0.0,0
27152464.pdf,3478651125,Axalume,Photonics Layout Intern,3,5,37,8,0.375,0,0,3,2,"Communication, Python, Make","iOS SDK, Work Ethic, Informatica PowerCenter, C#, Apache Solr",0.4691,0.0,0.0076,8.0,1
15858254.pdf,3045980831,Armstrong Builders LLC,Project Engineer,1,3,5,4,0.25,0,0,0,0,Communication,"Automated Testing, Mobile Security, Attention to Detail",0.3765,0.0,0.0299,28.0,1
26834746.pdf,3177010992,ABC Farigua Division,Customer Service Representative,0,6,4,6,0.0,0,0,0,0,,"iOS SDK, Work Ethic, Responsive Design, Reverse Engineering, Mobile Security, Amazon Neptune",0.3008,0.0,0.0152,8.0,0
28631840.pdf,3520238337,Grant Writing Solutions,Grants Writer - Subcontract,1,4,2,5,0.2,0,0,0,0,Mentoring,"Apache Solr, iOS SDK, Communication, Attention to Detail",0.3607,0.0,0.0137,0.0,0
23497307.pdf,3619548798,"Dexterity, Inc.",Senior Mechanical Engineer,1,9,6,10,0.1,0,1,0,0,Leadership,"iOS SDK, Work Ethic, Cultural Awareness, Make, Automated Testing, Technical Writing, Apache Solr, Reverse Engineering, Amazon Neptune",0.2939,0.0,0.029,20.0,1
28505854.pdf,974774701,Kate Meadows Writing and Editing,Blog writer and virtual assistant,0,5,21,5,0.0,0,0,0,1,,"iOS SDK, Communication, Time Management, Black, Coaching",0.3,0.0,0.0,0.0,0
11890896.pdf,2954591060,Naked Wardrobe,Social Media Coordinator,0,4,6,4,0.0,0,0,0,0,,"iOS SDK, Communication, Fluent Bit, Collaboration",0.3004,0.0,0.0077,0.0,0
13149176.pdf,3431736996,Marquee Event Rentals,Client Service Representative,0,8,7,8,0.0,0,0,1,0,,"iOS SDK, Azure Resource Manager, Attention to Detail, Automated Testing, Apache Solr, Integration Testing, Room, Amazon Neptune",0.3195,0.0,0.0147,8.0,0
13264796.pdf,1826257634,The Medicare Coach,Social Security Specialist / Retirement Benefit Advisor (Remote),1,12,11,13,0.0769,0,0,2,0,Communication,"iOS SDK, Excel, Work Ethic, Make, Automated Testing, Apache Solr, Reverse Engineering, Manual Testing, Integration Testing, Teamwork, Go, Amazon Neptune",0.3465,0.0,0.0069,28.0,0
12488356.pdf,368586246,STL Fertility,Embryologist,0,5,7,5,0.0,0,0,1,1,,"CompTIA A+, Excel, Automated Testing, Integration Testing, Apache Solr",0.3304,0.0,0.0078,0.0,0
10985403.pdf,266825034,Recruitment Design,Software Support Specialist,0,7,2,7,0.0,0,0,1,0,,"iOS SDK, Communication, JavaScript, Make, Automated Testing, D, PHP",0.3218,0.0,0.0076,36.0,0
12518008.pdf,3540371917,KeyBank,Enterprise Data & Analytics Infrastructure Manager,0,0,5,0,0.0,0,0,0,0,,,0.3337,0.1667,0.0081,60.0,0
12748557.pdf,3308438674,Consulate General of Israel to New England,Director of Communications and Digital Diplomacy,0,8,5,8,0.0,0,0,0,0,,"iOS SDK, Communication, Multi-Factor Authentication, Time Management, Pull Requests, Computer Vision, Creativity, Apache Solr",0.3007,0.0,0.0145,0.0,0
25425322.pdf,3075721793,ASA Architects,Architect/Project Manager,0,6,2,6,0.0,0,0,0,0,,"iOS SDK, Communication, Automated Testing, Apache Solr, Azure Synapse Analytics, Amazon Neptune",0.3511,0.25,0.0222,28.0,0
16911115.pdf,3619548798,"Dexterity, Inc.",Senior Mechanical Engineer,1,9,7,10,0.1,0,0,0,0,Make,"iOS SDK, Work Ethic, Technical Writing, Cultural Awareness, Automated Testing, Apache Solr, Reverse Engineering, Leadership, Amazon Neptune",0.3311,0.0,0.0216,20.0,1
25797445.pdf,3219089287,,Recruitment Manager,0,3,2,3,0.0,0,0,0,0,,"Automated Testing, Leadership, Apache Solr",0.3004,0.0,0.0079,0.0,0
17043822.pdf,2796728000,"Thorpe Design, Inc.",Fire Sprinkler Designer,1,6,11,7,0.1429,0,0,1,0,Communication,"iOS SDK, Work Ethic, Cultural Awareness, Attention to Detail, Apache Solr, Amazon Neptune",0.3647,0.0,0.0075,0.0,1
15941675.pdf,3245063922,Saxon AI,Data Architect,0,5,5,5,0.0,0,0,0,0,,"Cultural Awareness, Amazon Web Services, Apache Spark, Python, SQL",0.3004,0.0,0.0077,64.0,0
19612167.pdf,2796728000,"Thorpe Design, Inc.",Fire Sprinkler Designer,1,6,4,7,0.1429,0,0,1,0,Communication,"iOS SDK, Work Ethic, Cultural Awareness, Attention to Detail, Apache Solr, Amazon Neptune",0.3647,0.0,0.0075,0.0,1
28630325.pdf,3586242087,,Director of Sales,0,8,12,8,0.0,0,0,1,0,,"iOS SDK, Communication, Strategic Thinking, Automated Testing, Negotiation, D, Leadership, Apache Solr",0.3187,0.0,0.0,0.0,0
12022566.pdf,3480552482,Women choice,Summer Intern for Women International Company,1,6,3,7,0.1429,0,0,1,0,C,"iOS SDK, Communication, Make, Apache Solr, Leadership, Amazon Neptune",0.4047,0.2,0.0089,0.0,1
21847415.pdf,2147609835,The Job Network,Trade Review Principal,1,8,6,9,0.1111,0,0,1,0,Make,"iOS SDK, Work Ethic, Ownership, Automated Testing, Apache Solr, Reverse Engineering, Vector Embeddings, Amazon Neptune",0.3504,0.0,0.0073,0.0,1
12472574.pdf,3547664337,Polyram Plastic Industries Ltd,Brand Representative,0,7,21,7,0.0,0,0,0,2,,"iOS SDK, Excel, Apache Solr, Extreme Programming, Negotiation, Collaboration, Amazon Neptune",0.3,0.0,0.0,0.0,0
27040860.pdf,266825034,Recruitment Design,Software Support Specialist,1,6,4,7,0.1429,0,0,0,0,Communication,"iOS SDK, JavaScript, Make, Automated Testing, D, PHP",0.3446,0.0,0.0341,36.0,1
28320387.pdf,3322949022,Kenai Capital Advisors,"Director, Investment Sales",1,8,5,9,0.1111,0,1,1,0,Communication,"iOS SDK, Excel, Work Ethic, Azure Resource Manager, Automated Testing, Apache Solr, Negotiation, Amazon Neptune",0.3132,0.0,0.0144,8.0,1
25797445.pdf,1143359956,,National Sales Manager,1,7,2,8,0.125,0,0,0,0,Communication,"iOS SDK, Work Ethic, Make, Apache Solr, Integration Testing, Room, Amazon Neptune",0.3382,0.0,0.0148,0.0,0
28831378.pdf,3322949022,Kenai Capital Advisors,"Director, Investment Sales",1,8,2,9,0.1111,0,1,0,0,Work Ethic,"iOS SDK, Communication, Excel, Azure Resource Manager, Automated Testing, Apache Solr, Negotiation, Amazon Neptune",0.2973,0.0,0.0292,8.0,1
24647794.pdf,175485704,GOYT,Software Engineer,1,10,9,11,0.0909,0,0,1,0,Communication,"iOS SDK, MySQL, Work Ethic, JavaScript, Apache Solr, HTML, PHP, CSS, Collaboration, Amazon Neptune",0.3413,0.0,0.0074,64.0,0
27152464.pdf,1573178251,,Social Media Coordinator,0,5,37,5,0.0,0,0,0,2,,"Work Ethic, Automated Testing, Reverse Engineering, Computer Vision, Apache Solr",0.3008,0.0,0.0154,0.0,0
12472574.pdf,2737009242,,Service Manager,4,10,21,14,0.2857,3,0,1,2,"Automated Testing, Communication, Integration Testing, Leadership","Conflict Resolution, iOS SDK, Expo, Work Ethic, Chef, Ownership, Apache Solr, Accountability, Decision Making, Amazon Neptune",0.2479,0.0,0.0288,0.0,1
14206561.pdf,3551631423,Miracles for Kids,Community Program Assistant,1,8,1,9,0.1111,0,0,0,1,Excel,"iOS SDK, Communication, Work Ethic, Cultural Awareness, Automated Testing, Teamwork, Move, Apache Solr",0.3338,0.0,0.0089,0.0,1
24647794.pdf,3537193915,DIGS Vacation Rentals.com,Field Operations Specialist,1,6,9,7,0.1429,0,0,1,0,Communication,"iOS SDK, Work Ethic, Cultural Awareness, Apache Solr, Problem Solving, Amazon Neptune",0.365,0.0,0.0148,0.0,1
27152464.pdf,2269442456,navXcom,Computer Scientist,1,2,37,3,0.3333,0,0,1,2,Communication,"Work Ethic, Amazon Neptune",0.4508,0.0,0.0161,20.0,1
17103000.pdf,3040487795,Lead Lab,Digital Marketing Intern,1,10,4,11,0.0909,0,0,1,0,Communication,"iOS SDK, Work Ethic, Slack, Automated Testing, Ownership, Spring Cloud, Apache Solr, Reverse Engineering, Apache Druid, Amazon Neptune",0.3416,0.0,0.0145,16.0,0
28505854.pdf,3260455681,Weyerhaeuser,Operations Specialist,2,14,21,16,0.125,0,0,0,1,"Mentoring, Leadership","Conflict Resolution, iOS SDK, Communication, Work Ethic, Excel, Make, Sentence Transformers, Apache Solr, Reverse Engineering, Mobile Security, Vector Embeddings, Time Management, Decision Making, Amazon Neptune",0.3378,0.0,0.0067,8.0,1
10219099.pdf,2796728000,"Thorpe Design, Inc.",Fire Sprinkler Designer,1,6,5,7,0.1429,0,0,0,0,Communication,"iOS SDK, Work Ethic, Cultural Awareness, Attention to Detail, Apache Solr, Amazon Neptune",0.3433,0.0,0.0091,0.0,0
26456899.pdf,2147609835,The Job Network,Trade Review Principal,0,9,10,9,0.0,0,0,0,0,,"iOS SDK, Work Ethic, Make, Ownership, Automated Testing, Apache Solr, Reverse Engineering, Vector Embeddings, Amazon Neptune",0.3013,0.0,0.0253,0.0,0
20882041.pdf,3551631423,Miracles for Kids,Community Program Assistant,2,7,5,9,0.2222,0,0,2,0,"Communication, Excel","iOS SDK, Work Ethic, Cultural Awareness, Automated Testing, Teamwork, Move, Apache Solr",0.4007,0.0,0.0149,0.0,1
25930778.pdf,2157930553,Brady Insurance Group LLC,Customer Service Representative,1,9,1,10,0.1,0,0,0,0,Problem Solving,"iOS SDK, Communication, Work Ethic, Make, Automated Testing, Amazon Neptune, Integration Testing, Azure Monitor, Apache Solr",0.3308,0.0,0.0169,8.0,1
18753367.pdf,658723396,Orlando Credit Union,External Mortgage Loan Officer,2,7,6,9,0.2222,3,0,1,0,"Communication, Leadership","iOS SDK, Work Ethic, Automated Testing, Apache Solr, Integration Testing, Move, Amazon Neptune",0.2341,0.0,0.0146,0.0,1
21038022.pdf,3547664337,Polyram Plastic Industries Ltd,Brand Representative,0,7,12,7,0.0,0,0,0,0,,"iOS SDK, Excel, Apache Solr, Extreme Programming, Negotiation, Collaboration, Amazon Neptune",0.3,0.0,0.0,0.0,0
12748557.pdf,445337908,Food Bank of Alaska,Chief Operating Officer,1,6,5,7,0.1429,0,0,2,0,Leadership,"iOS SDK, Make, Automated Testing, D, Apache Druid, Amazon Neptune",0.3857,0.0,0.0,0.0,1
28628090.pdf,2737009242,,Service Manager,2,12,14,14,0.1429,0,0,2,0,"Communication, Leadership","Conflict Resolution, iOS SDK, Expo, Work Ethic, Chef, Automated Testing, Ownership, Apache Solr, Integration Testing, Accountability, Decision Making, Amazon Neptune",0.4313,0.3333,0.007,0.0,1
27040860.pdf,2147609712,The Job Network,Med-RN ER,0,8,4,8,0.0,0,0,0,0,,"iOS SDK, Work Ethic, Cultural Awareness, Automated Testing, Critical Thinking, React Native, Azure Monitor, Amazon Neptune",0.3,0.0,0.0,16.0,0
28505854.pdf,2147609835,The Job Network,Trade Review Principal,0,9,21,9,0.0,0,0,0,1,,"iOS SDK, Work Ethic, Make, Ownership, Automated Testing, Apache Solr, Reverse Engineering, Vector Embeddings, Amazon Neptune",0.3004,0.0,0.0073,0.0,0
24647794.pdf,3592392532,Lorenz Motors,Drone-Car Engineer,1,5,9,6,0.1667,0,0,1,0,Communication,"iOS SDK, Work Ethic, Automated Testing, Collaboration, Apache Solr",0.3758,0.0,0.0153,20.0,1
24322804.pdf,3540371917,KeyBank,Enterprise Data & Analytics Infrastructure Manager,0,0,7,0,0.0,0,0,0,0,,,0.3,0.0,0.0,60.0,0
21038022.pdf,3196627399,Bellevue Downtown Association,Marketing & Communications – Content Writer Internship,3,10,12,13,0.2308,0,0,3,0,"Communication, Leadership, HTML","iOS SDK, Work Ethic, Attention to Detail, Apache Solr, Problem Solving, Reverse Engineering, Time Management, Teamwork, Collaboration, Amazon Neptune",0.4049,0.0,0.0208,0.0,1
21298336.pdf,121605673,,Licensed Acupuncturist,0,8,3,8,0.0,0,0,0,0,,"iOS SDK, Communication, Work Ethic, Apache Solr, Reverse Engineering, D, Time Management, Amazon Neptune",0.3018,0.0,0.0351,0.0,0
15858254.pdf,2735151240,LT Apparel Group,Intern- Business Analytics,1,7,5,8,0.125,0,0,0,0,Communication,"Power BI, Tableau, Excel, Work Ethic, iOS SDK, Teamwork, Amazon Neptune",0.3382,0.0,0.0141,20.0,0
24322804.pdf,3219089287,,Recruitment Manager,1,2,7,3,0.3333,0,0,0,0,Leadership,"Automated Testing, Apache Solr",0.4008,0.0,0.016,0.0,1
12748557.pdf,3260455681,Weyerhaeuser,Operations Specialist,1,15,5,16,0.0625,0,0,1,0,Leadership,"Conflict Resolution, iOS SDK, Communication, Work Ethic, Excel, Make, Sentence Transformers, Apache Solr, Reverse Engineering, Mobile Security, Mentoring, Vector Embeddings, Time Management, Decision Making, Amazon Neptune",0.3288,0.0,0.0135,8.0,0
22890839.pdf,2147609712,The Job Network,Med-RN ER,1,7,14,8,0.125,0,0,0,1,Critical Thinking,"iOS SDK, Work Ethic, Cultural Awareness, Automated Testing, React Native, Azure Monitor, Amazon Neptune",0.3379,0.0,0.0074,16.0,1
16911115.pdf,974774701,Kate Meadows Writing and Editing,Blog writer and virtual assistant,1,4,7,5,0.2,0,0,1,0,Communication,"iOS SDK, Black, Coaching, Time Management",0.3908,0.0,0.0155,0.0,1
17108676.pdf,3480552482,Women choice,Summer Intern for Women International Company,2,5,5,7,0.2857,0,0,2,0,"Communication, Leadership","iOS SDK, Make, Amazon Neptune, C, Apache Solr",0.463,0.1667,0.0229,0.0,1
17103000.pdf,3478651125,Axalume,Photonics Layout Intern,1,7,4,8,0.125,0,0,1,0,Communication,"iOS SDK, Work Ethic, Make, Python, Informatica PowerCenter, C#, Apache Solr",0.3566,0.0,0.0076,8.0,1
26834746.pdf,3610591138,Mountain View Eye Center,Ophthalmic Technician,2,7,4,9,0.2222,0,0,3,0,"Communication, Leadership","CRI-O, iOS SDK, Work Ethic, D, Model Deployment, Coaching, Amazon Neptune",0.417,0.0,0.0076,0.0,1
28078163.pdf,133130219,,Software Engineer,0,0,14,0,0.0,0,0,0,0,,,0.3504,0.25,0.0081,40.0,0
20882041.pdf,3540371917,KeyBank,Enterprise Data & Analytics Infrastructure Manager,0,0,5,0,0.0,0,0,0,0,,,0.3333,0.1667,0.0,60.0,0
16803215.pdf,103254301,Raw Cereal,Producer,0,4,9,4,0.0,0,0,0,0,,"Reverse Engineering, iOS SDK, Apache Ignite, Work Ethic",0.3007,0.0,0.0145,0.0,0
25608963.pdf,1143359956,,National Sales Manager,2,6,9,8,0.25,0,0,1,0,"Communication, Room","iOS SDK, Work Ethic, Make, Apache Solr, Integration Testing, Amazon Neptune",0.3941,0.0,0.0074,0.0,1
23438227.pdf,2147609929,The Job Network,Production Planner,2,9,4,11,0.1818,2,1,2,0,"Excel, C","iOS SDK, Work Ethic, Make, Automated Testing, Apache Solr, IBM Db2, Mobile Security, Leadership, Amazon Neptune",0.1954,0.0,0.0214,8.0,1
23497307.pdf,974774701,Kate Meadows Writing and Editing,Blog writer and virtual assistant,1,4,6,5,0.2,0,0,0,0,Communication,"iOS SDK, Black, Coaching, Time Management",0.3604,0.0,0.0077,0.0,0
27152464.pdf,3245063922,Saxon AI,Data Architect,2,3,37,5,0.4,0,0,1,2,"Python, SQL","Apache Spark, Amazon Web Services, Cultural Awareness",0.4504,0.0,0.0077,64.0,1
27756469.pdf,3547664337,Polyram Plastic Industries Ltd,Brand Representative,1,6,10,7,0.1429,0,0,0,0,Excel,"iOS SDK, Apache Solr, Extreme Programming, Negotiation, Collaboration, Amazon Neptune",0.3432,0.0,0.0076,0.0,0
21298336.pdf,3520238337,Grant Writing Solutions,Grants Writer - Subcontract,0,5,3,5,0.0,0,0,0,0,,"iOS SDK, Communication, Attention to Detail, Mentoring, Apache Solr",0.3,0.0,0.0,0.0,0
17103000.pdf,3520238337,Grant Writing Solutions,Grants Writer - Subcontract,1,4,4,5,0.2,0,0,1,0,Communication,"Apache Solr, iOS SDK, Mentoring, Attention to Detail",0.3904,0.0,0.0077,0.0,1
16803215.pdf,56924323,,Structural Engineer,0,5,9,5,0.0,0,0,0,0,,"iOS SDK, Excel, Automated Testing, Retrofit, Amazon Neptune",0.3,0.0,0.0,20.0,0
19396040.pdf,3260455681,Weyerhaeuser,Operations Specialist,2,14,8,16,0.125,0,0,1,0,"Excel, Make","Conflict Resolution, iOS SDK, Communication, Work Ethic, Sentence Transformers, Apache Solr, Reverse Engineering, Mobile Security, Mentoring, Vector Embeddings, Time Management, Leadership, Decision Making, Amazon Neptune",0.3479,0.0,0.0204,8.0,1
28831378.pdf,3466187886,Landscape Management Group,Owner,1,8,2,9,0.1111,0,0,0,0,Work Ethic,"iOS SDK, Communication, Automated Testing, Key Management, Integration Testing, Collaboration, Creativity, Amazon Neptune",0.3337,0.0,0.0075,0.0,0
21298336.pdf,2457183642,Galerie Candy and Gifts,Quality Assurance Manager,2,9,3,11,0.1818,0,0,0,0,"Quality Assurance, Excel","iOS SDK, Communication, Make, Apache Solr, Mobile Security, Time Management, Qt Creator, Decision Making, Amazon Neptune",0.3579,0.0,0.0678,28.0,1
15858254.pdf,2147609835,The Job Network,Trade Review Principal,0,9,5,9,0.0,0,0,0,0,,"iOS SDK, Work Ethic, Make, Ownership, Automated Testing, Apache Solr, Reverse Engineering, Vector Embeddings, Amazon Neptune",0.3007,0.0,0.0132,0.0,0
28630325.pdf,3520238337,Grant Writing Solutions,Grants Writer - Subcontract,1,4,12,5,0.2,0,0,1,0,Mentoring,"Apache Solr, iOS SDK, Communication, Attention to Detail",0.3904,0.0,0.0077,0.0,1
14049846.pdf,56924323,,Structural Engineer,0,5,4,5,0.0,0,0,0,0,,"iOS SDK, Excel, Automated Testing, Retrofit, Amazon Neptune",0.3004,0.0,0.0078,20.0,0
17926546.pdf,3219089287,,Recruitment Manager,1,2,9,3,0.3333,0,0,0,0,Leadership,"Automated Testing, Apache Solr",0.4008,0.0,0.016,0.0,1
15601399.pdf,2934066464,Dynamic SRG,Fundraising Associate,1,5,1,6,0.1667,0,0,0,0,Communication,"iOS SDK, Work Ethic, Automated Testing, Prioritization, Apache Solr",0.3504,0.0,0.0077,0.0,0
19396040.pdf,3592392532,Lorenz Motors,Drone-Car Engineer,0,6,8,6,0.0,0,0,0,0,,"iOS SDK, Communication, Work Ethic, Automated Testing, Collaboration, Apache Solr",0.3008,0.0,0.0153,20.0,0
23438227.pdf,121605673,,Licensed Acupuncturist,0,8,4,8,0.0,0,0,1,0,,"iOS SDK, Communication, Work Ethic, Apache Solr, Reverse Engineering, D, Time Management, Amazon Neptune",0.3195,0.0,0.015,0.0,0
15858254.pdf,3018278978,Aston Carter,Seasonal Office Administrator,0,5,5,5,0.0,0,0,0,0,,"iOS SDK, Work Ethic, Automated Testing, Amazon Neptune, Apache Solr",0.3,0.0,0.0,0.0,0
10624813.pdf,56924323,,Structural Engineer,0,5,23,5,0.0,0,0,0,0,,"iOS SDK, Excel, Automated Testing, Retrofit, Amazon Neptune",0.3008,0.0,0.0156,20.0,0
27756469.pdf,2790549389,Rogue Ales & Spirits,National Sales Manager,1,12,10,13,0.0769,0,0,1,0,Leadership,"iOS SDK, Communication, Work Ethic, Make, Automated Testing, Apache Solr, Reverse Engineering, Collaboration, Integration Testing, Move, Go, Amazon Neptune",0.3357,0.0,0.0217,0.0,0
10624813.pdf,2954591060,Naked Wardrobe,Social Media Coordinator,0,4,23,4,0.0,0,0,0,0,,"iOS SDK, Communication, Fluent Bit, Collaboration",0.3,0.0,0.0,0.0,0
21298336.pdf,3184403524,San José Clinic,Events & Communications Assistant,2,12,3,14,0.1429,0,0,0,0,"Quality Assurance, Excel","iOS SDK, Communication, Creativity, Automated Testing, Apache Solr, D, Schema Registry, Time Management, C, Pull Requests, Go, Amazon Neptune",0.346,0.0,0.0635,0.0,1
15139979.pdf,3219089287,,Recruitment Manager,1,2,9,3,0.3333,0,0,1,0,Leadership,"Automated Testing, Apache Solr",0.4504,0.0,0.0079,0.0,1
28078163.pdf,2796728000,"Thorpe Design, Inc.",Fire Sprinkler Designer,1,6,14,7,0.1429,0,0,0,0,Communication,"iOS SDK, Work Ethic, Cultural Awareness, Attention to Detail, Apache Solr, Amazon Neptune",0.3432,0.0,0.0075,0.0,0
14049846.pdf,266825034,Recruitment Design,Software Support Specialist,1,6,4,7,0.1429,0,0,2,0,Make,"iOS SDK, Communication, JavaScript, Automated Testing, D, PHP",0.3861,0.0,0.0076,36.0,1
28078163.pdf,2735151240,LT Apparel Group,Intern- Business Analytics,1,7,14,8,0.125,0,0,0,0,Communication,"Power BI, Tableau, Excel, Work Ethic, iOS SDK, Teamwork, Amazon Neptune",0.3383,0.0,0.0153,20.0,1
17043822.pdf,3245063922,Saxon AI,Data Architect,0,5,11,5,0.0,0,0,0,0,,"Cultural Awareness, Amazon Web Services, Apache Spark, Python, SQL",0.3,0.0,0.0,64.0,0
17488801.pdf,1573178251,,Social Media Coordinator,0,5,4,5,0.0,0,0,0,0,,"Work Ethic, Automated Testing, Reverse Engineering, Computer Vision, Apache Solr",0.3004,0.0,0.0076,0.0,0
23497307.pdf,3540371917,KeyBank,Enterprise Data & Analytics Infrastructure Manager,0,0,6,0,0.0,0,0,0,0,,,0.329,0.1429,0.0081,60.0,0
17488801.pdf,3431736996,Marquee Event Rentals,Client Service Representative,0,8,4,8,0.0,0,0,0,0,,"iOS SDK, Azure Resource Manager, Attention to Detail, Automated Testing, Apache Solr, Integration Testing, Room, Amazon Neptune",0.3,0.0,0.0,8.0,0
27756469.pdf,3550388220,TECHEAD,Inbound Call Center Specialist,1,9,10,10,0.1,7,0,1,0,Less,"iOS SDK, Communication, Work Ethic, Make, Automated Testing, Product Management, HIPAA Security, Azure Monitor, Apache Solr",0.3107,0.0,0.0142,16.0,0
10219099.pdf,2457183642,Galerie Candy and Gifts,Quality Assurance Manager,1,10,5,11,0.0909,0,0,0,0,Communication,"iOS SDK, Excel, Make, Apache Solr, Mobile Security, Time Management, Quality Assurance, Qt Creator, Decision Making, Amazon Neptune",0.3282,0.0,0.0177,28.0,0
19396040.pdf,3245063922,Saxon AI,Data Architect,1,4,8,5,0.2,0,0,0,0,Python,"Apache Spark, Amazon Web Services, SQL, Cultural Awareness",0.3608,0.0,0.0155,64.0,1
12748557.pdf,3540371917,KeyBank,Enterprise Data & Analytics Infrastructure Manager,0,0,5,0,0.0,0,0,0,0,,,0.3286,0.1429,0.0,60.0,0
21298336.pdf,3610596223,,Commercial Auto Underwriter Assistant,1,8,3,9,0.1111,0,0,0,0,Excel,"iOS SDK, Communication, Work Ethic, Make, Apache Solr, Teamwork, C, Amazon Neptune",0.3342,0.0,0.0167,0.0,1
19612167.pdf,3515274431,Conduit Tech,Customer Success Manager,2,10,4,12,0.1667,0,0,2,0,"Communication, Excel","CRI-O, iOS SDK, Work Ethic, Ownership, Automated Testing, Exploratory Testing, Apache Solr, Reverse Engineering, Integration Testing, Amazon Neptune",0.3765,0.0,0.0294,0.0,1
20566550.pdf,3322949022,Kenai Capital Advisors,"Director, Investment Sales",1,8,11,9,0.1111,0,1,1,1,Communication,"iOS SDK, Excel, Work Ethic, Azure Resource Manager, Automated Testing, Apache Solr, Negotiation, Amazon Neptune",0.3136,0.0,0.0217,8.0,1
15601399.pdf,3308438674,Consulate General of Israel to New England,Director of Communications and Digital Diplomacy,1,7,1,8,0.125,0,0,0,0,Communication,"iOS SDK, Multi-Factor Authentication, Time Management, Pull Requests, Computer Vision, Creativity, Apache Solr",0.3382,0.0,0.0145,0.0,0
13149176.pdf,3184403524,San José Clinic,Events & Communications Assistant,3,11,7,14,0.2143,0,0,3,0,"Quality Assurance, D, Time Management","iOS SDK, Communication, Excel, Creativity, Automated Testing, Apache Solr, Schema Registry, C, Pull Requests, Go, Amazon Neptune",0.3975,0.0,0.0214,0.0,1
12472574.pdf,2457183642,Galerie Candy and Gifts,Quality Assurance Manager,3,8,21,11,0.2727,0,0,0,2,"Quality Assurance, Communication, Make","iOS SDK, Excel, Apache Solr, Mobile Security, Time Management, Qt Creator, Decision Making, Amazon Neptune",0.3837,0.0,0.0373,28.0,1
27756469.pdf,3583960568,Böning Ship Automation USA,Sales and Application Engineer,1,11,10,12,0.0833,0,0,0,0,Problem Solving,"iOS SDK, Communication, Work Ethic, Make, Automated Testing, Negotiation, Lakehouse Architecture, Assembly Language, Mobile Security, Accountability, Presentation Skills",0.3253,0.0,0.007,28.0,0
12518008.pdf,3582587683,McNaughton Bros. Inc.,Accounts Analyst,0,6,5,6,0.0,0,0,0,0,,"iOS SDK, Communication, Work Ethic, Automated Testing, Apache Solr, Amazon Neptune",0.3008,0.0,0.0152,20.0,0
18753367.pdf,3578562287,Beat the Streets - Baltimore,Swahili Instructor,1,5,6,6,0.1667,0,0,0,0,Communication,"iOS SDK, Work Ethic, Automated Testing, Apache Ignite, Amazon Neptune",0.3511,0.0,0.0229,0.0,1
25608963.pdf,2914254129,Eastern Indiana Works,Director of Operations,2,7,9,9,0.2222,2,0,1,0,"Communication, D","iOS SDK, Facilitation, Apache Solr, Problem Solving, Time Management, Move, Amazon Neptune",0.2337,0.0,0.0074,0.0,1
20882041.pdf,3520238337,Grant Writing Solutions,Grants Writer - Subcontract,1,4,5,5,0.2,0,0,1,0,Communication,"Apache Solr, iOS SDK, Mentoring, Attention to Detail",0.3904,0.0,0.0077,0.0,1
10712803.pdf,3184403524,San José Clinic,Events & Communications Assistant,1,13,2,14,0.0714,0,0,3,0,C,"iOS SDK, Communication, Creativity, Excel, Go, Automated Testing, Amazon Neptune, D, Schema Registry, Time Management, Quality Assurance, Pull Requests, Apache Solr",0.3546,0.0,0.0214,0.0,0
24322804.pdf,3045980831,Armstrong Builders LLC,Project Engineer,1,3,7,4,0.25,0,0,0,0,Communication,"Automated Testing, Mobile Security, Attention to Detail",0.377,0.0,0.04,28.0,1
26834746.pdf,3566954493,Erlanger,CT Technologist,0,4,4,4,0.0,0,0,0,0,,"Red Teaming, Compatibility Testing, Amazon Neptune, Apache Solr",0.3,0.0,0.0,0.0,0
22890839.pdf,2372177891,iWealth,Client Service Associate,0,5,14,5,0.0,0,0,0,1,,"CRI-O, Automated Testing, Integration Testing, Room, Apache Solr",0.3004,0.0,0.0078,0.0,0
21807224.pdf,3540371917,KeyBank,Enterprise Data & Analytics Infrastructure Manager,0,0,0,0,0.0,0,0,0,0,,,0.3333,0.1667,0.0,60.0,0
15858254.pdf,1143359956,,National Sales Manager,1,7,5,8,0.125,0,0,0,0,Communication,"iOS SDK, Work Ethic, Make, Apache Solr, Integration Testing, Room, Amazon Neptune",0.3389,0.0,0.027,0.0,1
14049846.pdf,3260455681,Weyerhaeuser,Operations Specialist,1,15,4,16,0.0625,0,0,1,0,Make,"Conflict Resolution, iOS SDK, Communication, Work Ethic, Excel, Sentence Transformers, Apache Solr, Reverse Engineering, Mobile Security, Mentoring, Vector Embeddings, Time Management, Leadership, Decision Making, Amazon Neptune",0.3288,0.0,0.0135,8.0,0
21038022.pdf,3610596223,,Commercial Auto Underwriter Assistant,2,7,12,9,0.2222,0,1,1,0,"Communication, C","iOS SDK, Excel, Work Ethic, Make, Apache Solr, Teamwork, Amazon Neptune",0.3466,0.0,0.0148,0.0,1
19397727.pdf,3297645846,"Navajo Transitional Energy Company, LLC",Contract Administrator,2,7,5,9,0.2222,2,0,0,0,"Communication, Attention to Detail","Power BI, iOS SDK, Excel, Automated Testing, Apache Solr, Move, Amazon Neptune",0.22,0.0,0.0659,0.0,1
28831378.pdf,3431736996,Marquee Event Rentals,Client Service Representative,0,8,2,8,0.0,0,0,0,0,,"iOS SDK, Azure Resource Manager, Attention to Detail, Automated Testing, Apache Solr, Integration Testing, Room, Amazon Neptune",0.3004,0.0,0.0073,8.0,0
27756469.pdf,121605673,,Licensed Acupuncturist,1,7,10,8,0.125,0,0,1,0,D,"iOS SDK, Communication, Work Ethic, Apache Solr, Reverse Engineering, Time Management, Amazon Neptune",0.357,0.0,0.015,0.0,1
26456899.pdf,3610591138,Mountain View Eye Center,Ophthalmic Technician,1,8,10,9,0.1111,0,0,0,0,Communication,"CRI-O, iOS SDK, Work Ethic, D, Model Deployment, Leadership, Coaching, Amazon Neptune",0.3847,0.25,0.027,0.0,1
25608963.pdf,3478651125,Axalume,Photonics Layout Intern,1,7,9,8,0.125,0,0,0,0,Communication,"iOS SDK, Work Ethic, Make, Python, Informatica PowerCenter, C#, Apache Solr",0.3379,0.0,0.0076,8.0,0
25608963.pdf,3540371917,KeyBank,Enterprise Data & Analytics Infrastructure Manager,0,0,9,0,0.0,0,0,0,0,,,0.3004,0.0,0.0081,60.0,0
11890896.pdf,2735151240,LT Apparel Group,Intern- Business Analytics,0,8,6,8,0.0,0,0,1,0,,"Power BI, Tableau, Communication, Work Ethic, Excel, iOS SDK, Teamwork, Amazon Neptune",0.3191,0.0,0.0076,20.0,0
11981094.pdf,2269442456,navXcom,Computer Scientist,1,2,14,3,0.3333,0,0,1,0,Communication,"Work Ethic, Amazon Neptune",0.4504,0.0,0.008,20.0,1
20882041.pdf,2372177891,iWealth,Client Service Associate,0,5,5,5,0.0,0,0,0,0,,"CRI-O, Automated Testing, Integration Testing, Room, Apache Solr",0.3,0.0,0.0,0.0,0
20882041.pdf,121605673,,Licensed Acupuncturist,1,7,5,8,0.125,0,0,2,0,Communication,"iOS SDK, Work Ethic, Apache Solr, Reverse Engineering, D, Time Management, Amazon Neptune",0.3758,0.0,0.015,0.0,1
12748557.pdf,3045980831,Armstrong Builders LLC,Project Engineer,0,4,5,4,0.0,0,0,0,0,,"Automated Testing, Communication, Mobile Security, Attention to Detail",0.3004,0.0,0.0078,28.0,0
10030015.pdf,3184403524,San José Clinic,Events & Communications Assistant,1,13,1,14,0.0714,0,0,0,0,Quality Assurance,"iOS SDK, Communication, Creativity, Excel, Go, Automated Testing, Amazon Neptune, D, Schema Registry, Time Management, Pull Requests, C, Apache Solr",0.3236,0.0,0.043,0.0,0
28631840.pdf,3383214611,Crisp,Account Executive - Mid-Market,0,13,2,13,0.0,0,0,1,0,,"iOS SDK, Communication, Excel, Work Ethic, Make, Automated Testing, Salesforce, Amazon Neptune, Reverse Engineering, Integration Testing, D, Teamwork, Apache Solr",0.3121,0.0,0.0122,0.0,0
12748557.pdf,3075721793,ASA Architects,Architect/Project Manager,0,6,5,6,0.0,0,1,0,0,,"iOS SDK, Communication, Automated Testing, Apache Solr, Azure Synapse Analytics, Amazon Neptune",0.3032,0.2,0.0147,28.0,0
24322804.pdf,3537193915,DIGS Vacation Rentals.com,Field Operations Specialist,2,5,7,7,0.2857,0,0,0,0,"Problem Solving, Communication","iOS SDK, Work Ethic, Cultural Awareness, Amazon Neptune, Apache Solr",0.3876,0.0,0.0379,0.0,1
28628090.pdf,3586242087,,Director of Sales,3,5,14,8,0.375,0,0,3,0,"Communication, Leadership, D","iOS SDK, Strategic Thinking, Automated Testing, Negotiation, Apache Solr",0.4691,0.0,0.0075,0.0,1
21038022.pdf,3308438674,Consulate General of Israel to New England,Director of Communications and Digital Diplomacy,2,6,12,8,0.25,0,0,0,0,"Communication, Creativity","iOS SDK, Multi-Factor Authentication, Time Management, Pull Requests, Computer Vision, Apache Solr",0.3765,0.0,0.0294,0.0,1
28923650.pdf,3245063922,Saxon AI,Data Architect,0,5,6,5,0.0,0,0,0,0,,"Cultural Awareness, Amazon Web Services, Apache Spark, Python, SQL",0.3004,0.0,0.0077,64.0,0
17103000.pdf,658723396,Orlando Credit Union,External Mortgage Loan Officer,2,7,4,9,0.2222,3,0,2,0,"Communication, Leadership","iOS SDK, Work Ethic, Automated Testing, Apache Solr, Integration Testing, Move, Amazon Neptune",0.2507,0.0,0.0146,0.0,1
15601399.pdf,2269442456,navXcom,Computer Scientist,1,2,1,3,0.3333,0,0,0,0,Communication,"Work Ethic, Amazon Neptune",0.4004,0.0,0.008,20.0,0
22605864.pdf,3610591138,Mountain View Eye Center,Ophthalmic Technician,0,9,6,9,0.0,0,0,1,0,,"CRI-O, iOS SDK, Communication, Work Ethic, D, Model Deployment, Leadership, Coaching, Amazon Neptune",0.3167,0.0,0.0,0.0,0
22890839.pdf,56924323,,Structural Engineer,1,4,14,5,0.2,0,0,0,1,Excel,"Automated Testing, iOS SDK, Retrofit, Amazon Neptune",0.3604,0.0,0.0078,20.0,1
12472574.pdf,2269442456,navXcom,Computer Scientist,1,2,21,3,0.3333,0,0,0,2,Communication,"Work Ethic, Amazon Neptune",0.4004,0.0,0.008,20.0,1
21847415.pdf,2147609789,Revature,Entry Level Oracle Financial Technology Consultant,1,4,6,5,0.2,0,0,0,0,Communication,"Apache Solr, iOS SDK, Work Ethic, Amazon Neptune",0.3611,0.0,0.0226,28.0,1
15601399.pdf,3480552482,Women choice,Summer Intern for Women International Company,1,6,1,7,0.1429,0,0,1,0,Communication,"iOS SDK, Make, Apache Solr, Leadership, C, Amazon Neptune",0.3647,0.0,0.0075,0.0,1
17488801.pdf,3379554375,Nebraska Public Media,Finishing Editor,0,8,4,8,0.0,0,0,0,0,,"CRI-O, iOS SDK, Privileged Access Management, Automated Testing, Make, Problem Solving, Composer, Apache Solr",0.3004,0.0,0.0073,0.0,0
13149176.pdf,121605673,,Licensed Acupuncturist,2,6,7,8,0.25,0,0,1,0,"D, Time Management","iOS SDK, Communication, Work Ethic, Apache Solr, Reverse Engineering, Amazon Neptune",0.3945,0.0,0.015,0.0,1
27756469.pdf,3480552482,Women choice,Summer Intern for Women International Company,1,6,10,7,0.1429,0,0,1,0,Leadership,"iOS SDK, Communication, Make, Apache Solr, C, Amazon Neptune",0.3647,0.0,0.0075,0.0,1
10624813.pdf,103254301,Raw Cereal,Producer,1,3,23,4,0.25,0,0,1,0,Reverse Engineering,"iOS SDK, Apache Ignite, Work Ethic",0.4129,0.0,0.0079,0.0,1
19397727.pdf,2796728000,"Thorpe Design, Inc.",Fire Sprinkler Designer,2,5,5,7,0.2857,0,0,0,0,"Communication, Attention to Detail","iOS SDK, Work Ethic, Cultural Awareness, Amazon Neptune, Apache Solr",0.3874,0.0,0.0333,0.0,1
13264796.pdf,2954591060,Naked Wardrobe,Social Media Coordinator,1,3,11,4,0.25,0,0,1,0,Communication,"iOS SDK, Fluent Bit, Collaboration",0.4133,0.0,0.0155,0.0,1
27040860.pdf,3578562287,Beat the Streets - Baltimore,Swahili Instructor,1,5,4,6,0.1667,0,0,0,0,Communication,"iOS SDK, Work Ethic, Automated Testing, Apache Ignite, Amazon Neptune",0.3511,0.0,0.0222,0.0,1
27152464.pdf,3075721793,ASA Architects,Architect/Project Manager,1,5,37,6,0.1667,0,0,1,2,Communication,"iOS SDK, Automated Testing, Azure Synapse Analytics, Amazon Neptune, Apache Solr",0.4254,0.25,0.0073,28.0,1
14206561.pdf,3480552482,Women choice,Summer Intern for Women International Company,0,7,1,7,0.0,0,0,1,1,,"iOS SDK, Communication, Make, Apache Solr, Leadership, C, Amazon Neptune",0.3214,0.0,0.0,0.0,0
27152464.pdf,103254301,Raw Cereal,Producer,0,4,37,4,0.0,0,0,0,2,,"Reverse Engineering, iOS SDK, Apache Ignite, Work Ethic",0.3004,0.0,0.0079,0.0,0
26834746.pdf,1168783207,,Reps manager,0,6,4,6,0.0,0,0,0,0,,"iOS SDK, Work Ethic, GitHub Actions, Reverse Engineering, Spring Framework, Computer Vision",0.3508,0.25,0.0153,8.0,0
20566550.pdf,3366698309,Webologix Ltd/ INC,Anaplan Developer,1,5,11,6,0.1667,0,0,1,1,Communication,"Excel, Work Ethic, Amazon Neptune, Agile, Apache Solr",0.3762,0.0,0.0233,28.0,1
23497307.pdf,266566927,Revesco Properties,Marketing & Office Coordinator,1,9,6,10,0.1,0,0,0,0,Excel,"CRI-O, HubSpot, iOS SDK, Ownership, Automated Testing, Apache Solr, Apache Druid, Adaptability, Amazon Neptune",0.3311,0.0,0.0221,0.0,1
17488801.pdf,3383214611,Crisp,Account Executive - Mid-Market,1,12,4,13,0.0769,0,0,1,0,Communication,"iOS SDK, Excel, Work Ethic, Make, Automated Testing, Apache Solr, Salesforce, Reverse Engineering, Integration Testing, D, Teamwork, Amazon Neptune",0.3353,0.0,0.0145,0.0,0
19397727.pdf,2147609835,The Job Network,Trade Review Principal,0,9,5,9,0.0,0,0,0,0,,"iOS SDK, Work Ethic, Make, Ownership, Automated Testing, Apache Solr, Reverse Engineering, Vector Embeddings, Amazon Neptune",0.3011,0.0,0.0213,0.0,0
25919149.pdf,3583960568,Böning Ship Automation USA,Sales and Application Engineer,2,10,6,12,0.1667,0,0,0,0,"Problem Solving, Make","iOS SDK, Communication, Work Ethic, Automated Testing, Negotiation, Lakehouse Architecture, Assembly Language, Mobile Security, Accountability, Presentation Skills",0.3528,0.0,0.0563,28.0,1
18753367.pdf,3610596223,,Commercial Auto Underwriter Assistant,3,6,6,9,0.3333,0,1,1,0,"Communication, C, Make","iOS SDK, Excel, Work Ethic, Apache Solr, Teamwork, Amazon Neptune",0.3803,0.0,0.0224,0.0,1
17926546.pdf,2748500131,"City of Germantown, TN",Director of Public Works,0,7,9,7,0.0,0,0,0,0,,"iOS SDK, Work Ethic, Automated Testing, Apache Solr, Negotiation, Accountability, Amazon Neptune",0.3007,0.0,0.0149,0.0,0
11981094.pdf,3610591138,Mountain View Eye Center,Ophthalmic Technician,1,8,14,9,0.1111,0,0,2,0,Communication,"CRI-O, iOS SDK, Work Ethic, D, Model Deployment, Leadership, Coaching, Amazon Neptune",0.367,0.0,0.0076,0.0,1
25608963.pdf,121605673,,Licensed Acupuncturist,2,6,9,8,0.25,0,0,1,0,"Communication, D","iOS SDK, Work Ethic, Apache Solr, Reverse Engineering, Time Management, Amazon Neptune",0.3945,0.0,0.015,0.0,1
19396040.pdf,3555161614,Starup Insurance,User Experience Designer,0,6,8,6,0.0,0,0,0,0,,"iOS SDK, Communication, Work Ethic, Design Thinking, User-Centered Design, Collaboration",0.3,0.0,0.0,0.0,0
15858254.pdf,266566927,Revesco Properties,Marketing & Office Coordinator,0,10,5,10,0.0,0,0,0,0,,"CRI-O, HubSpot, Excel, iOS SDK, Automated Testing, Ownership, Apache Solr, Apache Druid, Adaptability, Amazon Neptune",0.3006,0.0,0.013,0.0,0
28762662.pdf,133130219,,Software Engineer,0,0,18,0,0.0,0,0,0,0,,,0.3504,0.25,0.0081,40.0,0
17926546.pdf,3610596223,,Commercial Auto Underwriter Assistant,1,8,9,9,0.1111,0,1,1,0,Excel,"iOS SDK, Communication, Work Ethic, Make, Apache Solr, Teamwork, C, Amazon Neptune",0.3129,0.0,0.0074,0.0,1
28505854.pdf,175485704,GOYT,Software Engineer,0,11,21,11,0.0,0,0,1,1,,"iOS SDK, Communication, Work Ethic, MySQL, JavaScript, Apache Solr, HTML, PHP, CSS, Collaboration, Amazon Neptune",0.314,0.0,0.0074,64.0,0
26834746.pdf,3184403524,San José Clinic,Events & Communications Assistant,2,12,4,14,0.1429,0,0,6,0,"Quality Assurance, Communication","iOS SDK, Excel, Creativity, Automated Testing, Apache Solr, D, Schema Registry, Time Management, C, Pull Requests, Go, Amazon Neptune",0.4079,0.0,0.0142,0.0,1
19124258.pdf,3551631423,Miracles for Kids,Community Program Assistant,1,8,2,9,0.1111,0,0,0,0,Excel,"iOS SDK, Communication, Work Ethic, Cultural Awareness, Automated Testing, Teamwork, Move, Apache Solr",0.3337,0.0,0.0074,0.0,0
19396040.pdf,3520238337,Grant Writing Solutions,Grants Writer - Subcontract,0,5,8,5,0.0,0,0,0,0,,"iOS SDK, Communication, Attention to Detail, Mentoring, Apache Solr",0.3,0.0,0.0,0.0,0
28831378.pdf,1143359956,,National Sales Manager,1,7,2,8,0.125,0,0,0,0,Work Ethic,"iOS SDK, Communication, Make, Apache Solr, Integration Testing, Room, Amazon Neptune",0.339,0.0,0.0301,0.0,1
17108676.pdf,111513530,United Methodists of Greater New Jersey,"Content Writer, Communications",0,6,5,6,0.0,0,0,0,0,,"iOS SDK, Apache Camel, Make, Apache Solr, Collaboration, Amazon Neptune",0.3004,0.0,0.0075,0.0,0
26456899.pdf,3322949022,Kenai Capital Advisors,"Director, Investment Sales",2,7,10,9,0.2222,0,1,0,0,"Communication, Excel","iOS SDK, Work Ethic, Azure Resource Manager, Automated Testing, Apache Solr, Negotiation, Amazon Neptune",0.3323,0.0,0.0633,8.0,1
24647794.pdf,3619548798,"Dexterity, Inc.",Senior Mechanical Engineer,1,9,9,10,0.1,0,0,1,0,Leadership,"iOS SDK, Work Ethic, Cultural Awareness, Make, Automated Testing, Technical Writing, Apache Solr, Reverse Engineering, Amazon Neptune",0.3464,0.0,0.029,20.0,1
23497307.pdf,844454682,,Commercial Property Manager,1,5,6,6,0.1667,3,0,0,0,Excel,"iOS SDK, Automated Testing, Amazon Neptune, Spring Framework, Apache Solr",0.2411,0.2,0.0226,8.0,1
12011623.pdf,3610591138,Mountain View Eye Center,Ophthalmic Technician,0,9,12,9,0.0,0,0,1,0,,"CRI-O, iOS SDK, Communication, Work Ethic, D, Model Deployment, Leadership, Coaching, Amazon Neptune",0.3667,0.25,0.0,0.0,0
13264796.pdf,112576855,,Building Engineer,1,10,11,11,0.0909,0,0,1,0,Communication,"CRI-O, iOS SDK, Work Ethic, Azure Resource Manager, Cultural Awareness, Cross-Functional Collaboration, Apache Solr, Time Management, Leadership, Amazon Neptune",0.3413,0.0,0.007,28.0,0
25608963.pdf,1168783207,,Reps manager,0,6,9,6,0.0,0,0,0,0,,"iOS SDK, Work Ethic, GitHub Actions, Reverse Engineering, Spring Framework, Computer Vision",0.3004,0.0,0.0076,8.0,0
28078163.pdf,175485704,GOYT,Software Engineer,2,9,14,11,0.1818,0,0,2,0,"Communication, JavaScript","iOS SDK, MySQL, Work Ethic, Apache Solr, HTML, PHP, CSS, Collaboration, Amazon Neptune",0.4326,0.25,0.0149,64.0,1
27152464.pdf,3219089287,,Recruitment Manager,1,2,37,3,0.3333,0,0,1,2,Leadership,"Automated Testing, Apache Solr",0.5167,0.3333,0.0,0.0,1
15858254.pdf,3075721793,ASA Architects,Architect/Project Manager,1,5,5,6,0.1667,0,1,0,0,Communication,"iOS SDK, Automated Testing, Azure Synapse Analytics, Amazon Neptune, Apache Solr",0.3138,0.0,0.0267,28.0,1
17926546.pdf,3431736996,Marquee Event Rentals,Client Service Representative,0,8,9,8,0.0,0,0,0,0,,"iOS SDK, Azure Resource Manager, Attention to Detail, Automated Testing, Apache Solr, Integration Testing, Room, Amazon Neptune",0.3004,0.0,0.0073,8.0,0
27040860.pdf,56924323,,Structural Engineer,1,4,4,5,0.2,0,0,0,0,Excel,"Automated Testing, iOS SDK, Retrofit, Amazon Neptune",0.3606,0.0,0.0115,20.0,0
26456899.pdf,2372177891,iWealth,Client Service Associate,0,5,10,5,0.0,0,0,0,0,,"CRI-O, Automated Testing, Integration Testing, Room, Apache Solr",0.3014,0.0,0.0282,0.0,0
17488801.pdf,2796728000,"Thorpe Design, Inc.",Fire Sprinkler Designer,1,6,4,7,0.1429,0,0,0,0,Communication,"iOS SDK, Work Ethic, Cultural Awareness, Attention to Detail, Apache Solr, Amazon Neptune",0.3432,0.0,0.0075,0.0,0
10624813.pdf,368586246,STL Fertility,Embryologist,1,4,23,5,0.2,0,0,1,0,Integration Testing,"Automated Testing, CompTIA A+, Excel, Apache Solr",0.39,0.0,0.0,0.0,1
11890896.pdf,3251984218,SLS Solutions,SAP BTP,1,1,6,2,0.5,0,0,1,0,SQL,iOS SDK,0.525,0.0,0.0,8.0,1
28762662.pdf,56924323,,Structural Engineer,0,5,18,5,0.0,0,0,0,0,,"iOS SDK, Excel, Automated Testing, Retrofit, Amazon Neptune",0.3004,0.0,0.0078,20.0,0
12748557.pdf,103254301,Raw Cereal,Producer,0,4,5,4,0.0,0,0,0,0,,"Reverse Engineering, iOS SDK, Apache Ignite, Work Ethic",0.3004,0.0,0.0079,0.0,0
25919149.pdf,3582587683,McNaughton Bros. Inc.,Accounts Analyst,0,6,6,6,0.0,0,0,0,0,,"iOS SDK, Communication, Work Ethic, Automated Testing, Apache Solr, Amazon Neptune",0.3008,0.0,0.0156,20.0,0
15941675.pdf,103254301,Raw Cereal,Producer,0,4,5,4,0.0,0,0,0,0,,"Reverse Engineering, iOS SDK, Apache Ignite, Work Ethic",0.3004,0.0,0.0079,0.0,0
28831378.pdf,3219089287,,Recruitment Manager,0,3,2,3,0.0,0,0,0,0,,"Automated Testing, Leadership, Apache Solr",0.3004,0.0,0.0079,0.0,0
21038022.pdf,3219089287,,Recruitment Manager,1,2,12,3,0.3333,0,0,1,0,Leadership,"Automated Testing, Apache Solr",0.4833,0.1667,0.0,0.0,1
15139979.pdf,2147609835,The Job Network,Trade Review Principal,2,7,9,9,0.2222,0,0,2,0,"Ownership, Make","iOS SDK, Work Ethic, Automated Testing, Apache Solr, Reverse Engineering, Vector Embeddings, Amazon Neptune",0.4004,0.0,0.0073,0.0,1
13264796.pdf,111513530,United Methodists of Greater New Jersey,"Content Writer, Communications",0,6,11,6,0.0,0,0,0,0,,"iOS SDK, Apache Camel, Make, Apache Solr, Collaboration, Amazon Neptune",0.3008,0.0,0.0152,0.0,0
10624813.pdf,266825034,Recruitment Design,Software Support Specialist,2,5,23,7,0.2857,0,0,3,0,"PHP, JavaScript","iOS SDK, Communication, Make, Automated Testing, D",0.45,0.0,0.0,36.0,1
15601399.pdf,3040487795,Lead Lab,Digital Marketing Intern,1,10,1,11,0.0909,0,0,0,0,Communication,"iOS SDK, Work Ethic, Slack, Automated Testing, Ownership, Spring Cloud, Amazon Neptune, Reverse Engineering, Apache Druid, Apache Solr",0.328,0.0,0.0145,16.0,0
24322804.pdf,2372177891,iWealth,Client Service Associate,0,5,7,5,0.0,0,0,0,0,,"CRI-O, Automated Testing, Integration Testing, Room, Apache Solr",0.3004,0.0,0.0078,0.0,0
27756469.pdf,3475933396,USLI,Senior Developer,2,19,10,21,0.0952,0,0,1,0,"Problem Solving, Leadership","Angular, Reverse Engineering, JSON, Apache Solr, Scrum, Make, jQuery, Agile, Accountability, SQL, iOS SDK, Communication, Move, XML, Work Ethic, JavaScript, Automated Testing, HTML, C",0.3364,0.0,0.0134,60.0,0
16911115.pdf,3520238337,Grant Writing Solutions,Grants Writer - Subcontract,1,4,7,5,0.2,0,0,1,0,Communication,"Apache Solr, iOS SDK, Mentoring, Attention to Detail",0.3908,0.0,0.0155,0.0,1
11981094.pdf,3547664337,Polyram Plastic Industries Ltd,Brand Representative,0,7,14,7,0.0,0,0,0,0,,"iOS SDK, Excel, Apache Solr, Extreme Programming, Negotiation, Collaboration, Amazon Neptune",0.3,0.0,0.0,0.0,0
12488356.pdf,1143359956,,National Sales Manager,0,8,7,8,0.0,0,0,0,1,,"iOS SDK, Communication, Work Ethic, Make, Apache Solr, Integration Testing, Room, Amazon Neptune",0.3337,0.1667,0.0074,0.0,0
14206561.pdf,1168783207,,Reps manager,0,6,1,6,0.0,0,0,0,1,,"iOS SDK, Work Ethic, GitHub Actions, Reverse Engineering, Spring Framework, Computer Vision",0.3009,0.0,0.0185,8.0,0
24322804.pdf,3363439517,White Bottle Inc.,Sanitation Supervisor,2,9,7,11,0.1818,3,1,0,0,"Problem Solving, Communication","iOS SDK, Work Ethic, Attention to Detail, Automated Testing, Bottle, Apache Solr, Mobile Security, Integration Testing, Amazon Neptune",0.1692,0.0,0.0435,8.0,1
15139979.pdf,3592392532,Lorenz Motors,Drone-Car Engineer,0,6,9,6,0.0,0,0,1,0,,"iOS SDK, Communication, Work Ethic, Automated Testing, Collaboration, Apache Solr",0.3254,0.0,0.0076,20.0,0
10712803.pdf,3480552482,Women choice,Summer Intern for Women International Company,1,6,2,7,0.1429,0,0,2,0,C,"iOS SDK, Communication, Make, Apache Solr, Leadership, Amazon Neptune",0.3861,0.0,0.0075,0.0,1
22890839.pdf,3383214611,Crisp,Account Executive - Mid-Market,1,12,14,13,0.0769,0,0,1,1,Excel,"iOS SDK, Communication, Work Ethic, Make, Automated Testing, Apache Solr, Salesforce, Reverse Engineering, Integration Testing, D, Teamwork, Amazon Neptune",0.3357,0.0,0.0219,0.0,0
15858254.pdf,3533320307,NLB Services,Java architect / Lead Java developer,0,5,5,5,0.0,0,0,0,0,,"Automated Testing, REST API, React, TypeScript, Java",0.3,0.0,0.0,80.0,0
28320387.pdf,2748500131,"City of Germantown, TN",Director of Public Works,0,7,5,7,0.0,0,0,0,0,,"iOS SDK, Work Ethic, Automated Testing, Apache Solr, Negotiation, Accountability, Amazon Neptune",0.3004,0.0,0.0074,0.0,0
19396040.pdf,3177010992,ABC Farigua Division,Customer Service Representative,0,6,8,6,0.0,0,0,0,0,,"iOS SDK, Work Ethic, Responsive Design, Reverse Engineering, Mobile Security, Amazon Neptune",0.3008,0.0,0.0152,8.0,0
28628090.pdf,3609090859,Mi Familia Vota,Field Director,4,13,14,17,0.2353,0,0,5,0,"Problem Solving, Communication, Excel, Leadership","CRI-O, Conflict Resolution, iOS SDK, Work Ethic, GitHub Actions, Cultural Awareness, Attention to Detail, Automated Testing, Apache Solr, Google Sheets, Accountability, C, Amazon Neptune",0.4154,0.0,0.0135,0.0,1
12472574.pdf,3533320307,NLB Services,Java architect / Lead Java developer,2,3,21,5,0.4,0,0,0,2,"Automated Testing, Java","React, REST API, TypeScript",0.4608,0.2,0.0156,80.0,1
27756469.pdf,3040487795,Lead Lab,Digital Marketing Intern,1,10,10,11,0.0909,0,0,1,0,Ownership,"iOS SDK, Communication, Work Ethic, Slack, Automated Testing, Apache Solr, Spring Cloud, Reverse Engineering, Apache Druid, Amazon Neptune",0.3413,0.0,0.0072,16.0,0
17108676.pdf,3626110567,Mestek Machinery,Mechanical Design Engineer,2,7,5,9,0.2222,5,0,3,0,"Communication, Excel","iOS SDK, Branching Strategy, Mobile Security, D, Vault, Move, Apache Solr",0.3086,0.2,0.0382,28.0,0
13149176.pdf,445337908,Food Bank of Alaska,Chief Operating Officer,1,6,7,7,0.1429,0,0,1,0,D,"iOS SDK, Make, Automated Testing, Apache Druid, Leadership, Amazon Neptune",0.3647,0.0,0.0076,0.0,1
22890839.pdf,3515274431,Conduit Tech,Customer Success Manager,1,11,14,12,0.0833,0,0,0,1,Excel,"CRI-O, iOS SDK, Communication, Work Ethic, Automated Testing, Ownership, Exploratory Testing, Apache Solr, Reverse Engineering, Integration Testing, Amazon Neptune",0.3261,0.0,0.0219,0.0,0
19396040.pdf,3040487795,Lead Lab,Digital Marketing Intern,0,11,8,11,0.0,0,0,0,0,,"iOS SDK, Communication, Work Ethic, Slack, Automated Testing, Ownership, Spring Cloud, Apache Solr, Reverse Engineering, Apache Druid, Amazon Neptune",0.3404,0.2,0.0072,16.0,0
10624813.pdf,3478651125,Axalume,Photonics Layout Intern,1,7,23,8,0.125,0,0,1,0,Python,"iOS SDK, Communication, Work Ethic, Make, Informatica PowerCenter, C#, Apache Solr",0.3563,0.0,0.0,8.0,1
17926546.pdf,2147609835,The Job Network,Trade Review Principal,0,9,9,9,0.0,0,0,0,0,,"iOS SDK, Work Ethic, Make, Ownership, Automated Testing, Apache Solr, Reverse Engineering, Vector Embeddings, Amazon Neptune",0.3007,0.0,0.0147,0.0,0
27152464.pdf,2954591060,Naked Wardrobe,Social Media Coordinator,1,3,37,4,0.25,0,0,1,2,Communication,"iOS SDK, Fluent Bit, Collaboration",0.4129,0.0,0.0077,0.0,1
28078163.pdf,3045980831,Armstrong Builders LLC,Project Engineer,1,3,14,4,0.25,0,0,0,0,Communication,"Automated Testing, Mobile Security, Attention to Detail",0.3758,0.0,0.0156,28.0,1
13264796.pdf,3582587683,McNaughton Bros. Inc.,Accounts Analyst,1,5,11,6,0.1667,0,0,1,0,Communication,"iOS SDK, Work Ethic, Automated Testing, Amazon Neptune, Apache Solr",0.3761,0.0,0.0229,20.0,1
19612167.pdf,3520238337,Grant Writing Solutions,Grants Writer - Subcontract,1,4,4,5,0.2,0,0,1,0,Communication,"Apache Solr, iOS SDK, Mentoring, Attention to Detail",0.3904,0.0,0.0077,0.0,1
15139979.pdf,56482768,,Appalachian Highlands Women's Business Center,2,11,9,13,0.1538,0,0,3,0,"Leadership, Make","iOS SDK, Communication, Work Ethic, Excel, Facilitation, Strategic Thinking, Automated Testing, Product Management, Apache Solr, Collaboration, Amazon Neptune",0.3815,0.0,0.0139,0.0,1
26834746.pdf,2269442456,navXcom,Computer Scientist,1,2,4,3,0.3333,0,0,1,0,Communication,"Work Ethic, Amazon Neptune",0.4508,0.0,0.0161,20.0,1
23438227.pdf,3211657373,AB Underground,Heavy Equipment Operator,0,7,4,7,0.0,0,0,1,0,,"iOS SDK, Work Ethic, Make, Apache Solr, Move, Room, Amazon Neptune",0.3218,0.0,0.0076,0.0,0
17926546.pdf,974774701,Kate Meadows Writing and Editing,Blog writer and virtual assistant,0,5,9,5,0.0,0,0,0,0,,"iOS SDK, Communication, Time Management, Black, Coaching",0.3,0.0,0.0,0.0,0
21038022.pdf,175485704,GOYT,Software Engineer,3,8,12,11,0.2727,0,0,2,0,"Communication, CSS, HTML","iOS SDK, MySQL, Work Ethic, JavaScript, Apache Solr, PHP, Collaboration, Amazon Neptune",0.4098,0.0,0.0149,64.0,1
27152464.pdf,175485704,GOYT,Software Engineer,1,10,37,11,0.0909,0,0,1,2,Communication,"iOS SDK, MySQL, Work Ethic, JavaScript, Apache Solr, HTML, PHP, CSS, Collaboration, Amazon Neptune",0.3413,0.0,0.0074,64.0,0
28078163.pdf,2269442456,navXcom,Computer Scientist,1,2,14,3,0.3333,0,0,0,0,Communication,"Work Ethic, Amazon Neptune",0.4004,0.0,0.008,20.0,0
11981094.pdf,3251984218,SLS Solutions,SAP BTP,0,2,14,2,0.0,0,0,0,0,,"iOS SDK, SQL",0.3,0.0,0.0,8.0,0
28631840.pdf,445337908,Food Bank of Alaska,Chief Operating Officer,1,6,2,7,0.1429,0,0,1,0,Leadership,"iOS SDK, Make, Automated Testing, D, Apache Druid, Amazon Neptune",0.365,0.0,0.0133,0.0,1
19396040.pdf,266825034,Recruitment Design,Software Support Specialist,1,6,8,7,0.1429,0,0,2,0,Make,"iOS SDK, Communication, JavaScript, Automated Testing, D, PHP",0.3861,0.0,0.0076,36.0,1
25919149.pdf,3127577086,Avero Diagnostics,Histologist - HT,1,23,6,24,0.0417,0,0,0,0,Problem Solving,"Facilitation, Negotiation, Time Management, Leadership, Qt Creator, Apache Solr, Conflict Resolution, Excel, Attention to Detail, Collaboration, Room, iOS SDK, Communication, Windows, Apache Pinot, Mobile Security, Visual Studio, Quality Assurance, Work Ethic, Automated Testing, HTML, Integration Testing, Amazon Neptune",0.3142,0.0,0.0349,8.0,0
22605864.pdf,3466187886,Landscape Management Group,Owner,1,8,6,9,0.1111,0,0,0,0,Collaboration,"iOS SDK, Communication, Work Ethic, Automated Testing, Key Management, Integration Testing, Creativity, Amazon Neptune",0.3345,0.0,0.0229,0.0,1
27756469.pdf,2147609785,The Job Network,FP&A Analyst,3,16,10,19,0.1579,0,0,0,0,"Excel, Leadership, Attention to Detail","Power BI, Tableau, iOS SDK, Work Ethic, Make, Cross-Functional Collaboration, Automated Testing, KPIs, Presentation Skills, Reverse Engineering, Amazon Neptune, Vector Embeddings, Apache Druid, SQL, Collaboration, Apache Solr",0.3495,0.0,0.0417,28.0,1
20566550.pdf,3555161614,Starup Insurance,User Experience Designer,1,5,11,6,0.1667,0,0,1,1,Communication,"iOS SDK, Work Ethic, Design Thinking, User-Centered Design, Collaboration",0.3754,0.0,0.0078,0.0,1
13264796.pdf,3308438674,Consulate General of Israel to New England,Director of Communications and Digital Diplomacy,2,6,11,8,0.25,0,0,2,0,"Communication, Computer Vision","iOS SDK, Multi-Factor Authentication, Time Management, Pull Requests, Creativity, Apache Solr",0.454,0.2,0.0294,0.0,1
16911115.pdf,3184403524,San José Clinic,Events & Communications Assistant,2,12,7,14,0.1429,0,0,4,0,"Communication, Excel","iOS SDK, Creativity, Automated Testing, Apache Solr, D, Schema Registry, Time Management, Quality Assurance, C, Pull Requests, Go, Amazon Neptune",0.3868,0.0,0.0214,0.0,1
17103000.pdf,3431736996,Marquee Event Rentals,Client Service Representative,0,8,4,8,0.0,0,0,0,0,,"iOS SDK, Azure Resource Manager, Attention to Detail, Automated Testing, Apache Solr, Integration Testing, Room, Amazon Neptune",0.3004,0.0,0.0073,8.0,0
11890896.pdf,121605673,,Licensed Acupuncturist,0,8,6,8,0.0,0,0,1,0,,"iOS SDK, Communication, Work Ethic, Apache Solr, Reverse Engineering, D, Time Management, Amazon Neptune",0.3191,0.0,0.0075,0.0,0
25919149.pdf,3480552482,Women choice,Summer Intern for Women International Company,1,6,6,7,0.1429,0,0,0,0,Make,"iOS SDK, Communication, Apache Solr, Leadership, C, Amazon Neptune",0.3436,0.0,0.0156,0.0,1
11981094.pdf,3478651125,Axalume,Photonics Layout Intern,1,7,14,8,0.125,0,0,2,0,Communication,"iOS SDK, Work Ethic, Make, Python, Informatica PowerCenter, C#, Apache Solr",0.3754,0.0,0.0076,8.0,1
21038022.pdf,3379554375,Nebraska Public Media,Finishing Editor,0,8,12,8,0.0,0,0,1,0,,"CRI-O, iOS SDK, Privileged Access Management, Automated Testing, Make, Problem Solving, Composer, Apache Solr",0.3195,0.0,0.0147,0.0,0
23234047.pdf,266825034,Recruitment Design,Software Support Specialist,0,7,3,7,0.0,0,0,1,0,,"iOS SDK, Communication, JavaScript, Make, Automated Testing, D, PHP",0.3218,0.0,0.0076,36.0,0
17488801.pdf,175485704,GOYT,Software Engineer,1,10,4,11,0.0909,0,0,0,0,Communication,"iOS SDK, MySQL, Work Ethic, JavaScript, Apache Solr, HTML, PHP, CSS, Collaboration, Amazon Neptune",0.3276,0.0,0.0074,64.0,0
19397727.pdf,3586242087,,Director of Sales,2,6,5,8,0.25,0,0,0,0,"Communication, D","iOS SDK, Strategic Thinking, Automated Testing, Negotiation, Leadership, Apache Solr",0.3767,0.0,0.0333,0.0,1
21847415.pdf,133130219,,Software Engineer,0,0,6,0,0.0,0,0,0,0,,,0.3008,0.0,0.0164,40.0,0
10624813.pdf,95428182,CLEVELAND KIDS BOOK BANK,Administrative Coordinator,0,12,23,12,0.0,0,0,0,0,,"iOS SDK, Communication, Work Ethic, Attention to Detail, Automated Testing, Make, Apache Solr, Azure Monitor, Time Management, Collaboration, Creativity, Amazon Neptune",0.3004,0.0,0.007,8.0,0
19397727.pdf,266825034,Recruitment Design,Software Support Specialist,2,5,5,7,0.2857,0,0,0,0,"Communication, D","iOS SDK, JavaScript, Make, Automated Testing, PHP",0.3874,0.0,0.0341,36.0,1
20882041.pdf,56482768,,Appalachian Highlands Women's Business Center,3,10,5,13,0.2308,2,0,3,0,"Communication, Excel, Leadership","iOS SDK, Facilitation, Work Ethic, Strategic Thinking, Make, Automated Testing, Product Management, Apache Solr, Collaboration, Amazon Neptune",0.2549,0.0,0.021,0.0,1
10624813.pdf,1573178251,,Social Media Coordinator,1,4,23,5,0.2,0,0,1,0,Reverse Engineering,"Automated Testing, Work Ethic, Computer Vision, Apache Solr",0.3908,0.0,0.0154,0.0,1
11981094.pdf,3383214611,Crisp,Account Executive - Mid-Market,1,12,14,13,0.0769,0,0,2,0,Communication,"iOS SDK, Excel, Work Ethic, Make, Automated Testing, Apache Solr, Salesforce, Reverse Engineering, Integration Testing, D, Teamwork, Amazon Neptune",0.3469,0.0,0.0145,0.0,0
11981094.pdf,3582587683,McNaughton Bros. Inc.,Accounts Analyst,1,5,14,6,0.1667,0,0,1,0,Communication,"iOS SDK, Work Ethic, Automated Testing, Amazon Neptune, Apache Solr",0.3754,0.0,0.0075,20.0,1
15601399.pdf,2914254129,Eastern Indiana Works,Director of Operations,1,8,1,9,0.1111,2,0,1,0,Communication,"iOS SDK, Facilitation, Problem Solving, Amazon Neptune, D, Time Management, Move, Apache Solr",0.2004,0.0,0.0074,0.0,1
27152464.pdf,3177010992,ABC Farigua Division,Customer Service Representative,0,6,37,6,0.0,0,0,0,2,,"iOS SDK, Work Ethic, Responsive Design, Reverse Engineering, Mobile Security, Amazon Neptune",0.3008,0.0,0.0152,8.0,0
19397727.pdf,2269442456,navXcom,Computer Scientist,1,2,5,3,0.3333,0,0,0,0,Communication,"Work Ethic, Amazon Neptune",0.4012,0.0,0.0244,20.0,1
28923650.pdf,974774701,Kate Meadows Writing and Editing,Blog writer and virtual assistant,0,5,6,5,0.0,0,0,0,0,,"iOS SDK, Communication, Time Management, Black, Coaching",0.3004,0.0,0.0077,0.0,0
10030015.pdf,3466187886,Landscape Management Group,Owner,0,9,1,9,0.0,0,0,0,0,,"iOS SDK, Communication, Work Ethic, Automated Testing, Key Management, Integration Testing, Collaboration, Creativity, Amazon Neptune",0.3012,0.0,0.0233,0.0,0
24647794.pdf,3308438674,Consulate General of Israel to New England,Director of Communications and Digital Diplomacy,1,7,9,8,0.125,0,0,1,0,Communication,"iOS SDK, Multi-Factor Authentication, Time Management, Pull Requests, Computer Vision, Creativity, Apache Solr",0.3573,0.0,0.0219,0.0,1
27040860.pdf,3075721793,ASA Architects,Architect/Project Manager,1,5,4,6,0.1667,0,1,0,0,Communication,"iOS SDK, Automated Testing, Azure Synapse Analytics, Amazon Neptune, Apache Solr",0.3136,0.0,0.0213,28.0,1
17108676.pdf,56482768,,Appalachian Highlands Women's Business Center,3,10,5,13,0.2308,2,0,2,0,"Communication, Excel, Leadership","iOS SDK, Facilitation, Work Ethic, Strategic Thinking, Make, Automated Testing, Product Management, Apache Solr, Collaboration, Amazon Neptune",0.2445,0.0,0.0429,0.0,1
11981094.pdf,2372177891,iWealth,Client Service Associate,0,5,14,5,0.0,0,0,0,0,,"CRI-O, Automated Testing, Integration Testing, Room, Apache Solr",0.3004,0.0,0.0078,0.0,0
23438227.pdf,1143359956,,National Sales Manager,0,8,4,8,0.0,0,0,1,0,,"iOS SDK, Communication, Work Ethic, Make, Apache Solr, Integration Testing, Room, Amazon Neptune",0.3191,0.0,0.0074,0.0,0
11981094.pdf,111513530,United Methodists of Greater New Jersey,"Content Writer, Communications",0,6,14,6,0.0,0,0,0,0,,"iOS SDK, Apache Camel, Make, Apache Solr, Collaboration, Amazon Neptune",0.3008,0.0,0.0152,0.0,0
15941675.pdf,974774701,Kate Meadows Writing and Editing,Blog writer and virtual assistant,2,3,5,5,0.4,0,0,1,0,"Communication, Time Management","iOS SDK, Black, Coaching",0.4508,0.0,0.0155,0.0,1
19612167.pdf,2195921577,,Associate Planner,3,10,4,13,0.2308,2,0,2,0,"Communication, Excel, Leadership","iOS SDK, Work Ethic, Strategic Thinking, Automated Testing, Problem Solving, Apache Solr, Mobile Security, Teamwork, Move, Amazon Neptune",0.2434,0.0,0.0214,8.0,1
28320387.pdf,3533320307,NLB Services,Java architect / Lead Java developer,0,5,5,5,0.0,0,0,0,0,,"Automated Testing, REST API, React, TypeScript, Java",0.3,0.0,0.0,80.0,0
15858254.pdf,95428182,CLEVELAND KIDS BOOK BANK,Administrative Coordinator,2,10,5,12,0.1667,0,0,0,0,"Communication, Time Management","iOS SDK, Work Ethic, Make, Automated Testing, Attention to Detail, Apache Solr, Azure Monitor, Collaboration, Creativity, Amazon Neptune",0.3526,0.0,0.0513,8.0,1
15941675.pdf,3540371917,KeyBank,Enterprise Data & Analytics Infrastructure Manager,0,0,5,0,0.0,0,0,0,0,,,0.3004,0.0,0.0081,60.0,0
19397727.pdf,368586246,STL Fertility,Embryologist,0,5,5,5,0.0,0,0,0,0,,"CompTIA A+, Excel, Automated Testing, Integration Testing, Apache Solr",0.3012,0.0,0.0233,0.0,0
11981094.pdf,3537193915,DIGS Vacation Rentals.com,Field Operations Specialist,1,6,14,7,0.1429,0,0,1,0,Communication,"iOS SDK, Work Ethic, Cultural Awareness, Apache Solr, Problem Solving, Amazon Neptune",0.3647,0.0,0.0074,0.0,1
21038022.pdf,3478651125,Axalume,Photonics Layout Intern,1,7,12,8,0.125,0,0,0,0,Communication,"iOS SDK, Work Ethic, Make, Python, Informatica PowerCenter, C#, Apache Solr",0.3379,0.0,0.0076,8.0,0
14049846.pdf,1573178251,,Social Media Coordinator,0,5,4,5,0.0,0,0,0,0,,"Work Ethic, Automated Testing, Reverse Engineering, Computer Vision, Apache Solr",0.3004,0.0,0.0076,0.0,0
22605864.pdf,3551631423,Miracles for Kids,Community Program Assistant,1,8,6,9,0.1111,0,0,0,0,Excel,"iOS SDK, Communication, Work Ethic, Cultural Awareness, Automated Testing, Teamwork, Move, Apache Solr",0.3337,0.0,0.0074,0.0,0
27152464.pdf,3515274431,Conduit Tech,Customer Success Manager,2,10,37,12,0.1667,0,0,1,2,"Communication, Integration Testing","CRI-O, iOS SDK, Excel, Work Ethic, Automated Testing, Ownership, Exploratory Testing, Apache Solr, Reverse Engineering, Amazon Neptune",0.4132,0.25,0.0145,0.0,1
16803215.pdf,3555161614,Starup Insurance,User Experience Designer,1,5,9,6,0.1667,0,0,0,0,Communication,"iOS SDK, Work Ethic, Design Thinking, User-Centered Design, Collaboration",0.3514,0.0,0.0286,0.0,1
27152464.pdf,1143359956,,National Sales Manager,3,5,37,8,0.375,0,0,2,2,"Communication, Integration Testing, Make","iOS SDK, Work Ethic, Amazon Neptune, Room, Apache Solr",0.5004,0.25,0.0074,0.0,1
26834746.pdf,3251984218,SLS Solutions,SAP BTP,0,2,4,2,0.0,0,0,0,0,,"iOS SDK, SQL",0.3,0.0,0.0,8.0,0
28505854.pdf,3308438674,Consulate General of Israel to New England,Director of Communications and Digital Diplomacy,1,7,21,8,0.125,0,0,0,1,Computer Vision,"iOS SDK, Communication, Multi-Factor Authentication, Time Management, Pull Requests, Creativity, Apache Solr",0.3382,0.0,0.0145,0.0,1
18753367.pdf,266825034,Recruitment Design,Software Support Specialist,2,5,6,7,0.2857,0,0,1,0,"Communication, Make","iOS SDK, JavaScript, Automated Testing, D, PHP",0.4083,0.0,0.0231,36.0,1
25608963.pdf,2147609789,Revature,Entry Level Oracle Financial Technology Consultant,1,4,9,5,0.2,0,0,0,0,Communication,"Apache Solr, iOS SDK, Work Ethic, Amazon Neptune",0.3607,0.0,0.0149,28.0,0
19612167.pdf,1168783207,,Reps manager,0,6,4,6,0.0,0,0,0,0,,"iOS SDK, Work Ethic, GitHub Actions, Reverse Engineering, Spring Framework, Computer Vision",0.3004,0.0,0.0076,8.0,0
19553067.pdf,3018278978,Aston Carter,Seasonal Office Administrator,0,5,3,5,0.0,0,0,0,0,,"iOS SDK, Work Ethic, Automated Testing, Amazon Neptune, Apache Solr",0.3404,0.2,0.0076,0.0,0
24647794.pdf,1573178251,,Social Media Coordinator,0,5,9,5,0.0,0,0,0,0,,"Work Ethic, Automated Testing, Reverse Engineering, Computer Vision, Apache Solr",0.3004,0.0,0.0076,0.0,0
28631840.pdf,121605673,,Licensed Acupuncturist,0,8,2,8,0.0,0,0,1,0,,"iOS SDK, Communication, Work Ethic, Apache Solr, Reverse Engineering, D, Time Management, Amazon Neptune",0.3201,0.0,0.0263,0.0,0
16911115.pdf,3586242087,,Director of Sales,1,7,7,8,0.125,0,0,2,0,Communication,"iOS SDK, Strategic Thinking, Automated Testing, Negotiation, D, Leadership, Apache Solr",0.3754,0.0,0.0075,0.0,1
25797445.pdf,2157930553,Brady Insurance Group LLC,Customer Service Representative,1,9,2,10,0.1,0,0,0,0,Communication,"iOS SDK, Work Ethic, Make, Automated Testing, Problem Solving, Apache Solr, Integration Testing, Azure Monitor, Amazon Neptune",0.3307,0.0,0.0146,8.0,0
17043822.pdf,3555161614,Starup Insurance,User Experience Designer,1,5,11,6,0.1667,0,0,1,0,Communication,"iOS SDK, Work Ethic, Design Thinking, User-Centered Design, Collaboration",0.3754,0.0,0.0078,0.0,1
21847415.pdf,3196627399,Bellevue Downtown Association,Marketing & Communications – Content Writer Internship,1,12,6,13,0.0769,0,0,0,0,Communication,"iOS SDK, Work Ethic, Attention to Detail, Apache Solr, Problem Solving, HTML, Reverse Engineering, Time Management, Teamwork, Leadership, Collaboration, Amazon Neptune",0.3245,0.0,0.028,0.0,0
21629057.pdf,445337908,Food Bank of Alaska,Chief Operating Officer,2,5,7,7,0.2857,0,0,1,0,"Leadership, D","iOS SDK, Make, Automated Testing, Apache Druid, Amazon Neptune",0.4075,0.0,0.0076,0.0,1
15941675.pdf,3582587683,McNaughton Bros. Inc.,Accounts Analyst,1,5,5,6,0.1667,0,0,0,0,Communication,"iOS SDK, Work Ethic, Automated Testing, Amazon Neptune, Apache Solr",0.3511,0.0,0.0229,20.0,1
10624813.pdf,3322949022,Kenai Capital Advisors,"Director, Investment Sales",0,9,23,9,0.0,0,0,0,0,,"iOS SDK, Communication, Work Ethic, Excel, Azure Resource Manager, Automated Testing, Apache Solr, Negotiation, Amazon Neptune",0.3407,0.2,0.0144,8.0,0
10624813.pdf,3383214611,Crisp,Account Executive - Mid-Market,2,11,23,13,0.1538,0,0,3,0,"Reverse Engineering, Integration Testing","iOS SDK, Communication, Work Ethic, Excel, Make, Automated Testing, Apache Solr, Salesforce, D, Teamwork, Amazon Neptune",0.3815,0.0,0.0145,0.0,1
23497307.pdf,2269442456,navXcom,Computer Scientist,1,2,6,3,0.3333,0,0,0,0,Communication,"Work Ethic, Amazon Neptune",0.4004,0.0,0.008,20.0,0
28505854.pdf,3533320307,NLB Services,Java architect / Lead Java developer,1,4,21,5,0.2,0,0,1,1,Java,"Automated Testing, REST API, TypeScript, React",0.3904,0.0,0.0078,80.0,1
23497307.pdf,3520238337,Grant Writing Solutions,Grants Writer - Subcontract,2,3,6,5,0.4,0,0,0,0,"Communication, Attention to Detail","iOS SDK, Mentoring, Apache Solr",0.4212,0.0,0.0234,0.0,1
15601399.pdf,3610591138,Mountain View Eye Center,Ophthalmic Technician,1,8,1,9,0.1111,0,0,1,0,Communication,"CRI-O, iOS SDK, Work Ethic, D, Model Deployment, Leadership, Coaching, Amazon Neptune",0.4008,0.25,0.0153,0.0,1
28320387.pdf,3466187886,Landscape Management Group,Owner,1,8,5,9,0.1111,0,0,1,0,Communication,"iOS SDK, Work Ethic, Automated Testing, Key Management, Integration Testing, Collaboration, Creativity, Amazon Neptune",0.3504,0.0,0.0075,0.0,1
24647794.pdf,3586242087,,Director of Sales,3,5,9,8,0.375,0,0,3,0,"Communication, Leadership, D","iOS SDK, Strategic Thinking, Automated Testing, Negotiation, Apache Solr",0.4699,0.0,0.0227,0.0,1
28320387.pdf,103254301,Raw Cereal,Producer,0,4,5,4,0.0,0,0,0,0,,"Reverse Engineering, iOS SDK, Apache Ignite, Work Ethic",0.3004,0.0,0.0079,0.0,0
25919149.pdf,3586242087,,Director of Sales,1,7,6,8,0.125,0,0,0,0,D,"iOS SDK, Communication, Strategic Thinking, Automated Testing, Negotiation, Leadership, Apache Solr",0.3391,0.0,0.0312,0.0,1
27152464.pdf,3547664337,Polyram Plastic Industries Ltd,Brand Representative,0,7,37,7,0.0,0,0,0,2,,"iOS SDK, Excel, Apache Solr, Extreme Programming, Negotiation, Collaboration, Amazon Neptune",0.3,0.0,0.0,0.0,0
12748557.pdf,3515274431,Conduit Tech,Customer Success Manager,0,12,5,12,0.0,0,0,0,0,,"CRI-O, iOS SDK, Communication, Work Ethic, Excel, Automated Testing, Ownership, Exploratory Testing, Apache Solr, Reverse Engineering, Integration Testing, Amazon Neptune",0.3404,0.2,0.0072,0.0,0
24322804.pdf,2157930553,Brady Insurance Group LLC,Customer Service Representative,3,7,7,10,0.3,0,0,0,0,"Problem Solving, Communication, Make","iOS SDK, Work Ethic, Automated Testing, Apache Solr, Integration Testing, Azure Monitor, Amazon Neptune",0.3919,0.0,0.0373,8.0,1
19397727.pdf,3045980831,Armstrong Builders LLC,Project Engineer,2,2,5,4,0.5,0,0,0,0,"Communication, Attention to Detail","Automated Testing, Mobile Security",0.4524,0.0,0.0476,28.0,1
25425322.pdf,1143359956,,National Sales Manager,0,8,2,8,0.0,0,0,0,0,,"iOS SDK, Communication, Work Ethic, Make, Apache Solr, Integration Testing, Room, Amazon Neptune",0.3507,0.25,0.0148,0.0,0
28762662.pdf,103254301,Raw Cereal,Producer,0,4,18,4,0.0,0,0,0,0,,"Reverse Engineering, iOS SDK, Apache Ignite, Work Ethic",0.3004,0.0,0.0079,0.0,0
28320387.pdf,3075721793,ASA Architects,Architect/Project Manager,1,5,5,6,0.1667,0,1,1,0,Communication,"iOS SDK, Automated Testing, Azure Synapse Analytics, Amazon Neptune, Apache Solr",0.3382,0.0,0.0147,28.0,1
17926546.pdf,3578562287,Beat the Streets - Baltimore,Swahili Instructor,0,6,9,6,0.0,0,0,0,0,,"iOS SDK, Communication, Work Ethic, Automated Testing, Apache Ignite, Amazon Neptune",0.3008,0.0,0.0152,0.0,0
12011623.pdf,3260455681,Weyerhaeuser,Operations Specialist,0,16,12,16,0.0,0,0,0,0,,"Conflict Resolution, iOS SDK, Communication, Work Ethic, Excel, Make, Sentence Transformers, Apache Solr, Reverse Engineering, Mobile Security, Mentoring, Vector Embeddings, Time Management, Leadership, Decision Making, Amazon Neptune",0.3014,0.0,0.0274,8.0,0
27152464.pdf,2790549389,Rogue Ales & Spirits,National Sales Manager,5,8,37,13,0.3846,8,0,4,2,"Communication, Make, Integration Testing, Leadership, Go","iOS SDK, Work Ethic, Automated Testing, Apache Solr, Reverse Engineering, Collaboration, Move, Amazon Neptune",0.3623,0.25,0.0144,0.0,0
27756469.pdf,2737009242,,Service Manager,2,12,10,14,0.1429,0,0,1,0,"Ownership, Leadership","Conflict Resolution, iOS SDK, Communication, Expo, Chef, Work Ethic, Automated Testing, Apache Solr, Integration Testing, Accountability, Decision Making, Amazon Neptune",0.3543,0.0,0.0142,0.0,1
12472574.pdf,3540371917,KeyBank,Enterprise Data & Analytics Infrastructure Manager,0,0,21,0,0.0,0,0,0,2,,,0.3,0.0,0.0,60.0,0
14049846.pdf,3045980831,Armstrong Builders LLC,Project Engineer,0,4,4,4,0.0,0,0,0,0,,"Automated Testing, Communication, Mobile Security, Attention to Detail",0.3004,0.0,0.0078,28.0,0
12488356.pdf,3184403524,San José Clinic,Events & Communications Assistant,2,12,7,14,0.1429,0,0,5,1,"Quality Assurance, D","iOS SDK, Communication, Excel, Creativity, Automated Testing, Apache Solr, Schema Registry, Time Management, C, Pull Requests, Go, Amazon Neptune",0.3968,0.0,0.007,0.0,1
12488356.pdf,111513530,United Methodists of Greater New Jersey,"Content Writer, Communications",0,6,7,6,0.0,0,0,0,1,,"iOS SDK, Apache Camel, Make, Apache Solr, Collaboration, Amazon Neptune",0.3004,0.0,0.0075,0.0,0
28630325.pdf,3533320307,NLB Services,Java architect / Lead Java developer,0,5,12,5,0.0,0,0,0,0,,"Automated Testing, REST API, React, TypeScript, Java",0.3408,0.2,0.0156,80.0,0
25797445.pdf,445337908,Food Bank of Alaska,Chief Operating Officer,0,7,2,7,0.0,0,0,1,0,,"iOS SDK, Make, Automated Testing, D, Apache Druid, Leadership, Amazon Neptune",0.3218,0.0,0.0076,0.0,0
26456899.pdf,3533320307,NLB Services,Java architect / Lead Java developer,1,4,10,5,0.2,0,0,0,0,Java,"Automated Testing, REST API, TypeScript, React",0.3614,0.0,0.0282,80.0,1
12488356.pdf,3610596223,,Commercial Auto Underwriter Assistant,0,9,7,9,0.0,0,0,2,1,,"iOS SDK, Communication, Work Ethic, Excel, Make, Apache Solr, Teamwork, C, Amazon Neptune",0.3333,0.0,0.0,0.0,0
25919149.pdf,3478651125,Axalume,Photonics Layout Intern,1,7,6,8,0.125,0,0,0,0,Make,"iOS SDK, Communication, Work Ethic, Python, Informatica PowerCenter, C#, Apache Solr",0.3383,0.0,0.0159,8.0,1
25797445.pdf,2269442456,navXcom,Computer Scientist,1,2,2,3,0.3333,0,0,0,0,Communication,"Work Ethic, Amazon Neptune",0.4004,0.0,0.008,20.0,0
10219099.pdf,3184403524,San José Clinic,Events & Communications Assistant,1,13,5,14,0.0714,0,0,0,0,Communication,"iOS SDK, Excel, Creativity, Automated Testing, Apache Solr, D, Schema Registry, Time Management, Quality Assurance, C, Pull Requests, Go, Amazon Neptune",0.3223,0.0,0.0171,0.0,0
13264796.pdf,3626110567,Mestek Machinery,Mechanical Design Engineer,1,8,11,9,0.1111,0,0,3,0,Communication,"iOS SDK, Excel, Branching Strategy, Mobile Security, D, Vault, Move, Apache Solr",0.3837,0.0,0.0074,28.0,1
19396040.pdf,3515274431,Conduit Tech,Customer Success Manager,1,11,8,12,0.0833,0,0,0,0,Excel,"CRI-O, iOS SDK, Communication, Work Ethic, Automated Testing, Ownership, Exploratory Testing, Apache Solr, Reverse Engineering, Integration Testing, Amazon Neptune",0.3261,0.0,0.0219,0.0,0
21298336.pdf,2372177891,iWealth,Client Service Associate,0,5,3,5,0.0,0,0,0,0,,"CRI-O, Automated Testing, Integration Testing, Room, Apache Solr",0.3,0.0,0.0,0.0,0
25919149.pdf,3592392532,Lorenz Motors,Drone-Car Engineer,0,6,6,6,0.0,0,0,0,0,,"iOS SDK, Communication, Work Ethic, Automated Testing, Collaboration, Apache Solr",0.3008,0.0,0.0159,20.0,0
18753367.pdf,121605673,,Licensed Acupuncturist,1,7,6,8,0.125,0,0,1,0,Communication,"iOS SDK, Work Ethic, Apache Solr, Reverse Engineering, D, Time Management, Amazon Neptune",0.357,0.0,0.015,0.0,1
24322804.pdf,368586246,STL Fertility,Embryologist,0,5,7,5,0.0,0,0,0,0,,"CompTIA A+, Excel, Automated Testing, Integration Testing, Apache Solr",0.3012,0.0,0.0236,0.0,0
21298336.pdf,2934066464,Dynamic SRG,Fundraising Associate,0,6,3,6,0.0,0,0,0,0,,"iOS SDK, Communication, Work Ethic, Automated Testing, Prioritization, Apache Solr",0.3,0.0,0.0,0.0,0
23497307.pdf,3177010992,ABC Farigua Division,Customer Service Representative,0,6,6,6,0.0,0,0,0,0,,"iOS SDK, Work Ethic, Responsive Design, Reverse Engineering, Mobile Security, Amazon Neptune",0.3004,0.0,0.0075,8.0,0
19396040.pdf,3466187886,Landscape Management Group,Owner,0,9,8,9,0.0,0,0,0,0,,"iOS SDK, Communication, Work Ethic, Automated Testing, Key Management, Integration Testing, Collaboration, Creativity, Amazon Neptune",0.3,0.0,0.0,0.0,0
25919149.pdf,1143359956,,National Sales Manager,1,7,6,8,0.125,0,0,0,0,Make,"iOS SDK, Communication, Work Ethic, Apache Solr, Integration Testing, Room, Amazon Neptune",0.339,0.0,0.0303,0.0,1
28630325.pdf,3431736996,Marquee Event Rentals,Client Service Representative,0,8,12,8,0.0,0,0,0,0,,"iOS SDK, Azure Resource Manager, Attention to Detail, Automated Testing, Apache Solr, Integration Testing, Room, Amazon Neptune",0.3007,0.0,0.0147,8.0,0
25797445.pdf,3480552482,Women choice,Summer Intern for Women International Company,1,6,2,7,0.1429,0,0,1,0,Communication,"iOS SDK, Make, Apache Solr, Leadership, C, Amazon Neptune",0.3647,0.0,0.0075,0.0,1
17488801.pdf,2954591060,Naked Wardrobe,Social Media Coordinator,1,3,4,4,0.25,0,0,0,0,Communication,"iOS SDK, Fluent Bit, Collaboration",0.3758,0.0,0.0155,0.0,1
18753367.pdf,3075721793,ASA Architects,Architect/Project Manager,1,5,6,6,0.1667,0,1,0,0,Communication,"iOS SDK, Automated Testing, Azure Synapse Analytics, Amazon Neptune, Apache Solr",0.3936,0.4,0.0222,28.0,1
15601399.pdf,974774701,Kate Meadows Writing and Editing,Blog writer and virtual assistant,1,4,1,5,0.2,0,0,0,0,Communication,"iOS SDK, Black, Coaching, Time Management",0.3604,0.0,0.0077,0.0,0
19612167.pdf,3177010992,ABC Farigua Division,Customer Service Representative,0,6,4,6,0.0,0,0,0,0,,"iOS SDK, Work Ethic, Responsive Design, Reverse Engineering, Mobile Security, Amazon Neptune",0.3008,0.0,0.0152,8.0,0
11890896.pdf,3366698309,Webologix Ltd/ INC,Anaplan Developer,0,6,6,6,0.0,0,0,1,0,,"Communication, Work Ethic, Excel, Apache Solr, Agile, Amazon Neptune",0.3254,0.0,0.0076,28.0,0
27756469.pdf,2147609929,The Job Network,Production Planner,2,9,10,11,0.1818,0,0,1,0,"Excel, Leadership","iOS SDK, Work Ethic, Make, Automated Testing, Apache Solr, IBM Db2, Mobile Security, C, Amazon Neptune",0.3696,0.0,0.0288,8.0,1
21847415.pdf,3260455681,Weyerhaeuser,Operations Specialist,3,13,6,16,0.1875,0,0,1,0,"Communication, Excel, Make","Conflict Resolution, iOS SDK, Work Ethic, Sentence Transformers, Apache Solr, Reverse Engineering, Mobile Security, Mentoring, Vector Embeddings, Time Management, Leadership, Decision Making, Amazon Neptune",0.3673,0.0,0.0345,8.0,1
28631840.pdf,3308438674,Consulate General of Israel to New England,Director of Communications and Digital Diplomacy,0,8,2,8,0.0,0,0,0,0,,"iOS SDK, Communication, Multi-Factor Authentication, Time Management, Pull Requests, Computer Vision, Creativity, Apache Solr",0.3012,0.0,0.0247,0.0,0
17108676.pdf,3515274431,Conduit Tech,Customer Success Manager,2,10,5,12,0.1667,0,0,2,0,"Communication, Excel","CRI-O, iOS SDK, Work Ethic, Ownership, Automated Testing, Exploratory Testing, Apache Solr, Reverse Engineering, Integration Testing, Amazon Neptune",0.3769,0.0,0.037,0.0,1
10219099.pdf,3609090859,Mi Familia Vota,Field Director,2,15,5,17,0.1176,3,0,0,0,"Problem Solving, Communication","CRI-O, Conflict Resolution, Excel, Work Ethic, GitHub Actions, iOS SDK, Cultural Awareness, Attention to Detail, Automated Testing, Apache Solr, Google Sheets, Accountability, Leadership, C, Amazon Neptune",0.1865,0.0,0.0244,0.0,1
19612167.pdf,2934066464,Dynamic SRG,Fundraising Associate,1,5,4,6,0.1667,0,0,1,0,Communication,"iOS SDK, Work Ethic, Automated Testing, Prioritization, Apache Solr",0.3754,0.0,0.0077,0.0,1
15139979.pdf,3196627399,Bellevue Downtown Association,Marketing & Communications – Content Writer Internship,3,10,9,13,0.2308,0,0,4,0,"Problem Solving, Leadership, Time Management","iOS SDK, Communication, Work Ethic, Attention to Detail, Apache Solr, HTML, Reverse Engineering, Teamwork, Collaboration, Amazon Neptune",0.4157,0.0,0.0068,0.0,1
19396040.pdf,3045980831,Armstrong Builders LLC,Project Engineer,0,4,8,4,0.0,0,0,0,0,,"Automated Testing, Communication, Mobile Security, Attention to Detail",0.3004,0.0,0.0078,28.0,0
12748557.pdf,95428182,CLEVELAND KIDS BOOK BANK,Administrative Coordinator,1,11,5,12,0.0833,0,0,1,0,Collaboration,"iOS SDK, Communication, Work Ethic, Attention to Detail, Automated Testing, Make, Apache Solr, Azure Monitor, Time Management, Creativity, Amazon Neptune",0.3382,0.0,0.0142,8.0,0
13264796.pdf,2934066464,Dynamic SRG,Fundraising Associate,1,5,11,6,0.1667,0,0,1,0,Communication,"iOS SDK, Work Ethic, Automated Testing, Prioritization, Apache Solr",0.3754,0.0,0.0077,0.0,1
17488801.pdf,3075721793,ASA Architects,Architect/Project Manager,1,5,4,6,0.1667,0,1,0,0,Communication,"iOS SDK, Automated Testing, Azure Synapse Analytics, Amazon Neptune, Apache Solr",0.3532,0.2,0.0147,28.0,1
21038022.pdf,368586246,STL Fertility,Embryologist,0,5,12,5,0.0,0,0,0,0,,"CompTIA A+, Excel, Automated Testing, Integration Testing, Apache Solr",0.3004,0.0,0.0078,0.0,0
25425322.pdf,3184403524,San José Clinic,Events & Communications Assistant,0,14,2,14,0.0,0,0,3,0,,"iOS SDK, Communication, Creativity, Excel, Go, Automated Testing, Amazon Neptune, D, Schema Registry, Time Management, Quality Assurance, Pull Requests, C, Apache Solr",0.3325,0.0,0.007,0.0,0
19553067.pdf,2457183642,Galerie Candy and Gifts,Quality Assurance Manager,1,10,3,11,0.0909,0,0,1,0,Excel,"iOS SDK, Communication, Make, Apache Solr, Mobile Security, Time Management, Quality Assurance, Qt Creator, Decision Making, Amazon Neptune",0.3413,0.0,0.0072,28.0,0
17108676.pdf,3533320307,NLB Services,Java architect / Lead Java developer,0,5,5,5,0.0,0,0,0,0,,"Automated Testing, REST API, React, TypeScript, Java",0.3004,0.0,0.0078,80.0,0
25608963.pdf,103254301,Raw Cereal,Producer,0,4,9,4,0.0,0,0,0,0,,"Reverse Engineering, iOS SDK, Apache Ignite, Work Ethic",0.3004,0.0,0.0079,0.0,0
17108676.pdf,2914254129,Eastern Indiana Works,Director of Operations,2,7,5,9,0.2222,2,0,3,0,"Communication, Time Management","iOS SDK, Facilitation, Apache Solr, Problem Solving, D, Move, Amazon Neptune",0.2678,0.0,0.0224,0.0,1
12472574.pdf,3379554375,Nebraska Public Media,Finishing Editor,4,4,21,8,0.5,0,3,0,2,"Automated Testing, Problem Solving, Composer, Make","CRI-O, iOS SDK, Apache Solr, Privileged Access Management",0.3023,0.0,0.0455,0.0,0
18753367.pdf,2934066464,Dynamic SRG,Fundraising Associate,1,5,6,6,0.1667,0,0,0,0,Communication,"iOS SDK, Work Ethic, Automated Testing, Prioritization, Apache Solr",0.3508,0.0,0.0155,0.0,1
20882041.pdf,3383214611,Crisp,Account Executive - Mid-Market,2,11,5,13,0.1538,0,0,3,0,"Communication, Excel","iOS SDK, Work Ethic, Make, Automated Testing, Apache Solr, Salesforce, Reverse Engineering, Integration Testing, D, Teamwork, Amazon Neptune",0.3819,0.0,0.0219,0.0,1
25919149.pdf,3211657373,AB Underground,Heavy Equipment Operator,1,6,6,7,0.1429,0,0,0,0,Make,"iOS SDK, Work Ethic, Apache Solr, Move, Room, Amazon Neptune",0.3437,0.0,0.0159,0.0,1
21298336.pdf,3177010992,ABC Farigua Division,Customer Service Representative,0,6,3,6,0.0,0,0,0,0,,"iOS SDK, Work Ethic, Responsive Design, Reverse Engineering, Mobile Security, Amazon Neptune",0.3009,0.0,0.0175,8.0,0
18753367.pdf,3431736996,Marquee Event Rentals,Client Service Representative,0,8,6,8,0.0,0,0,0,0,,"iOS SDK, Azure Resource Manager, Attention to Detail, Automated Testing, Apache Solr, Integration Testing, Room, Amazon Neptune",0.3004,0.0,0.0073,8.0,0
21298336.pdf,3383214611,Crisp,Account Executive - Mid-Market,1,12,3,13,0.0769,0,0,0,0,Excel,"iOS SDK, Communication, Work Ethic, Make, Automated Testing, Apache Solr, Salesforce, Reverse Engineering, Integration Testing, D, Teamwork, Amazon Neptune",0.3247,0.0,0.0323,0.0,0
15858254.pdf,3592392532,Lorenz Motors,Drone-Car Engineer,1,5,5,6,0.1667,0,0,0,0,Communication,"iOS SDK, Work Ethic, Automated Testing, Collaboration, Apache Solr",0.3514,0.0,0.0286,20.0,1
14049846.pdf,3184403524,San José Clinic,Events & Communications Assistant,2,12,4,14,0.1429,0,0,4,0,"Quality Assurance, Creativity","iOS SDK, Communication, Excel, Automated Testing, Apache Solr, D, Schema Registry, Time Management, C, Pull Requests, Go, Amazon Neptune",0.3864,0.0,0.0142,0.0,1
14049846.pdf,1143359956,,National Sales Manager,1,7,4,8,0.125,0,0,1,0,Make,"iOS SDK, Communication, Work Ethic, Apache Solr, Integration Testing, Room, Amazon Neptune",0.3566,0.0,0.0074,0.0,1
21298336.pdf,3478651125,Axalume,Photonics Layout Intern,0,8,3,8,0.0,0,0,0,0,,"iOS SDK, Communication, Work Ethic, Make, Python, Informatica PowerCenter, C#, Apache Solr",0.3509,0.25,0.0179,8.0,0
18753367.pdf,3184403524,San José Clinic,Events & Communications Assistant,3,11,6,14,0.2143,0,0,3,0,"Quality Assurance, Communication, C","iOS SDK, Excel, Creativity, Automated Testing, Apache Solr, D, Schema Registry, Time Management, Pull Requests, Go, Amazon Neptune",0.3979,0.0,0.0288,0.0,1
19396040.pdf,95428182,CLEVELAND KIDS BOOK BANK,Administrative Coordinator,1,11,8,12,0.0833,0,0,1,0,Make,"iOS SDK, Communication, Work Ethic, Attention to Detail, Automated Testing, Apache Solr, Azure Monitor, Time Management, Collaboration, Creativity, Amazon Neptune",0.3379,0.0,0.007,8.0,0
15139979.pdf,2914254129,Eastern Indiana Works,Director of Operations,2,7,9,9,0.2222,0,0,4,0,"Problem Solving, Time Management","iOS SDK, Facilitation, Communication, Apache Solr, D, Move, Amazon Neptune",0.4333,0.0,0.0,0.0,1
17043822.pdf,3547664337,Polyram Plastic Industries Ltd,Brand Representative,2,5,11,7,0.2857,0,0,1,0,"Excel, Negotiation","iOS SDK, Extreme Programming, Amazon Neptune, Collaboration, Apache Solr",0.4075,0.0,0.0076,0.0,1
15941675.pdf,3586242087,,Director of Sales,2,6,5,8,0.25,0,0,1,0,"Communication, D","iOS SDK, Strategic Thinking, Automated Testing, Negotiation, Leadership, Apache Solr",0.3949,0.0,0.0227,0.0,1
28078163.pdf,1143359956,,National Sales Manager,1,7,14,8,0.125,0,0,0,0,Communication,"iOS SDK, Work Ethic, Make, Apache Solr, Integration Testing, Room, Amazon Neptune",0.3779,0.2,0.0074,0.0,1
10624813.pdf,3177010992,ABC Farigua Division,Customer Service Representative,1,5,23,6,0.1667,0,0,1,0,Reverse Engineering,"iOS SDK, Work Ethic, Responsive Design, Mobile Security, Amazon Neptune",0.3765,0.0,0.0308,8.0,1
23497307.pdf,3515274431,Conduit Tech,Customer Success Manager,2,10,6,12,0.1667,0,0,0,0,"Communication, Excel","CRI-O, iOS SDK, Work Ethic, Ownership, Automated Testing, Exploratory Testing, Apache Solr, Reverse Engineering, Integration Testing, Amazon Neptune",0.3915,0.2,0.0294,0.0,1
28320387.pdf,3480552482,Women choice,Summer Intern for Women International Company,3,4,5,7,0.4286,0,0,3,0,"Communication, Leadership, Make","Apache Solr, iOS SDK, C, Amazon Neptune",0.534,0.2,0.0229,0.0,1
16911115.pdf,2748500131,"City of Germantown, TN",Director of Public Works,0,7,7,7,0.0,0,0,0,0,,"iOS SDK, Work Ethic, Automated Testing, Apache Solr, Negotiation, Accountability, Amazon Neptune",0.3,0.0,0.0,0.0,0
19553067.pdf,1168783207,,Reps manager,0,6,3,6,0.0,0,0,0,0,,"iOS SDK, Work Ethic, GitHub Actions, Reverse Engineering, Spring Framework, Computer Vision",0.3004,0.0,0.0076,8.0,0
21038022.pdf,1573178251,,Social Media Coordinator,0,5,12,5,0.0,0,0,0,0,,"Work Ethic, Automated Testing, Reverse Engineering, Computer Vision, Apache Solr",0.3008,0.0,0.0154,0.0,0
25797445.pdf,3383214611,Crisp,Account Executive - Mid-Market,2,11,2,13,0.1538,0,0,1,0,"Communication, Excel","iOS SDK, Work Ethic, Make, Automated Testing, Salesforce, Amazon Neptune, Reverse Engineering, Integration Testing, D, Teamwork, Apache Solr",0.3592,0.0,0.0294,0.0,1
25919149.pdf,121605673,,Licensed Acupuncturist,1,7,6,8,0.125,0,0,0,0,D,"iOS SDK, Communication, Work Ethic, Apache Solr, Reverse Engineering, Time Management, Amazon Neptune",0.3383,0.0,0.0154,0.0,1
28630325.pdf,2372177891,iWealth,Client Service Associate,0,5,12,5,0.0,0,0,0,0,,"CRI-O, Automated Testing, Integration Testing, Room, Apache Solr",0.3008,0.0,0.0156,0.0,0
13149176.pdf,266566927,Revesco Properties,Marketing & Office Coordinator,0,10,7,10,0.0,0,0,0,0,,"CRI-O, HubSpot, Excel, iOS SDK, Automated Testing, Ownership, Apache Solr, Apache Druid, Adaptability, Amazon Neptune",0.3011,0.0,0.0221,0.0,0
21847415.pdf,3184403524,San José Clinic,Events & Communications Assistant,3,11,6,14,0.2143,0,0,3,0,"Communication, Excel, D","iOS SDK, Creativity, Automated Testing, Apache Solr, Schema Registry, Time Management, Quality Assurance, C, Pull Requests, Go, Amazon Neptune",0.3975,0.0,0.0214,0.0,1
19397727.pdf,974774701,Kate Meadows Writing and Editing,Blog writer and virtual assistant,1,4,5,5,0.2,0,0,0,0,Communication,"iOS SDK, Black, Coaching, Time Management",0.3606,0.0,0.0114,0.0,0
17103000.pdf,3551631423,Miracles for Kids,Community Program Assistant,1,8,4,9,0.1111,0,0,1,0,Communication,"iOS SDK, Excel, Work Ethic, Cultural Awareness, Automated Testing, Teamwork, Move, Apache Solr",0.3504,0.0,0.0074,0.0,1
25608963.pdf,2147609712,The Job Network,Med-RN ER,0,8,9,8,0.0,0,0,0,0,,"iOS SDK, Work Ethic, Cultural Awareness, Automated Testing, Critical Thinking, React Native, Azure Monitor, Amazon Neptune",0.3,0.0,0.0,16.0,0
16803215.pdf,3520238337,Grant Writing Solutions,Grants Writer - Subcontract,2,3,9,5,0.4,0,0,0,0,"Communication, Attention to Detail","iOS SDK, Mentoring, Apache Solr",0.4221,0.0,0.0429,0.0,1
25797445.pdf,2457183642,Galerie Candy and Gifts,Quality Assurance Manager,2,9,2,11,0.1818,0,0,0,0,"Communication, Excel","iOS SDK, Make, Apache Solr, Mobile Security, Time Management, Quality Assurance, Qt Creator, Decision Making, Amazon Neptune",0.3553,0.0,0.0146,28.0,0
15941675.pdf,2147609789,Revature,Entry Level Oracle Financial Technology Consultant,1,4,5,5,0.2,0,0,0,0,Communication,"Apache Solr, iOS SDK, Work Ethic, Amazon Neptune",0.3611,0.0,0.0226,28.0,1
25797445.pdf,3196627399,Bellevue Downtown Association,Marketing & Communications – Content Writer Internship,1,12,2,13,0.0769,0,0,0,0,Communication,"iOS SDK, Work Ethic, Attention to Detail, Problem Solving, HTML, Amazon Neptune, Reverse Engineering, Time Management, Teamwork, Leadership, Collaboration, Apache Solr",0.3241,0.0,0.0208,0.0,0
25919149.pdf,445337908,Food Bank of Alaska,Chief Operating Officer,2,5,6,7,0.2857,0,0,0,0,"D, Make","iOS SDK, Automated Testing, Apache Druid, Leadership, Amazon Neptune",0.3865,0.0,0.0159,0.0,1
21038022.pdf,3245063922,Saxon AI,Data Architect,1,4,12,5,0.2,0,0,0,0,SQL,"Apache Spark, Amazon Web Services, Cultural Awareness, Python",0.36,0.0,0.0,64.0,0
28005884.pdf,103254301,Raw Cereal,Producer,0,4,1,4,0.0,0,0,0,0,,"Reverse Engineering, iOS SDK, Apache Ignite, Work Ethic",0.3004,0.0,0.0079,0.0,0
13264796.pdf,2558399667,"I.T. Solutions, Inc.","Validation Engineer, Labware LIMS",2,7,11,9,0.2222,5,0,2,0,"Quality Assurance, Communication","iOS SDK, Technical Writing, Exploratory Testing, Branching Strategy, Assembly Language, Draw.io, Apache Solr",0.3257,0.0,0.0141,20.0,0
28831378.pdf,3177010992,ABC Farigua Division,Customer Service Representative,1,5,2,6,0.1667,0,0,0,0,Work Ethic,"iOS SDK, Responsive Design, Reverse Engineering, Mobile Security, Amazon Neptune",0.3511,0.0,0.0229,8.0,1
27152464.pdf,1168783207,,Reps manager,0,6,37,6,0.0,0,0,0,2,,"iOS SDK, Work Ethic, GitHub Actions, Reverse Engineering, Spring Framework, Computer Vision",0.3674,0.3333,0.0153,8.0,0
27756469.pdf,3177010992,ABC Farigua Division,Customer Service Representative,0,6,10,6,0.0,0,0,0,0,,"iOS SDK, Work Ethic, Responsive Design, Reverse Engineering, Mobile Security, Amazon Neptune",0.3008,0.0,0.0152,8.0,0
27756469.pdf,2147609835,The Job Network,Trade Review Principal,1,8,10,9,0.1111,0,0,1,0,Ownership,"iOS SDK, Work Ethic, Make, Automated Testing, Apache Solr, Reverse Engineering, Vector Embeddings, Amazon Neptune",0.3504,0.0,0.0073,0.0,1
17103000.pdf,2147609835,The Job Network,Trade Review Principal,0,9,4,9,0.0,0,0,0,0,,"iOS SDK, Work Ethic, Make, Ownership, Automated Testing, Apache Solr, Reverse Engineering, Vector Embeddings, Amazon Neptune",0.3004,0.0,0.0073,0.0,0
25797445.pdf,3379554375,Nebraska Public Media,Finishing Editor,0,8,2,8,0.0,0,0,0,0,,"CRI-O, iOS SDK, Privileged Access Management, Automated Testing, Make, Problem Solving, Composer, Apache Solr",0.3007,0.0,0.0147,0.0,0
19396040.pdf,3219089287,,Recruitment Manager,0,3,8,3,0.0,0,0,0,0,,"Automated Testing, Leadership, Apache Solr",0.3,0.0,0.0,0.0,0
28923650.pdf,3478651125,Axalume,Photonics Layout Intern,0,8,6,8,0.0,0,0,0,0,,"iOS SDK, Communication, Work Ethic, Make, Python, Informatica PowerCenter, C#, Apache Solr",0.3404,0.2,0.0076,8.0,0
14206561.pdf,3547664337,Polyram Plastic Industries Ltd,Brand Representative,1,6,1,7,0.1429,0,0,0,1,Excel,"iOS SDK, Apache Solr, Extreme Programming, Negotiation, Collaboration, Amazon Neptune",0.3433,0.0,0.0092,0.0,1
22605864.pdf,3515274431,Conduit Tech,Customer Success Manager,1,11,6,12,0.0833,0,0,0,0,Excel,"CRI-O, iOS SDK, Communication, Work Ethic, Automated Testing, Ownership, Exploratory Testing, Apache Solr, Reverse Engineering, Integration Testing, Amazon Neptune",0.3265,0.0,0.0294,0.0,0
16911115.pdf,3582587683,McNaughton Bros. Inc.,Accounts Analyst,1,5,7,6,0.1667,0,0,1,0,Communication,"iOS SDK, Work Ethic, Automated Testing, Amazon Neptune, Apache Solr",0.3754,0.0,0.0075,20.0,1
19124258.pdf,266566927,Revesco Properties,Marketing & Office Coordinator,1,9,2,10,0.1,0,0,0,0,Excel,"CRI-O, HubSpot, iOS SDK, Ownership, Automated Testing, Apache Solr, Apache Druid, Adaptability, Amazon Neptune",0.3307,0.0,0.0146,0.0,0
12011623.pdf,3383214611,Crisp,Account Executive - Mid-Market,0,13,12,13,0.0,0,0,1,0,,"iOS SDK, Communication, Work Ethic, Excel, Make, Automated Testing, Apache Solr, Salesforce, Reverse Engineering, Integration Testing, D, Teamwork, Amazon Neptune",0.3119,0.0,0.0072,0.0,0
28078163.pdf,3610591138,Mountain View Eye Center,Ophthalmic Technician,1,8,14,9,0.1111,0,0,1,0,Communication,"CRI-O, iOS SDK, Work Ethic, D, Model Deployment, Leadership, Coaching, Amazon Neptune",0.3504,0.0,0.0076,0.0,1
25425322.pdf,3515274431,Conduit Tech,Customer Success Manager,0,12,2,12,0.0,0,0,0,0,,"CRI-O, iOS SDK, Communication, Excel, Work Ethic, Automated Testing, Ownership, Exploratory Testing, Amazon Neptune, Reverse Engineering, Integration Testing, Apache Solr",0.3507,0.25,0.0145,0.0,0
20566550.pdf,3245063922,Saxon AI,Data Architect,2,3,11,5,0.4,0,0,0,1,"Python, SQL","Apache Spark, Amazon Web Services, Cultural Awareness",0.4212,0.0,0.0234,64.0,1
27152464.pdf,3480552482,Women choice,Summer Intern for Women International Company,3,4,37,7,0.4286,0,0,4,2,"Communication, Leadership, Make","Apache Solr, iOS SDK, C, Amazon Neptune",0.5147,0.0,0.0075,0.0,1
24647794.pdf,3480552482,Women choice,Summer Intern for Women International Company,3,4,9,7,0.4286,0,0,3,0,"Communication, Leadership, C","Apache Solr, iOS SDK, Amazon Neptune, Make",0.5344,0.2,0.0308,0.0,1
21847415.pdf,2457183642,Galerie Candy and Gifts,Quality Assurance Manager,3,8,6,11,0.2727,0,0,1,0,"Communication, Excel, Make","iOS SDK, Apache Solr, Mobile Security, Time Management, Quality Assurance, Qt Creator, Decision Making, Amazon Neptune",0.3962,0.0,0.0146,28.0,1
17103000.pdf,3177010992,ABC Farigua Division,Customer Service Representative,0,6,4,6,0.0,0,0,0,0,,"iOS SDK, Work Ethic, Responsive Design, Reverse Engineering, Mobile Security, Amazon Neptune",0.3008,0.0,0.0152,8.0,0
15941675.pdf,2954591060,Naked Wardrobe,Social Media Coordinator,1,3,5,4,0.25,0,0,0,0,Communication,"iOS SDK, Fluent Bit, Collaboration",0.3762,0.0,0.0234,0.0,1
23497307.pdf,2796728000,"Thorpe Design, Inc.",Fire Sprinkler Designer,2,5,6,7,0.2857,0,0,0,0,"Communication, Attention to Detail","iOS SDK, Work Ethic, Cultural Awareness, Amazon Neptune, Apache Solr",0.3869,0.0,0.0227,0.0,1
27152464.pdf,3045980831,Armstrong Builders LLC,Project Engineer,1,3,37,4,0.25,0,0,1,2,Communication,"Automated Testing, Mobile Security, Attention to Detail",0.4129,0.0,0.0078,28.0,1
22605864.pdf,2457183642,Galerie Candy and Gifts,Quality Assurance Manager,1,10,6,11,0.0909,0,0,0,0,Excel,"iOS SDK, Communication, Make, Apache Solr, Mobile Security, Time Management, Quality Assurance, Qt Creator, Decision Making, Amazon Neptune",0.3284,0.0,0.0221,28.0,0
28831378.pdf,2954591060,Naked Wardrobe,Social Media Coordinator,0,4,2,4,0.0,0,0,0,0,,"iOS SDK, Communication, Fluent Bit, Collaboration",0.3008,0.0,0.0155,0.0,0
17043822.pdf,1573178251,,Social Media Coordinator,0,5,11,5,0.0,0,0,0,0,,"Work Ethic, Automated Testing, Reverse Engineering, Computer Vision, Apache Solr",0.3,0.0,0.0,0.0,0
15941675.pdf,3547664337,Polyram Plastic Industries Ltd,Brand Representative,0,7,5,7,0.0,0,0,0,0,,"iOS SDK, Excel, Apache Solr, Extreme Programming, Negotiation, Collaboration, Amazon Neptune",0.3,0.0,0.0,0.0,0
21629057.pdf,2269442456,navXcom,Computer Scientist,0,3,7,3,0.0,0,0,1,0,,"Communication, Work Ethic, Amazon Neptune",0.35,0.0,0.0,20.0,0
15941675.pdf,3040487795,Lead Lab,Digital Marketing Intern,1,10,5,11,0.0909,0,0,0,0,Communication,"iOS SDK, Work Ethic, Slack, Automated Testing, Ownership, Spring Cloud, Apache Solr, Reverse Engineering, Apache Druid, Amazon Neptune",0.328,0.0,0.0145,16.0,0
15601399.pdf,3520238337,Grant Writing Solutions,Grants Writer - Subcontract,1,4,1,5,0.2,0,0,0,0,Communication,"Apache Solr, iOS SDK, Mentoring, Attention to Detail",0.3604,0.0,0.0077,0.0,0
25797445.pdf,56924323,,Structural Engineer,1,4,2,5,0.2,0,0,0,0,Excel,"Automated Testing, iOS SDK, Retrofit, Amazon Neptune",0.3608,0.0,0.0156,20.0,1
28631840.pdf,3075721793,ASA Architects,Architect/Project Manager,0,6,2,6,0.0,0,0,0,0,,"iOS SDK, Communication, Automated Testing, Apache Solr, Azure Synapse Analytics, Amazon Neptune",0.3019,0.0,0.0385,28.0,0
17926546.pdf,3551631423,Miracles for Kids,Community Program Assistant,1,8,9,9,0.1111,0,0,1,0,Excel,"iOS SDK, Communication, Work Ethic, Cultural Awareness, Automated Testing, Teamwork, Move, Apache Solr",0.3507,0.0,0.0149,0.0,1
18753367.pdf,1143359956,,National Sales Manager,2,6,6,8,0.25,0,0,0,0,"Communication, Make","iOS SDK, Work Ethic, Apache Solr, Integration Testing, Room, Amazon Neptune",0.4091,0.1667,0.0148,0.0,1
19397727.pdf,3480552482,Women choice,Summer Intern for Women International Company,1,6,5,7,0.1429,0,0,0,0,Communication,"iOS SDK, Make, Apache Solr, Leadership, C, Amazon Neptune",0.3434,0.0,0.011,0.0,0
21847415.pdf,445337908,Food Bank of Alaska,Chief Operating Officer,2,5,6,7,0.2857,0,0,2,0,"D, Make","iOS SDK, Automated Testing, Apache Druid, Leadership, Amazon Neptune",0.4286,0.0,0.0,0.0,1
15139979.pdf,3626110567,Mestek Machinery,Mechanical Design Engineer,0,9,9,9,0.0,0,0,2,0,,"iOS SDK, Communication, Excel, Branching Strategy, Mobile Security, D, Vault, Move, Apache Solr",0.3333,0.0,0.0,28.0,0
25797445.pdf,3297645846,"Navajo Transitional Energy Company, LLC",Contract Administrator,2,7,2,9,0.2222,2,0,0,0,"Communication, Excel","Power BI, iOS SDK, Attention to Detail, Automated Testing, Apache Solr, Move, Amazon Neptune",0.2181,0.0,0.0296,0.0,1
26456899.pdf,3540371917,KeyBank,Enterprise Data & Analytics Infrastructure Manager,0,0,10,0,0.0,0,0,0,0,,,0.3,0.0,0.0,60.0,0
23497307.pdf,2147609835,The Job Network,Trade Review Principal,0,9,6,9,0.0,0,0,0,0,,"iOS SDK, Work Ethic, Make, Ownership, Automated Testing, Apache Solr, Reverse Engineering, Vector Embeddings, Amazon Neptune",0.3004,0.0,0.0073,0.0,0
24322804.pdf,3245063922,Saxon AI,Data Architect,0,5,7,5,0.0,0,0,0,0,,"Cultural Awareness, Amazon Web Services, Apache Spark, Python, SQL",0.3,0.0,0.0,64.0,0
20981299.pdf,3480552482,Women choice,Summer Intern for Women International Company,1,6,4,7,0.1429,0,0,1,0,C,"iOS SDK, Communication, Make, Apache Solr, Leadership, Amazon Neptune",0.3647,0.0,0.0075,0.0,1
11981094.pdf,175485704,GOYT,Software Engineer,2,9,14,11,0.1818,0,0,3,0,"Communication, JavaScript","iOS SDK, MySQL, Work Ethic, Apache Solr, HTML, PHP, CSS, Collaboration, Amazon Neptune",0.4462,0.25,0.0149,64.0,1
28078163.pdf,3578562287,Beat the Streets - Baltimore,Swahili Instructor,1,5,14,6,0.1667,0,0,0,0,Communication,"iOS SDK, Work Ethic, Automated Testing, Apache Ignite, Amazon Neptune",0.3504,0.0,0.0075,0.0,0
25608963.pdf,368586246,STL Fertility,Embryologist,1,4,9,5,0.2,0,0,1,0,Excel,"Automated Testing, CompTIA A+, Integration Testing, Apache Solr",0.3904,0.0,0.0078,0.0,1
12022566.pdf,3610596223,,Commercial Auto Underwriter Assistant,1,8,3,9,0.1111,0,0,1,0,C,"iOS SDK, Communication, Work Ethic, Excel, Make, Apache Solr, Teamwork, Amazon Neptune",0.3509,0.0,0.0175,0.0,1
28831378.pdf,3582587683,McNaughton Bros. Inc.,Accounts Analyst,1,5,2,6,0.1667,0,0,0,0,Work Ethic,"iOS SDK, Communication, Automated Testing, Amazon Neptune, Apache Solr",0.3511,0.0,0.0229,20.0,1
21298336.pdf,3127577086,Avero Diagnostics,Histologist - HT,3,21,3,24,0.125,1,0,0,0,"Quality Assurance, Excel, Leadership","iOS SDK, Facilitation, Communication, Windows, Negotiation, Apache Pinot, Mobile Security, Visual Studio, Time Management, Qt Creator, Apache Solr, Conflict Resolution, Work Ethic, Attention to Detail, Automated Testing, Problem Solving, HTML, Integration Testing, Collaboration, Room, Amazon Neptune",0.1907,0.0,0.0649,8.0,1
25608963.pdf,1573178251,,Social Media Coordinator,0,5,9,5,0.0,0,0,0,0,,"Work Ethic, Automated Testing, Reverse Engineering, Computer Vision, Apache Solr",0.3004,0.0,0.0076,0.0,0
17488801.pdf,3466187886,Landscape Management Group,Owner,1,8,4,9,0.1111,0,0,0,0,Communication,"iOS SDK, Work Ethic, Automated Testing, Key Management, Integration Testing, Collaboration, Creativity, Amazon Neptune",0.3337,0.0,0.0075,0.0,0
25608963.pdf,3308438674,Consulate General of Israel to New England,Director of Communications and Digital Diplomacy,1,7,9,8,0.125,0,0,0,0,Communication,"iOS SDK, Multi-Factor Authentication, Time Management, Pull Requests, Computer Vision, Creativity, Apache Solr",0.3379,0.0,0.0072,0.0,0
20882041.pdf,3184403524,San José Clinic,Events & Communications Assistant,2,12,5,14,0.1429,0,0,5,0,"Communication, Excel","iOS SDK, Creativity, Automated Testing, Apache Solr, D, Schema Registry, Time Management, Quality Assurance, C, Pull Requests, Go, Amazon Neptune",0.3971,0.0,0.0142,0.0,1
25425322.pdf,3586242087,,Director of Sales,1,7,2,8,0.125,0,0,1,0,Leadership,"iOS SDK, Communication, Strategic Thinking, Automated Testing, Negotiation, D, Apache Solr",0.3574,0.0,0.0227,0.0,1
19397727.pdf,3251984218,SLS Solutions,SAP BTP,0,2,5,2,0.0,0,0,0,0,,"iOS SDK, SQL",0.3,0.0,0.0,8.0,0
28320387.pdf,3592392532,Lorenz Motors,Drone-Car Engineer,1,5,5,6,0.1667,0,0,1,0,Communication,"iOS SDK, Work Ethic, Automated Testing, Collaboration, Apache Solr",0.3758,0.0,0.0153,20.0,1
28505854.pdf,3045980831,Armstrong Builders LLC,Project Engineer,0,4,21,4,0.0,0,0,0,1,,"Automated Testing, Communication, Mobile Security, Attention to Detail",0.3004,0.0,0.0078,28.0,0
21038022.pdf,56924323,,Structural Engineer,0,5,12,5,0.0,0,0,0,0,,"iOS SDK, Excel, Automated Testing, Retrofit, Amazon Neptune",0.3,0.0,0.0,20.0,0
23497307.pdf,3478651125,Axalume,Photonics Layout Intern,1,7,6,8,0.125,0,0,0,0,Communication,"iOS SDK, Work Ethic, Make, Python, Informatica PowerCenter, C#, Apache Solr",0.3379,0.0,0.0076,8.0,0
25797445.pdf,3592392532,Lorenz Motors,Drone-Car Engineer,1,5,2,6,0.1667,0,0,0,0,Communication,"iOS SDK, Work Ethic, Automated Testing, Collaboration, Apache Solr",0.3512,0.0,0.0231,20.0,1
12022566.pdf,266825034,Recruitment Design,Software Support Specialist,0,7,3,7,0.0,0,0,1,0,,"iOS SDK, Communication, JavaScript, Make, Automated Testing, D, PHP",0.3223,0.0,0.0182,36.0,0
16911115.pdf,3018278978,Aston Carter,Seasonal Office Administrator,0,5,7,5,0.0,0,0,0,0,,"iOS SDK, Work Ethic, Automated Testing, Amazon Neptune, Apache Solr",0.3004,0.0,0.0076,0.0,0
21038022.pdf,95428182,CLEVELAND KIDS BOOK BANK,Administrative Coordinator,2,10,12,12,0.1667,0,0,0,0,"Communication, Creativity","iOS SDK, Work Ethic, Make, Automated Testing, Attention to Detail, Apache Solr, Azure Monitor, Time Management, Collaboration, Amazon Neptune",0.3511,0.0,0.0214,8.0,1
18753367.pdf,103254301,Raw Cereal,Producer,0,4,6,4,0.0,0,0,0,0,,"Reverse Engineering, iOS SDK, Apache Ignite, Work Ethic",0.3004,0.0,0.0079,0.0,0
15858254.pdf,2954591060,Naked Wardrobe,Social Media Coordinator,1,3,5,4,0.25,0,0,0,0,Communication,"iOS SDK, Fluent Bit, Collaboration",0.3765,0.0,0.0294,0.0,1
25608963.pdf,3578562287,Beat the Streets - Baltimore,Swahili Instructor,1,5,9,6,0.1667,0,0,0,0,Communication,"iOS SDK, Work Ethic, Automated Testing, Apache Ignite, Amazon Neptune",0.3504,0.0,0.0075,0.0,0
15139979.pdf,445337908,Food Bank of Alaska,Chief Operating Officer,2,5,9,7,0.2857,0,0,3,0,"Leadership, Make","iOS SDK, Automated Testing, D, Apache Druid, Amazon Neptune",0.4504,0.0,0.0076,0.0,1
16803215.pdf,2372177891,iWealth,Client Service Associate,0,5,9,5,0.0,0,0,0,0,,"CRI-O, Automated Testing, Integration Testing, Room, Apache Solr",0.3,0.0,0.0,0.0,0
15139979.pdf,112576855,,Building Engineer,2,9,9,11,0.1818,0,0,3,0,"Leadership, Time Management","CRI-O, iOS SDK, Communication, Work Ethic, Azure Resource Manager, Cultural Awareness, Cross-Functional Collaboration, Apache Solr, Amazon Neptune",0.3958,0.0,0.007,28.0,1
28078163.pdf,3478651125,Axalume,Photonics Layout Intern,1,7,14,8,0.125,0,0,1,0,Communication,"iOS SDK, Work Ethic, Make, Python, Informatica PowerCenter, C#, Apache Solr",0.3566,0.0,0.0076,8.0,1
25919149.pdf,2838336689,Athos Private Wealth,Executive Assistant,0,8,6,8,0.0,0,0,0,0,,"Growth Mindset, Communication, Work Ethic, iOS SDK, Automated Testing, Apache Solr, Apache Druid, Amazon Neptune",0.3007,0.0,0.0147,0.0,0
16911115.pdf,3219089287,,Recruitment Manager,0,3,7,3,0.0,0,0,0,0,,"Automated Testing, Leadership, Apache Solr",0.3,0.0,0.0,0.0,0
25797445.pdf,175485704,GOYT,Software Engineer,1,10,2,11,0.0909,0,0,0,0,Communication,"iOS SDK, MySQL, Work Ethic, JavaScript, Apache Solr, HTML, PHP, CSS, Collaboration, Amazon Neptune",0.3276,0.0,0.0074,64.0,0
17488801.pdf,3540371917,KeyBank,Enterprise Data & Analytics Infrastructure Manager,0,0,4,0,0.0,0,0,0,0,,,0.329,0.1429,0.0081,60.0,0
26456899.pdf,3184403524,San José Clinic,Events & Communications Assistant,3,11,10,14,0.2143,0,0,0,0,"Communication, Excel, C","iOS SDK, Creativity, Automated Testing, Apache Solr, D, Schema Registry, Time Management, Quality Assurance, Pull Requests, Go, Amazon Neptune",0.3667,0.0,0.0488,0.0,1
12488356.pdf,3551631423,Miracles for Kids,Community Program Assistant,0,9,7,9,0.0,0,0,1,1,,"iOS SDK, Communication, Work Ethic, Excel, Cultural Awareness, Automated Testing, Teamwork, Move, Apache Solr",0.35,0.1667,0.0,0.0,0
23234047.pdf,445337908,Food Bank of Alaska,Chief Operating Officer,0,7,3,7,0.0,0,0,1,0,,"iOS SDK, Make, Automated Testing, D, Apache Druid, Leadership, Amazon Neptune",0.3214,0.0,0.0,0.0,0
27152464.pdf,3619548798,"Dexterity, Inc.",Senior Mechanical Engineer,2,8,37,10,0.2,0,0,2,2,"Leadership, Make","iOS SDK, Work Ethic, Technical Writing, Cultural Awareness, Automated Testing, Apache Solr, Reverse Engineering, Amazon Neptune",0.3904,0.0,0.0071,20.0,1
25608963.pdf,3480552482,Women choice,Summer Intern for Women International Company,3,4,9,7,0.4286,0,0,1,0,"Communication, Leadership, C","Apache Solr, iOS SDK, Amazon Neptune, Make",0.4508,0.0,0.0152,0.0,1
21629057.pdf,3184403524,San José Clinic,Events & Communications Assistant,3,11,7,14,0.2143,0,0,3,0,"D, Go, Time Management","iOS SDK, Communication, Excel, Automated Testing, Apache Solr, Schema Registry, C, Quality Assurance, Pull Requests, Creativity, Amazon Neptune",0.3968,0.0,0.007,0.0,1
20981299.pdf,3610596223,,Commercial Auto Underwriter Assistant,1,8,4,9,0.1111,0,0,1,0,C,"iOS SDK, Communication, Work Ethic, Excel, Make, Apache Solr, Teamwork, Amazon Neptune",0.3907,0.2,0.0148,0.0,1
27152464.pdf,56924323,,Structural Engineer,0,5,37,5,0.0,0,0,0,2,,"iOS SDK, Excel, Automated Testing, Retrofit, Amazon Neptune",0.3,0.0,0.0,20.0,0
15941675.pdf,368586246,STL Fertility,Embryologist,0,5,5,5,0.0,0,0,0,0,,"CompTIA A+, Excel, Automated Testing, Integration Testing, Apache Solr",0.3008,0.0,0.0156,0.0,0
27152464.pdf,3578562287,Beat the Streets - Baltimore,Swahili Instructor,1,5,37,6,0.1667,0,0,1,2,Communication,"iOS SDK, Work Ethic, Automated Testing, Apache Ignite, Amazon Neptune",0.3754,0.0,0.0075,0.0,1
27756469.pdf,2234533717,Ideando Inc,Full Stack Engineer,3,23,10,26,0.1154,0,0,1,0,"Problem Solving, Mentoring, Attention to Detail","Apache Ignite, Amazon Web Services, Express.js, Apache Solr, Responsive Design, Make, Product Management, Microsoft Azure, Agile, Collaboration, iOS SDK, Communication, MongoDB, Core Data, Quality Assurance, Work Ethic, JavaScript, Automated Testing, Google Cloud Platform, PostgreSQL, React, Python, TypeScript",0.342,0.0,0.0314,84.0,1
28762662.pdf,2147609835,The Job Network,Trade Review Principal,1,8,18,9,0.1111,0,0,1,0,Make,"iOS SDK, Work Ethic, Ownership, Automated Testing, Apache Solr, Reverse Engineering, Vector Embeddings, Amazon Neptune",0.3504,0.0,0.0073,0.0,1
12011623.pdf,3592392532,Lorenz Motors,Drone-Car Engineer,1,5,12,6,0.1667,0,0,0,0,Collaboration,"iOS SDK, Communication, Work Ethic, Automated Testing, Apache Solr",0.3512,0.0,0.0231,20.0,1
28320387.pdf,133130219,,Software Engineer,0,0,5,0,0.0,0,0,0,0,,,0.3004,0.0,0.0081,40.0,0
23497307.pdf,266825034,Recruitment Design,Software Support Specialist,1,6,6,7,0.1429,0,0,1,0,Communication,"iOS SDK, JavaScript, Make, Automated Testing, D, PHP",0.365,0.0,0.0153,36.0,1
28505854.pdf,133130219,,Software Engineer,0,0,21,0,0.0,0,0,0,1,,,0.3004,0.0,0.0081,40.0,0
20882041.pdf,3260455681,Weyerhaeuser,Operations Specialist,3,13,5,16,0.1875,0,0,3,0,"Communication, Excel, Leadership","Conflict Resolution, iOS SDK, Work Ethic, Sentence Transformers, Make, Apache Solr, Reverse Engineering, Mobile Security, Mentoring, Vector Embeddings, Time Management, Decision Making, Amazon Neptune",0.3861,0.0,0.0345,8.0,1
26834746.pdf,1826257634,The Medicare Coach,Social Security Specialist / Retirement Benefit Advisor (Remote),1,12,4,13,0.0769,0,0,3,0,Communication,"iOS SDK, Excel, Work Ethic, Make, Automated Testing, Apache Solr, Reverse Engineering, Manual Testing, Integration Testing, Teamwork, Go, Amazon Neptune",0.3584,0.0,0.014,28.0,0
15858254.pdf,2934066464,Dynamic SRG,Fundraising Associate,1,5,5,6,0.1667,0,0,0,0,Communication,"iOS SDK, Work Ethic, Automated Testing, Prioritization, Apache Solr",0.3515,0.0,0.0294,0.0,1
26456899.pdf,3211657373,AB Underground,Heavy Equipment Operator,0,7,10,7,0.0,0,0,0,0,,"iOS SDK, Work Ethic, Make, Apache Solr, Move, Room, Amazon Neptune",0.3,0.0,0.0,0.0,0
27152464.pdf,3610596223,,Commercial Auto Underwriter Assistant,2,7,37,9,0.2222,0,0,3,2,"Communication, Make","iOS SDK, Excel, Work Ethic, Apache Solr, Teamwork, C, Amazon Neptune",0.417,0.0,0.0074,0.0,1
19397727.pdf,3075721793,ASA Architects,Architect/Project Manager,1,5,5,6,0.1667,0,0,0,0,Communication,"iOS SDK, Automated Testing, Azure Synapse Analytics, Amazon Neptune, Apache Solr",0.3516,0.0,0.0323,28.0,1
20882041.pdf,445337908,Food Bank of Alaska,Chief Operating Officer,1,6,5,7,0.1429,0,0,2,0,Leadership,"iOS SDK, Make, Automated Testing, D, Apache Druid, Amazon Neptune",0.3861,0.0,0.0076,0.0,1
25608963.pdf,3251984218,SLS Solutions,SAP BTP,0,2,9,2,0.0,0,0,0,0,,"iOS SDK, SQL",0.3,0.0,0.0,8.0,0
19397727.pdf,3537193915,DIGS Vacation Rentals.com,Field Operations Specialist,1,6,5,7,0.1429,0,0,0,0,Communication,"iOS SDK, Work Ethic, Cultural Awareness, Apache Solr, Problem Solving, Amazon Neptune",0.3439,0.0,0.0215,0.0,1
28762662.pdf,3475933396,USLI,Senior Developer,7,14,18,21,0.3333,10,0,8,0,"Communication, Scrum, XML, JavaScript, Make, JSON, C","Angular, iOS SDK, Work Ethic, jQuery, Problem Solving, Automated Testing, HTML, Reverse Engineering, Agile, Accountability, SQL, Leadership, Move, Apache Solr",0.3085,0.0,0.0272,60.0,0
25797445.pdf,2748500131,"City of Germantown, TN",Director of Public Works,0,7,2,7,0.0,0,0,0,0,,"iOS SDK, Work Ethic, Automated Testing, Apache Solr, Negotiation, Accountability, Amazon Neptune",0.3007,0.0,0.0149,0.0,0
25919149.pdf,2826285517,Butler University,"Assistant Director of Admission, Midwest Regional Representative",1,12,6,13,0.0769,0,0,0,0,Make,"iOS SDK, Communication, Work Ethic, Attention to Detail, Automated Testing, Sentence Transformers, Apache Solr, HIPAA Security, Presentation Skills, Teamwork, Leadership, Amazon Neptune",0.3244,0.0,0.0256,8.0,0
12748557.pdf,3610591138,Mountain View Eye Center,Ophthalmic Technician,1,8,5,9,0.1111,0,0,2,0,Leadership,"CRI-O, iOS SDK, Communication, Work Ethic, D, Model Deployment, Coaching, Amazon Neptune",0.367,0.0,0.0076,0.0,1
15941675.pdf,2934066464,Dynamic SRG,Fundraising Associate,1,5,5,6,0.1667,0,0,0,0,Communication,"iOS SDK, Work Ethic, Automated Testing, Prioritization, Apache Solr",0.3504,0.0,0.0077,0.0,0
28320387.pdf,56482768,,Appalachian Highlands Women's Business Center,3,10,5,13,0.2308,2,0,2,0,"Communication, Leadership, Make","iOS SDK, Excel, Work Ethic, Facilitation, Strategic Thinking, Automated Testing, Product Management, Apache Solr, Collaboration, Amazon Neptune",0.243,0.0,0.0139,0.0,1
22605864.pdf,3586242087,,Director of Sales,0,8,6,8,0.0,0,0,1,0,,"iOS SDK, Communication, Strategic Thinking, Automated Testing, Negotiation, D, Leadership, Apache Solr",0.3191,0.0,0.0075,0.0,0
17488801.pdf,3184403524,San José Clinic,Events & Communications Assistant,1,13,4,14,0.0714,0,0,3,0,Communication,"iOS SDK, Excel, Creativity, Automated Testing, Apache Solr, D, Schema Registry, Time Management, Quality Assurance, C, Pull Requests, Go, Amazon Neptune",0.3539,0.0,0.007,0.0,0
26456899.pdf,3537193915,DIGS Vacation Rentals.com,Field Operations Specialist,1,6,10,7,0.1429,0,0,0,0,Communication,"iOS SDK, Work Ethic, Cultural Awareness, Apache Solr, Problem Solving, Amazon Neptune",0.3448,0.0,0.039,0.0,1
11981094.pdf,266825034,Recruitment Design,Software Support Specialist,2,5,14,7,0.2857,0,0,3,0,"Communication, JavaScript","iOS SDK, Make, Automated Testing, D, PHP",0.4904,0.2,0.0076,36.0,1
21847415.pdf,3075721793,ASA Architects,Architect/Project Manager,1,5,6,6,0.1667,0,1,0,0,Communication,"iOS SDK, Automated Testing, Azure Synapse Analytics, Amazon Neptune, Apache Solr",0.3136,0.0,0.0222,28.0,1
21629057.pdf,2457183642,Galerie Candy and Gifts,Quality Assurance Manager,1,10,7,11,0.0909,0,0,1,0,Time Management,"iOS SDK, Communication, Excel, Make, Apache Solr, Mobile Security, Quality Assurance, Qt Creator, Decision Making, Amazon Neptune",0.3409,0.0,0.0,28.0,0
24647794.pdf,368586246,STL Fertility,Embryologist,0,5,9,5,0.0,0,0,0,0,,"CompTIA A+, Excel, Automated Testing, Integration Testing, Apache Solr",0.3008,0.0,0.0156,0.0,0
19612167.pdf,2147609835,The Job Network,Trade Review Principal,0,9,4,9,0.0,0,0,1,0,,"iOS SDK, Work Ethic, Make, Ownership, Automated Testing, Apache Solr, Reverse Engineering, Vector Embeddings, Amazon Neptune",0.317,0.0,0.0073,0.0,0
26456899.pdf,974774701,Kate Meadows Writing and Editing,Blog writer and virtual assistant,1,4,10,5,0.2,0,0,0,0,Communication,"iOS SDK, Black, Coaching, Time Management",0.3607,0.0,0.0137,0.0,0
20566550.pdf,3211657373,AB Underground,Heavy Equipment Operator,0,7,11,7,0.0,0,0,0,1,,"iOS SDK, Work Ethic, Make, Apache Solr, Move, Room, Amazon Neptune",0.3,0.0,0.0,0.0,0
21847415.pdf,3582587683,McNaughton Bros. Inc.,Accounts Analyst,1,5,6,6,0.1667,0,0,0,0,Communication,"iOS SDK, Work Ethic, Automated Testing, Amazon Neptune, Apache Solr",0.3511,0.0,0.0229,20.0,1
28923650.pdf,3177010992,ABC Farigua Division,Customer Service Representative,0,6,6,6,0.0,0,0,0,0,,"iOS SDK, Work Ethic, Responsive Design, Reverse Engineering, Mobile Security, Amazon Neptune",0.3008,0.0,0.0152,8.0,0
17926546.pdf,3533320307,NLB Services,Java architect / Lead Java developer,0,5,9,5,0.0,0,0,0,0,,"Automated Testing, REST API, React, TypeScript, Java",0.3008,0.0,0.0156,80.0,0
28628090.pdf,3626110567,Mestek Machinery,Mechanical Design Engineer,3,6,14,9,0.3333,2,0,3,0,"Communication, Excel, D","iOS SDK, Branching Strategy, Mobile Security, Vault, Move, Apache Solr",0.3904,0.0,0.0074,28.0,1
12518008.pdf,3379554375,Nebraska Public Media,Finishing Editor,0,8,5,8,0.0,0,0,0,0,,"CRI-O, iOS SDK, Privileged Access Management, Automated Testing, Make, Problem Solving, Composer, Apache Solr",0.3007,0.0,0.0147,0.0,0
28320387.pdf,2457183642,Galerie Candy and Gifts,Quality Assurance Manager,2,9,5,11,0.1818,0,0,1,0,"Communication, Make","iOS SDK, Excel, Apache Solr, Mobile Security, Time Management, Quality Assurance, Qt Creator, Decision Making, Amazon Neptune",0.3685,0.0,0.0072,28.0,1
25608963.pdf,2147609929,The Job Network,Production Planner,3,8,9,11,0.2727,2,0,2,0,"Excel, Leadership, C","iOS SDK, Work Ethic, Make, Automated Testing, Apache Solr, IBM Db2, Mobile Security, Amazon Neptune",0.2598,0.0,0.0142,8.0,1
11981094.pdf,3196627399,Bellevue Downtown Association,Marketing & Communications – Content Writer Internship,1,12,14,13,0.0769,0,0,2,0,Communication,"iOS SDK, Work Ethic, Attention to Detail, Apache Solr, Problem Solving, HTML, Reverse Engineering, Time Management, Teamwork, Leadership, Collaboration, Amazon Neptune",0.3476,0.0,0.028,0.0,0
15858254.pdf,3515274431,Conduit Tech,Customer Success Manager,1,11,5,12,0.0833,0,0,0,0,Communication,"CRI-O, iOS SDK, Excel, Work Ethic, Automated Testing, Ownership, Exploratory Testing, Apache Solr, Reverse Engineering, Integration Testing, Amazon Neptune",0.3263,0.0,0.026,0.0,0
15139979.pdf,2457183642,Galerie Candy and Gifts,Quality Assurance Manager,3,8,9,11,0.2727,0,0,4,0,"Quality Assurance, Time Management, Make","iOS SDK, Communication, Excel, Apache Solr, Mobile Security, Qt Creator, Decision Making, Amazon Neptune",0.4367,0.0,0.0072,28.0,1
16911115.pdf,2954591060,Naked Wardrobe,Social Media Coordinator,1,3,7,4,0.25,0,0,1,0,Communication,"iOS SDK, Fluent Bit, Collaboration",0.4129,0.0,0.0077,0.0,1
28505854.pdf,445337908,Food Bank of Alaska,Chief Operating Officer,1,6,21,7,0.1429,0,0,1,1,Leadership,"iOS SDK, Make, Automated Testing, D, Apache Druid, Amazon Neptune",0.3643,0.0,0.0,0.0,1
28831378.pdf,3555161614,Starup Insurance,User Experience Designer,1,5,2,6,0.1667,0,0,0,0,Work Ethic,"iOS SDK, Communication, Design Thinking, User-Centered Design, Collaboration",0.3508,0.0,0.0156,0.0,1
12488356.pdf,3196627399,Bellevue Downtown Association,Marketing & Communications – Content Writer Internship,1,12,7,13,0.0769,0,0,1,1,Leadership,"iOS SDK, Communication, Work Ethic, Attention to Detail, Apache Solr, Problem Solving, HTML, Reverse Engineering, Time Management, Teamwork, Collaboration, Amazon Neptune",0.3353,0.0,0.0138,0.0,0
28320387.pdf,175485704,GOYT,Software Engineer,1,10,5,11,0.0909,0,0,1,0,Communication,"iOS SDK, MySQL, Work Ethic, JavaScript, Apache Solr, HTML, PHP, CSS, Collaboration, Amazon Neptune",0.3413,0.0,0.0074,64.0,0
20566550.pdf,3610596223,,Commercial Auto Underwriter Assistant,2,7,11,9,0.2222,0,1,2,1,"Communication, C","iOS SDK, Excel, Work Ethic, Make, Apache Solr, Teamwork, Amazon Neptune",0.3632,0.0,0.0148,0.0,1
15941675.pdf,3480552482,Women choice,Summer Intern for Women International Company,1,6,5,7,0.1429,0,0,1,0,Communication,"iOS SDK, Make, Apache Solr, Leadership, C, Amazon Neptune",0.3647,0.0,0.0075,0.0,1
18753367.pdf,3533320307,NLB Services,Java architect / Lead Java developer,0,5,6,5,0.0,0,0,0,0,,"Automated Testing, REST API, React, TypeScript, Java",0.3004,0.0,0.0078,80.0,0
23438227.pdf,3260455681,Weyerhaeuser,Operations Specialist,1,15,4,16,0.0625,0,0,1,0,Excel,"Conflict Resolution, iOS SDK, Communication, Work Ethic, Make, Sentence Transformers, Apache Solr, Reverse Engineering, Mobile Security, Mentoring, Vector Embeddings, Time Management, Leadership, Decision Making, Amazon Neptune",0.3291,0.0,0.0204,8.0,0
25919149.pdf,2147609789,Revature,Entry Level Oracle Financial Technology Consultant,0,5,6,5,0.0,0,0,0,0,,"iOS SDK, Communication, Work Ethic, Amazon Neptune, Apache Solr",0.3008,0.0,0.0152,28.0,0
21298336.pdf,2195921577,,Associate Planner,2,11,3,13,0.1538,2,0,0,0,"Excel, Leadership","iOS SDK, Communication, Work Ethic, Strategic Thinking, Automated Testing, Problem Solving, Apache Solr, Mobile Security, Teamwork, Move, Amazon Neptune",0.1977,0.0,0.0308,8.0,1
21038022.pdf,1143359956,,National Sales Manager,1,7,12,8,0.125,0,0,0,0,Communication,"iOS SDK, Work Ethic, Make, Apache Solr, Integration Testing, Room, Amazon Neptune",0.3668,0.1429,0.0148,0.0,1
28505854.pdf,3592392532,Lorenz Motors,Drone-Car Engineer,0,6,21,6,0.0,0,0,0,1,,"iOS SDK, Communication, Work Ethic, Automated Testing, Collaboration, Apache Solr",0.3004,0.0,0.0076,20.0,0
20882041.pdf,3610591138,Mountain View Eye Center,Ophthalmic Technician,2,7,5,9,0.2222,0,0,3,0,"Communication, Leadership","CRI-O, iOS SDK, Work Ethic, D, Model Deployment, Coaching, Amazon Neptune",0.4174,0.0,0.0153,0.0,1
12472574.pdf,3040487795,Lead Lab,Digital Marketing Intern,2,9,21,11,0.1818,0,0,0,2,"Automated Testing, Communication","iOS SDK, Work Ethic, Slack, Ownership, Apache Solr, Spring Cloud, Reverse Engineering, Apache Druid, Amazon Neptune",0.3553,0.0,0.0145,16.0,1
28923650.pdf,3610591138,Mountain View Eye Center,Ophthalmic Technician,1,8,6,9,0.1111,0,0,1,0,D,"CRI-O, iOS SDK, Communication, Work Ethic, Model Deployment, Leadership, Coaching, Amazon Neptune",0.35,0.0,0.0,0.0,1
10624813.pdf,2934066464,Dynamic SRG,Fundraising Associate,0,6,23,6,0.0,0,0,0,0,,"iOS SDK, Communication, Work Ethic, Automated Testing, Prioritization, Apache Solr",0.3,0.0,0.0,0.0,0
15858254.pdf,121605673,,Licensed Acupuncturist,2,6,5,8,0.25,0,0,0,0,"Communication, Time Management","iOS SDK, Work Ethic, Apache Solr, Reverse Engineering, D, Amazon Neptune",0.3786,0.0,0.0725,0.0,1
24322804.pdf,3211657373,AB Underground,Heavy Equipment Operator,1,6,7,7,0.1429,0,0,0,0,Make,"iOS SDK, Work Ethic, Apache Solr, Move, Room, Amazon Neptune",0.3436,0.0,0.0153,0.0,1
10985403.pdf,445337908,Food Bank of Alaska,Chief Operating Officer,0,7,2,7,0.0,0,0,1,0,,"iOS SDK, Make, Automated Testing, D, Apache Druid, Leadership, Amazon Neptune",0.3214,0.0,0.0,0.0,0
10624813.pdf,3184403524,San José Clinic,Events & Communications Assistant,1,13,23,14,0.0714,0,0,3,0,C,"iOS SDK, Communication, Excel, Creativity, Automated Testing, Apache Solr, D, Schema Registry, Time Management, Quality Assurance, Pull Requests, Go, Amazon Neptune",0.3543,0.0,0.0142,0.0,0
25797445.pdf,103254301,Raw Cereal,Producer,0,4,2,4,0.0,0,0,0,0,,"Reverse Engineering, iOS SDK, Apache Ignite, Work Ethic",0.3004,0.0,0.0079,0.0,0
21038022.pdf,445337908,Food Bank of Alaska,Chief Operating Officer,1,6,12,7,0.1429,0,0,2,0,Leadership,"iOS SDK, Make, Automated Testing, D, Apache Druid, Amazon Neptune",0.3857,0.0,0.0,0.0,1
14049846.pdf,1168783207,,Reps manager,0,6,4,6,0.0,0,0,0,0,,"iOS SDK, Work Ethic, GitHub Actions, Reverse Engineering, Spring Framework, Computer Vision",0.3004,0.0,0.0076,8.0,0
13264796.pdf,974774701,Kate Meadows Writing and Editing,Blog writer and virtual assistant,1,4,11,5,0.2,0,0,1,0,Communication,"iOS SDK, Black, Coaching, Time Management",0.3904,0.0,0.0077,0.0,1
17108676.pdf,175485704,GOYT,Software Engineer,1,10,5,11,0.0909,0,0,1,0,Communication,"iOS SDK, MySQL, Work Ethic, JavaScript, Apache Solr, HTML, PHP, CSS, Collaboration, Amazon Neptune",0.3413,0.0,0.0074,64.0,0
20882041.pdf,3610596223,,Commercial Auto Underwriter Assistant,2,7,5,9,0.2222,0,1,3,0,"Communication, Excel","iOS SDK, Work Ethic, Make, Apache Solr, Teamwork, C, Amazon Neptune",0.3799,0.0,0.0148,0.0,1
20882041.pdf,2147609789,Revature,Entry Level Oracle Financial Technology Consultant,1,4,5,5,0.2,0,0,1,0,Communication,"Apache Solr, iOS SDK, Work Ethic, Amazon Neptune",0.3907,0.0,0.0149,28.0,1
13264796.pdf,2920450495,Grunwald Mechanical Contractors & Engineers,Service Coordinator,1,8,11,9,0.1111,0,0,1,0,Communication,"CRI-O, iOS SDK, Work Ethic, Google Pub/Sub, Apache Solr, Teamwork, Room, Amazon Neptune",0.3504,0.0,0.0074,0.0,1
28762662.pdf,3211657373,AB Underground,Heavy Equipment Operator,1,6,18,7,0.1429,0,0,1,0,Make,"iOS SDK, Work Ethic, Apache Solr, Move, Room, Amazon Neptune",0.3643,0.0,0.0,0.0,1
24647794.pdf,3040487795,Lead Lab,Digital Marketing Intern,1,10,9,11,0.0909,0,0,1,0,Communication,"iOS SDK, Work Ethic, Slack, Automated Testing, Ownership, Spring Cloud, Apache Solr, Reverse Engineering, Apache Druid, Amazon Neptune",0.3924,0.25,0.0294,16.0,0
17103000.pdf,3219089287,,Recruitment Manager,1,2,4,3,0.3333,0,0,1,0,Leadership,"Automated Testing, Apache Solr",0.5008,0.25,0.016,0.0,1
28078163.pdf,3540371917,KeyBank,Enterprise Data & Analytics Infrastructure Manager,0,0,14,0,0.0,0,0,0,0,,,0.3286,0.1429,0.0,60.0,0
16911115.pdf,2914254129,Eastern Indiana Works,Director of Operations,2,7,7,9,0.2222,2,0,3,0,"Problem Solving, Communication","iOS SDK, Facilitation, Apache Solr, D, Time Management, Move, Amazon Neptune",0.2678,0.0,0.0224,0.0,1
15941675.pdf,3075721793,ASA Architects,Architect/Project Manager,1,5,5,6,0.1667,0,1,0,0,Communication,"iOS SDK, Automated Testing, Azure Synapse Analytics, Amazon Neptune, Apache Solr",0.3136,0.0,0.0222,28.0,1
12011623.pdf,133130219,,Software Engineer,0,0,12,0,0.0,0,0,0,0,,,0.3008,0.0,0.0164,40.0,0
11890896.pdf,2748500131,"City of Germantown, TN",Director of Public Works,0,7,6,7,0.0,0,0,0,0,,"iOS SDK, Work Ethic, Automated Testing, Apache Solr, Negotiation, Accountability, Amazon Neptune",0.3004,0.0,0.0074,0.0,0
28831378.pdf,3537193915,DIGS Vacation Rentals.com,Field Operations Specialist,1,6,2,7,0.1429,0,0,0,0,Work Ethic,"iOS SDK, Communication, Cultural Awareness, Apache Solr, Problem Solving, Amazon Neptune",0.344,0.0,0.0224,0.0,1
26456899.pdf,2457183642,Galerie Candy and Gifts,Quality Assurance Manager,2,9,10,11,0.1818,0,0,0,0,"Communication, Excel","iOS SDK, Make, Apache Solr, Mobile Security, Time Management, Quality Assurance, Qt Creator, Decision Making, Amazon Neptune",0.3558,0.0,0.025,28.0,1
28831378.pdf,56924323,,Structural Engineer,0,5,2,5,0.0,0,0,0,0,,"iOS SDK, Excel, Automated Testing, Retrofit, Amazon Neptune",0.3004,0.0,0.0078,20.0,0
17103000.pdf,2147609712,The Job Network,Med-RN ER,0,8,4,8,0.0,0,0,0,0,,"iOS SDK, Work Ethic, Cultural Awareness, Automated Testing, Critical Thinking, React Native, Azure Monitor, Amazon Neptune",0.3,0.0,0.0,16.0,0
14206561.pdf,2457183642,Galerie Candy and Gifts,Quality Assurance Manager,1,10,1,11,0.0909,0,0,0,1,Excel,"iOS SDK, Communication, Make, Amazon Neptune, Mobile Security, Time Management, Quality Assurance, Qt Creator, Decision Making, Apache Solr",0.3281,0.0,0.0175,28.0,0
12518008.pdf,2934066464,Dynamic SRG,Fundraising Associate,1,5,5,6,0.1667,0,0,1,0,Prioritization,"iOS SDK, Communication, Work Ethic, Automated Testing, Apache Solr",0.3754,0.0,0.0077,0.0,1
24647794.pdf,3211657373,AB Underground,Heavy Equipment Operator,0,7,9,7,0.0,0,0,1,0,,"iOS SDK, Work Ethic, Make, Apache Solr, Move, Room, Amazon Neptune",0.3218,0.0,0.0076,0.0,0
16803215.pdf,2147609712,The Job Network,Med-RN ER,1,7,9,8,0.125,0,0,0,0,Critical Thinking,"iOS SDK, Work Ethic, Cultural Awareness, Automated Testing, React Native, Azure Monitor, Amazon Neptune",0.3388,0.0,0.0263,16.0,1
14049846.pdf,3366698309,Webologix Ltd/ INC,Anaplan Developer,0,6,4,6,0.0,0,0,0,0,,"Communication, Work Ethic, Excel, Apache Solr, Agile, Amazon Neptune",0.3004,0.0,0.0076,28.0,0
16803215.pdf,2269442456,navXcom,Computer Scientist,1,2,9,3,0.3333,0,0,0,0,Communication,"Work Ethic, Amazon Neptune",0.4007,0.0,0.0149,20.0,0
13149176.pdf,3127577086,Avero Diagnostics,Histologist - HT,3,21,7,24,0.125,1,0,3,0,"Quality Assurance, Windows, Time Management","Facilitation, Negotiation, Leadership, Qt Creator, Apache Solr, Conflict Resolution, Excel, Attention to Detail, Problem Solving, Collaboration, Room, iOS SDK, Communication, Apache Pinot, Mobile Security, Visual Studio, Work Ethic, Automated Testing, HTML, Integration Testing, Amazon Neptune",0.2072,0.0,0.0194,8.0,1
20566550.pdf,266825034,Recruitment Design,Software Support Specialist,1,6,11,7,0.1429,0,0,2,1,Communication,"iOS SDK, JavaScript, Make, Automated Testing, D, PHP",0.3869,0.0,0.0231,36.0,1
25797445.pdf,3322949022,Kenai Capital Advisors,"Director, Investment Sales",2,7,2,9,0.2222,0,1,0,0,"Communication, Excel","iOS SDK, Work Ethic, Azure Resource Manager, Automated Testing, Apache Solr, Negotiation, Amazon Neptune",0.3306,0.0,0.0292,8.0,1
28762662.pdf,2735151240,LT Apparel Group,Intern- Business Analytics,2,6,18,8,0.25,0,0,1,0,"Teamwork, Communication","Power BI, Tableau, Excel, Work Ethic, iOS SDK, Amazon Neptune",0.3945,0.0,0.0153,20.0,1
25608963.pdf,3582587683,McNaughton Bros. Inc.,Accounts Analyst,1,5,9,6,0.1667,0,0,0,0,Communication,"iOS SDK, Work Ethic, Automated Testing, Amazon Neptune, Apache Solr",0.3504,0.0,0.0075,20.0,0
17926546.pdf,3184403524,San José Clinic,Events & Communications Assistant,2,12,9,14,0.1429,0,0,2,0,"Excel, D","iOS SDK, Communication, Creativity, Automated Testing, Apache Solr, Schema Registry, Time Management, Quality Assurance, C, Pull Requests, Go, Amazon Neptune",0.365,0.0,0.0142,0.0,1
19612167.pdf,3478651125,Axalume,Photonics Layout Intern,1,7,4,8,0.125,0,0,2,0,Communication,"iOS SDK, Work Ethic, Make, Python, Informatica PowerCenter, C#, Apache Solr",0.3754,0.0,0.0076,8.0,1
12022566.pdf,2457183642,Galerie Candy and Gifts,Quality Assurance Manager,1,10,3,11,0.0909,0,0,1,0,Quality Assurance,"iOS SDK, Communication, Excel, Make, Apache Solr, Mobile Security, Time Management, Qt Creator, Decision Making, Amazon Neptune",0.3422,0.0,0.0261,28.0,0
17488801.pdf,2748500131,"City of Germantown, TN",Director of Public Works,0,7,4,7,0.0,0,0,0,0,,"iOS SDK, Work Ethic, Automated Testing, Apache Solr, Negotiation, Accountability, Amazon Neptune",0.3004,0.0,0.0074,0.0,0
28762662.pdf,3379554375,Nebraska Public Media,Finishing Editor,1,7,18,8,0.125,0,0,1,0,Make,"CRI-O, iOS SDK, Privileged Access Management, Automated Testing, Problem Solving, Composer, Apache Solr",0.3563,0.0,0.0,0.0,1
12518008.pdf,3383214611,Crisp,Account Executive - Mid-Market,0,13,5,13,0.0,0,0,1,0,,"iOS SDK, Communication, Work Ethic, Excel, Make, Automated Testing, Apache Solr, Salesforce, Reverse Engineering, Integration Testing, D, Teamwork, Amazon Neptune",0.3119,0.0,0.0072,0.0,0
15941675.pdf,445337908,Food Bank of Alaska,Chief Operating Officer,1,6,5,7,0.1429,0,0,1,0,D,"iOS SDK, Make, Automated Testing, Apache Druid, Leadership, Amazon Neptune",0.3643,0.0,0.0,0.0,1
28078163.pdf,266825034,Recruitment Design,Software Support Specialist,2,5,14,7,0.2857,0,0,2,0,"Communication, JavaScript","iOS SDK, Make, Automated Testing, D, PHP",0.469,0.2,0.0076,36.0,1
24647794.pdf,3196627399,Bellevue Downtown Association,Marketing & Communications – Content Writer Internship,2,11,9,13,0.1538,0,0,2,0,"Communication, Leadership","iOS SDK, Work Ethic, Attention to Detail, Apache Solr, Problem Solving, HTML, Reverse Engineering, Time Management, Teamwork, Collaboration, Amazon Neptune",0.3706,0.0,0.028,0.0,1
28630325.pdf,3610591138,Mountain View Eye Center,Ophthalmic Technician,1,8,12,9,0.1111,0,0,2,0,Coaching,"CRI-O, iOS SDK, Communication, Work Ethic, D, Model Deployment, Leadership, Amazon Neptune",0.367,0.0,0.0076,0.0,1
15858254.pdf,2269442456,navXcom,Computer Scientist,1,2,5,3,0.3333,0,0,0,0,Communication,"Work Ethic, Amazon Neptune",0.4008,0.0,0.0156,20.0,1
21847415.pdf,2157930553,Brady Insurance Group LLC,Customer Service Representative,2,8,6,10,0.2,0,0,1,0,"Communication, Make","iOS SDK, Work Ethic, Automated Testing, Problem Solving, Apache Solr, Integration Testing, Azure Monitor, Amazon Neptune",0.3754,0.0,0.0072,8.0,1
17926546.pdf,56924323,,Structural Engineer,1,4,9,5,0.2,0,0,0,0,Excel,"Automated Testing, iOS SDK, Retrofit, Amazon Neptune",0.3612,0.0,0.0236,20.0,1
12748557.pdf,3547664337,Polyram Plastic Industries Ltd,Brand Representative,1,6,5,7,0.1429,0,0,1,0,Collaboration,"iOS SDK, Excel, Apache Solr, Extreme Programming, Negotiation, Amazon Neptune",0.3647,0.0,0.0076,0.0,1
21847415.pdf,3018278978,Aston Carter,Seasonal Office Administrator,0,5,6,5,0.0,0,0,0,0,,"iOS SDK, Work Ethic, Automated Testing, Amazon Neptune, Apache Solr",0.3,0.0,0.0,0.0,0
17488801.pdf,56924323,,Structural Engineer,0,5,4,5,0.0,0,0,0,0,,"iOS SDK, Excel, Automated Testing, Retrofit, Amazon Neptune",0.3,0.0,0.0,20.0,0
18753367.pdf,3177010992,ABC Farigua Division,Customer Service Representative,0,6,6,6,0.0,0,0,0,0,,"iOS SDK, Work Ethic, Responsive Design, Reverse Engineering, Mobile Security, Amazon Neptune",0.3008,0.0,0.0152,8.0,0
12011623.pdf,3555161614,Starup Insurance,User Experience Designer,1,5,12,6,0.1667,0,0,0,0,Collaboration,"iOS SDK, Communication, Work Ethic, Design Thinking, User-Centered Design",0.3508,0.0,0.0156,0.0,1
28628090.pdf,3547664337,Polyram Plastic Industries Ltd,Brand Representative,1,6,14,7,0.1429,0,0,1,0,Excel,"iOS SDK, Apache Solr, Extreme Programming, Negotiation, Collaboration, Amazon Neptune",0.3643,0.0,0.0,0.0,1
25797445.pdf,3547664337,Polyram Plastic Industries Ltd,Brand Representative,1,6,2,7,0.1429,0,0,0,0,Excel,"iOS SDK, Apache Solr, Extreme Programming, Negotiation, Collaboration, Amazon Neptune",0.3432,0.0,0.0076,0.0,0
27040860.pdf,3533320307,NLB Services,Java architect / Lead Java developer,0,5,4,5,0.0,0,0,0,0,,"Automated Testing, REST API, React, TypeScript, Java",0.3,0.0,0.0,80.0,0
25608963.pdf,3245063922,Saxon AI,Data Architect,0,5,9,5,0.0,0,0,0,0,,"Cultural Awareness, Amazon Web Services, Apache Spark, Python, SQL",0.3004,0.0,0.0077,64.0,0
21298336.pdf,2147609929,The Job Network,Production Planner,2,9,3,11,0.1818,2,0,0,0,"Excel, Leadership","iOS SDK, Work Ethic, Make, Automated Testing, Apache Solr, IBM Db2, Mobile Security, C, Amazon Neptune",0.2069,0.0,0.0469,8.0,1
24322804.pdf,2796728000,"Thorpe Design, Inc.",Fire Sprinkler Designer,1,6,7,7,0.1429,0,0,0,0,Communication,"iOS SDK, Work Ethic, Cultural Awareness, Attention to Detail, Apache Solr, Amazon Neptune",0.3432,0.0,0.0075,0.0,0
21298336.pdf,1573178251,,Social Media Coordinator,0,5,3,5,0.0,0,0,0,0,,"Work Ethic, Automated Testing, Reverse Engineering, Computer Vision, Apache Solr",0.3009,0.0,0.0182,0.0,0
12748557.pdf,1573178251,,Social Media Coordinator,0,5,5,5,0.0,0,0,0,0,,"Work Ethic, Automated Testing, Reverse Engineering, Computer Vision, Apache Solr",0.3008,0.0,0.0154,0.0,0
12488356.pdf,3480552482,Women choice,Summer Intern for Women International Company,1,6,7,7,0.1429,0,0,2,1,Leadership,"iOS SDK, Communication, Make, Apache Solr, C, Amazon Neptune",0.3857,0.0,0.0,0.0,1
28320387.pdf,3555161614,Starup Insurance,User Experience Designer,1,5,5,6,0.1667,0,0,1,0,Communication,"iOS SDK, Work Ethic, Design Thinking, User-Centered Design, Collaboration",0.3758,0.0,0.0156,0.0,1
10219099.pdf,3520238337,Grant Writing Solutions,Grants Writer - Subcontract,1,4,5,5,0.2,0,0,0,0,Communication,"Apache Solr, iOS SDK, Mentoring, Attention to Detail",0.3605,0.0,0.0094,0.0,0
25608963.pdf,3610596223,,Commercial Auto Underwriter Assistant,3,6,9,9,0.3333,0,0,2,0,"Communication, Excel, C","iOS SDK, Work Ethic, Make, Apache Solr, Teamwork, Amazon Neptune",0.4345,0.0,0.0224,0.0,1
27040860.pdf,95428182,CLEVELAND KIDS BOOK BANK,Administrative Coordinator,3,9,4,12,0.25,0,0,0,0,"Communication, Attention to Detail, Time Management","iOS SDK, Work Ethic, Make, Automated Testing, Apache Solr, Azure Monitor, Collaboration, Creativity, Amazon Neptune",0.3787,0.0,0.0745,8.0,1
19553067.pdf,2269442456,navXcom,Computer Scientist,0,3,3,3,0.0,0,0,0,0,,"Communication, Work Ethic, Amazon Neptune",0.3004,0.0,0.008,20.0,0
19396040.pdf,2372177891,iWealth,Client Service Associate,0,5,8,5,0.0,0,0,0,0,,"CRI-O, Automated Testing, Integration Testing, Room, Apache Solr",0.3,0.0,0.0,0.0,0
15601399.pdf,3582587683,McNaughton Bros. Inc.,Accounts Analyst,1,5,1,6,0.1667,0,0,0,0,Communication,"iOS SDK, Work Ethic, Automated Testing, Amazon Neptune, Apache Solr",0.3508,0.0,0.0152,20.0,1
24647794.pdf,133130219,,Software Engineer,0,0,9,0,0.0,0,0,0,0,,,0.3004,0.0,0.0081,40.0,0
12472574.pdf,3555161614,Starup Insurance,User Experience Designer,1,5,21,6,0.1667,0,0,0,2,Communication,"iOS SDK, Work Ethic, Design Thinking, User-Centered Design, Collaboration",0.3508,0.0,0.0156,0.0,1
28628090.pdf,3379554375,Nebraska Public Media,Finishing Editor,2,6,14,8,0.25,0,0,2,0,"Problem Solving, Make","CRI-O, iOS SDK, Privileged Access Management, Automated Testing, Composer, Apache Solr",0.4125,0.0,0.0,0.0,1
27152464.pdf,2147609789,Revature,Entry Level Oracle Financial Technology Consultant,1,4,37,5,0.2,0,0,1,2,Communication,"Apache Solr, iOS SDK, Work Ethic, Amazon Neptune",0.3904,0.0,0.0074,28.0,1
28831378.pdf,95428182,CLEVELAND KIDS BOOK BANK,Administrative Coordinator,1,11,2,12,0.0833,0,0,0,0,Work Ethic,"iOS SDK, Communication, Attention to Detail, Automated Testing, Make, Amazon Neptune, Azure Monitor, Time Management, Collaboration, Creativity, Apache Solr",0.3261,0.0,0.0214,8.0,0
11890896.pdf,3480552482,Women choice,Summer Intern for Women International Company,2,5,6,7,0.2857,0,0,2,0,"Leadership, C","iOS SDK, Communication, Make, Amazon Neptune, Apache Solr",0.4289,0.0,0.0075,0.0,1
13264796.pdf,2157930553,Brady Insurance Group LLC,Customer Service Representative,1,9,11,10,0.1,0,0,1,0,Communication,"iOS SDK, Work Ethic, Make, Automated Testing, Problem Solving, Apache Solr, Integration Testing, Azure Monitor, Amazon Neptune",0.3454,0.0,0.0072,8.0,1
17108676.pdf,1143359956,,National Sales Manager,1,7,5,8,0.125,0,0,1,0,Communication,"iOS SDK, Work Ethic, Make, Apache Solr, Integration Testing, Room, Amazon Neptune",0.357,0.0,0.0148,0.0,1
27756469.pdf,3514683108,AVAVA,Associate Brand Manager,1,9,10,10,0.1,0,0,1,0,Leadership,"iOS SDK, Communication, Malware Analysis, Automated Testing, Apache Solr, Ada, Time Management, Go, Amazon Neptune",0.3465,0.0,0.0292,0.0,1
22605864.pdf,3260455681,Weyerhaeuser,Operations Specialist,1,15,6,16,0.0625,0,0,0,0,Excel,"Conflict Resolution, iOS SDK, Communication, Work Ethic, Make, Sentence Transformers, Apache Solr, Reverse Engineering, Mobile Security, Mentoring, Vector Embeddings, Time Management, Leadership, Decision Making, Amazon Neptune",0.3205,0.0,0.0345,8.0,0
15941675.pdf,1573178251,,Social Media Coordinator,0,5,5,5,0.0,0,0,0,0,,"Work Ethic, Automated Testing, Reverse Engineering, Computer Vision, Apache Solr",0.3008,0.0,0.0154,0.0,0
20882041.pdf,266825034,Recruitment Design,Software Support Specialist,1,6,5,7,0.1429,0,0,2,0,Communication,"iOS SDK, JavaScript, Make, Automated Testing, D, PHP",0.3865,0.0,0.0153,36.0,1
24647794.pdf,3366698309,Webologix Ltd/ INC,Anaplan Developer,1,5,9,6,0.1667,0,0,1,0,Communication,"Excel, Work Ethic, Amazon Neptune, Agile, Apache Solr",0.3758,0.0,0.0154,28.0,1
19397727.pdf,3540371917,KeyBank,Enterprise Data & Analytics Infrastructure Manager,0,0,5,0,0.0,0,0,0,0,,,0.3,0.0,0.0,60.0,0
11981094.pdf,3610596223,,Commercial Auto Underwriter Assistant,2,7,14,9,0.2222,0,0,2,0,"Communication, C","iOS SDK, Excel, Work Ethic, Make, Apache Solr, Teamwork, Amazon Neptune",0.4007,0.0,0.0148,0.0,1
27040860.pdf,3322949022,Kenai Capital Advisors,"Director, Investment Sales",2,7,4,9,0.2222,0,1,0,0,"Communication, Excel","iOS SDK, Work Ethic, Azure Resource Manager, Automated Testing, Apache Solr, Negotiation, Amazon Neptune",0.3307,0.0,0.0312,8.0,1
15941675.pdf,3515274431,Conduit Tech,Customer Success Manager,1,11,5,12,0.0833,0,0,0,0,Communication,"CRI-O, iOS SDK, Excel, Work Ethic, Automated Testing, Ownership, Exploratory Testing, Apache Solr, Reverse Engineering, Integration Testing, Amazon Neptune",0.3261,0.0,0.0219,0.0,0
18753367.pdf,95428182,CLEVELAND KIDS BOOK BANK,Administrative Coordinator,2,10,6,12,0.1667,0,0,0,0,"Communication, Make","iOS SDK, Work Ethic, Attention to Detail, Automated Testing, Apache Solr, Azure Monitor, Time Management, Collaboration, Creativity, Amazon Neptune",0.3511,0.0,0.0214,8.0,1
15139979.pdf,2790549389,Rogue Ales & Spirits,National Sales Manager,2,11,9,13,0.1538,0,0,4,0,"Leadership, Make","iOS SDK, Communication, Work Ethic, Automated Testing, Apache Solr, Reverse Engineering, Collaboration, Integration Testing, Move, Go, Amazon Neptune",0.3927,0.0,0.0071,0.0,1
21038022.pdf,3592392532,Lorenz Motors,Drone-Car Engineer,1,5,12,6,0.1667,0,0,0,0,Communication,"iOS SDK, Work Ethic, Automated Testing, Collaboration, Apache Solr",0.3508,0.0,0.0153,20.0,1
26456899.pdf,3578562287,Beat the Streets - Baltimore,Swahili Instructor,1,5,10,6,0.1667,0,0,0,0,Communication,"iOS SDK, Work Ethic, Automated Testing, Apache Ignite, Amazon Neptune",0.3527,0.0,0.0548,0.0,1
28631840.pdf,3610591138,Mountain View Eye Center,Ophthalmic Technician,1,8,2,9,0.1111,0,0,1,0,Leadership,"CRI-O, iOS SDK, Communication, Work Ethic, D, Model Deployment, Coaching, Amazon Neptune",0.3507,0.0,0.0133,0.0,1
23234047.pdf,3184403524,San José Clinic,Events & Communications Assistant,1,13,3,14,0.0714,0,0,2,0,C,"iOS SDK, Communication, Excel, Creativity, Automated Testing, Apache Solr, D, Schema Registry, Time Management, Quality Assurance, Pull Requests, Go, Amazon Neptune",0.3436,0.0,0.0142,0.0,0
21038022.pdf,2934066464,Dynamic SRG,Fundraising Associate,1,5,12,6,0.1667,0,0,0,0,Communication,"iOS SDK, Work Ethic, Automated Testing, Prioritization, Apache Solr",0.3504,0.0,0.0077,0.0,0
23497307.pdf,3431736996,Marquee Event Rentals,Client Service Representative,1,7,6,8,0.125,0,0,0,0,Attention to Detail,"iOS SDK, Azure Resource Manager, Automated Testing, Apache Solr, Integration Testing, Room, Amazon Neptune",0.339,0.0,0.0299,8.0,1
20566550.pdf,2457183642,Galerie Candy and Gifts,Quality Assurance Manager,2,9,11,11,0.1818,0,0,1,1,"Communication, Time Management","iOS SDK, Excel, Make, Apache Solr, Mobile Security, Quality Assurance, Qt Creator, Decision Making, Amazon Neptune",0.3689,0.0,0.0146,28.0,1
28320387.pdf,56924323,,Structural Engineer,0,5,5,5,0.0,0,0,0,0,,"iOS SDK, Excel, Automated Testing, Retrofit, Amazon Neptune",0.3,0.0,0.0,20.0,0
13264796.pdf,2147609929,The Job Network,Production Planner,0,11,11,11,0.0,0,0,1,0,,"iOS SDK, Excel, Work Ethic, Make, Automated Testing, Apache Solr, IBM Db2, Mobile Security, Leadership, C, Amazon Neptune",0.314,0.0,0.007,8.0,0
17103000.pdf,445337908,Food Bank of Alaska,Chief Operating Officer,1,6,4,7,0.1429,0,0,2,0,Leadership,"iOS SDK, Make, Automated Testing, D, Apache Druid, Amazon Neptune",0.3861,0.0,0.0076,0.0,1
10219099.pdf,3211657373,AB Underground,Heavy Equipment Operator,1,6,5,7,0.1429,0,0,0,0,Room,"iOS SDK, Work Ethic, Make, Apache Solr, Move, Amazon Neptune",0.3838,0.2,0.0187,0.0,1
27152464.pdf,2147609712,The Job Network,Med-RN ER,1,7,37,8,0.125,0,0,1,2,Critical Thinking,"iOS SDK, Work Ethic, Cultural Awareness, Automated Testing, React Native, Azure Monitor, Amazon Neptune",0.3566,0.0,0.0074,16.0,1
19396040.pdf,3610591138,Mountain View Eye Center,Ophthalmic Technician,0,9,8,9,0.0,0,0,1,0,,"CRI-O, iOS SDK, Communication, Work Ethic, D, Model Deployment, Leadership, Coaching, Amazon Neptune",0.3167,0.0,0.0,0.0,0
16911115.pdf,3211657373,AB Underground,Heavy Equipment Operator,1,6,7,7,0.1429,0,0,0,0,Make,"iOS SDK, Work Ethic, Apache Solr, Move, Room, Amazon Neptune",0.3436,0.0,0.0153,0.0,1
26456899.pdf,3555161614,Starup Insurance,User Experience Designer,1,5,10,6,0.1667,0,0,0,0,Communication,"iOS SDK, Work Ethic, Design Thinking, User-Centered Design, Collaboration",0.3507,0.0,0.0139,0.0,0
15139979.pdf,3475933396,USLI,Senior Developer,3,18,9,21,0.1429,0,0,5,0,"Problem Solving, Leadership, Make","Angular, iOS SDK, Scrum, Communication, XML, Work Ethic, JavaScript, jQuery, Automated Testing, HTML, Reverse Engineering, Agile, JSON, Accountability, SQL, Move, C, Apache Solr",0.3789,0.0,0.0067,60.0,1
12518008.pdf,3480552482,Women choice,Summer Intern for Women International Company,1,6,5,7,0.1429,0,0,2,0,Leadership,"iOS SDK, Communication, Make, Apache Solr, C, Amazon Neptune",0.3865,0.0,0.0152,0.0,1
12472574.pdf,2372177891,iWealth,Client Service Associate,2,3,21,5,0.4,0,0,1,2,"Automated Testing, Integration Testing","CRI-O, Room, Apache Solr",0.4508,0.0,0.0156,0.0,1
10624813.pdf,121605673,,Licensed Acupuncturist,1,7,23,8,0.125,0,0,2,0,Reverse Engineering,"iOS SDK, Communication, Work Ethic, Apache Solr, D, Time Management, Amazon Neptune",0.3758,0.0,0.015,0.0,1
26456899.pdf,266825034,Recruitment Design,Software Support Specialist,1,6,10,7,0.1429,0,0,0,0,Communication,"iOS SDK, JavaScript, Make, Automated Testing, D, PHP",0.3471,0.0,0.0857,36.0,1
21038022.pdf,3537193915,DIGS Vacation Rentals.com,Field Operations Specialist,1,6,12,7,0.1429,0,0,1,0,Communication,"iOS SDK, Work Ethic, Cultural Awareness, Apache Solr, Problem Solving, Amazon Neptune",0.365,0.0,0.0148,0.0,1
28320387.pdf,3547664337,Polyram Plastic Industries Ltd,Brand Representative,0,7,5,7,0.0,0,0,0,0,,"iOS SDK, Excel, Apache Solr, Extreme Programming, Negotiation, Collaboration, Amazon Neptune",0.3,0.0,0.0,0.0,0
11890896.pdf,3547664337,Polyram Plastic Industries Ltd,Brand Representative,0,7,6,7,0.0,0,0,1,0,,"iOS SDK, Excel, Apache Solr, Extreme Programming, Negotiation, Collaboration, Amazon Neptune",0.3214,0.0,0.0,0.0,0
21038022.pdf,3045980831,Armstrong Builders LLC,Project Engineer,1,3,12,4,0.25,0,0,0,0,Communication,"Automated Testing, Mobile Security, Attention to Detail",0.3758,0.0,0.0156,28.0,1
16803215.pdf,3040487795,Lead Lab,Digital Marketing Intern,1,10,9,11,0.0909,0,0,0,0,Communication,"iOS SDK, Work Ethic, Slack, Automated Testing, Ownership, Spring Cloud, Apache Solr, Reverse Engineering, Apache Druid, Amazon Neptune",0.3285,0.0,0.025,16.0,0
22890839.pdf,3551631423,Miracles for Kids,Community Program Assistant,1,8,14,9,0.1111,0,0,0,1,Excel,"iOS SDK, Communication, Work Ethic, Cultural Awareness, Automated Testing, Teamwork, Move, Apache Solr",0.3337,0.0,0.0074,0.0,1
28078163.pdf,3619548798,"Dexterity, Inc.",Senior Mechanical Engineer,0,10,14,10,0.0,0,0,0,0,,"iOS SDK, Work Ethic, Cultural Awareness, Make, Automated Testing, Technical Writing, Apache Solr, Reverse Engineering, Leadership, Amazon Neptune",0.3007,0.0,0.0143,20.0,0
16911115.pdf,121605673,,Licensed Acupuncturist,1,7,7,8,0.125,0,0,2,0,Communication,"iOS SDK, Work Ethic, Apache Solr, Reverse Engineering, D, Time Management, Amazon Neptune",0.3761,0.0,0.0227,0.0,1
11890896.pdf,3245063922,Saxon AI,Data Architect,1,4,6,5,0.2,0,0,1,0,SQL,"Apache Spark, Amazon Web Services, Cultural Awareness, Python",0.3904,0.0,0.0077,64.0,1
28762662.pdf,266825034,Recruitment Design,Software Support Specialist,3,4,18,7,0.4286,0,0,4,0,"Communication, JavaScript, Make","Automated Testing, iOS SDK, D, PHP",0.5547,0.2,0.0076,36.0,1
28320387.pdf,1168783207,,Reps manager,0,6,5,6,0.0,0,0,0,0,,"iOS SDK, Work Ethic, GitHub Actions, Reverse Engineering, Spring Framework, Computer Vision",0.3004,0.0,0.0076,8.0,0
25608963.pdf,2954591060,Naked Wardrobe,Social Media Coordinator,1,3,9,4,0.25,0,0,0,0,Communication,"iOS SDK, Fluent Bit, Collaboration",0.3754,0.0,0.0077,0.0,0
15601399.pdf,2147609789,Revature,Entry Level Oracle Financial Technology Consultant,1,4,1,5,0.2,0,0,0,0,Communication,"Apache Solr, iOS SDK, Work Ethic, Amazon Neptune",0.3611,0.0,0.0226,28.0,1
18753367.pdf,175485704,GOYT,Software Engineer,1,10,6,11,0.0909,0,0,0,0,Communication,"iOS SDK, MySQL, Work Ethic, JavaScript, Apache Solr, HTML, PHP, CSS, Collaboration, Amazon Neptune",0.328,0.0,0.0149,64.0,0
11981094.pdf,3211657373,AB Underground,Heavy Equipment Operator,0,7,14,7,0.0,0,0,0,0,,"iOS SDK, Work Ethic, Make, Apache Solr, Move, Room, Amazon Neptune",0.3,0.0,0.0,0.0,0
14049846.pdf,121605673,,Licensed Acupuncturist,0,8,4,8,0.0,0,0,1,0,,"iOS SDK, Communication, Work Ethic, Apache Solr, Reverse Engineering, D, Time Management, Amazon Neptune",0.3191,0.0,0.0075,0.0,0
21038022.pdf,658723396,Orlando Credit Union,External Mortgage Loan Officer,2,7,12,9,0.2222,3,0,1,0,"Communication, Leadership","iOS SDK, Work Ethic, Automated Testing, Apache Solr, Integration Testing, Move, Amazon Neptune",0.2341,0.0,0.0146,0.0,1
26456899.pdf,844454682,,Commercial Property Manager,1,5,10,6,0.1667,3,0,0,0,Excel,"iOS SDK, Automated Testing, Amazon Neptune, Spring Framework, Apache Solr",0.202,0.0,0.0395,8.0,1
23438227.pdf,3383214611,Crisp,Account Executive - Mid-Market,1,12,4,13,0.0769,0,0,2,0,Excel,"iOS SDK, Communication, Work Ethic, Make, Automated Testing, Apache Solr, Salesforce, Reverse Engineering, Integration Testing, D, Teamwork, Amazon Neptune",0.3469,0.0,0.0145,0.0,0
28831378.pdf,3610596223,,Commercial Auto Underwriter Assistant,1,8,2,9,0.1111,0,1,1,0,Work Ethic,"iOS SDK, Communication, Excel, Make, Apache Solr, Teamwork, C, Amazon Neptune",0.3129,0.0,0.0074,0.0,1
27040860.pdf,2934066464,Dynamic SRG,Fundraising Associate,1,5,4,6,0.1667,0,0,0,0,Communication,"iOS SDK, Work Ethic, Automated Testing, Prioritization, Apache Solr",0.3506,0.0,0.0114,0.0,0
21298336.pdf,1143359956,,National Sales Manager,0,8,3,8,0.0,0,0,0,0,,"iOS SDK, Communication, Work Ethic, Make, Apache Solr, Integration Testing, Room, Amazon Neptune",0.3008,0.0,0.0167,0.0,0
22890839.pdf,2457183642,Galerie Candy and Gifts,Quality Assurance Manager,1,10,14,11,0.0909,0,0,0,1,Excel,"iOS SDK, Communication, Make, Apache Solr, Mobile Security, Time Management, Quality Assurance, Qt Creator, Decision Making, Amazon Neptune",0.3276,0.0,0.0072,28.0,0
21629057.pdf,3610591138,Mountain View Eye Center,Ophthalmic Technician,2,7,7,9,0.2222,0,0,2,0,"Leadership, D","CRI-O, iOS SDK, Communication, Work Ethic, Model Deployment, Coaching, Amazon Neptune",0.4404,0.2,0.0076,0.0,1
17103000.pdf,3383214611,Crisp,Account Executive - Mid-Market,1,12,4,13,0.0769,0,0,2,0,Communication,"iOS SDK, Excel, Work Ethic, Make, Automated Testing, Apache Solr, Salesforce, Reverse Engineering, Integration Testing, D, Teamwork, Amazon Neptune",0.3469,0.0,0.0145,0.0,0
11890896.pdf,266566927,Revesco Properties,Marketing & Office Coordinator,0,10,6,10,0.0,0,0,1,0,,"CRI-O, HubSpot, Excel, iOS SDK, Automated Testing, Ownership, Apache Solr, Apache Druid, Adaptability, Amazon Neptune",0.3154,0.0,0.0072,0.0,0
17488801.pdf,2457183642,Galerie Candy and Gifts,Quality Assurance Manager,1,10,4,11,0.0909,0,0,0,0,Communication,"iOS SDK, Excel, Make, Apache Solr, Mobile Security, Time Management, Quality Assurance, Qt Creator, Decision Making, Amazon Neptune",0.4276,0.5,0.0072,28.0,0
16911115.pdf,3366698309,Webologix Ltd/ INC,Anaplan Developer,2,4,7,6,0.3333,0,0,2,0,"Communication, Excel","Apache Solr, Work Ethic, Agile, Amazon Neptune",0.4508,0.0,0.0154,28.0,1
12472574.pdf,3520238337,Grant Writing Solutions,Grants Writer - Subcontract,1,4,21,5,0.2,0,0,0,2,Communication,"Apache Solr, iOS SDK, Mentoring, Attention to Detail",0.3604,0.0,0.0077,0.0,1
16803215.pdf,3177010992,ABC Farigua Division,Customer Service Representative,0,6,9,6,0.0,0,0,0,0,,"iOS SDK, Work Ethic, Responsive Design, Reverse Engineering, Mobile Security, Amazon Neptune",0.3007,0.0,0.0133,8.0,0
12011623.pdf,2147609785,The Job Network,FP&A Analyst,3,16,12,19,0.1579,3,0,1,0,"Tableau, SQL, Collaboration","Power BI, iOS SDK, Excel, Work Ethic, Attention to Detail, Cross-Functional Collaboration, Make, Automated Testing, KPIs, Presentation Skills, Reverse Engineering, Amazon Neptune, Vector Embeddings, Apache Druid, Leadership, Apache Solr",0.2066,0.0,0.0274,28.0,1
19612167.pdf,3466187886,Landscape Management Group,Owner,1,8,4,9,0.1111,0,0,1,0,Communication,"iOS SDK, Work Ethic, Automated Testing, Key Management, Integration Testing, Collaboration, Creativity, Amazon Neptune",0.3508,0.0,0.0152,0.0,1
26456899.pdf,2934066464,Dynamic SRG,Fundraising Associate,1,5,10,6,0.1667,0,0,0,0,Communication,"iOS SDK, Work Ethic, Automated Testing, Prioritization, Apache Solr",0.3521,0.0,0.0423,0.0,1
12748557.pdf,368586246,STL Fertility,Embryologist,0,5,5,5,0.0,0,0,0,0,,"CompTIA A+, Excel, Automated Testing, Integration Testing, Apache Solr",0.3004,0.0,0.0078,0.0,0
20882041.pdf,95428182,CLEVELAND KIDS BOOK BANK,Administrative Coordinator,1,11,5,12,0.0833,0,0,1,0,Communication,"iOS SDK, Work Ethic, Make, Automated Testing, Attention to Detail, Apache Solr, Azure Monitor, Time Management, Collaboration, Creativity, Amazon Neptune",0.3382,0.0,0.0142,8.0,0
19396040.pdf,266566927,Revesco Properties,Marketing & Office Coordinator,1,9,8,10,0.1,0,0,0,0,Excel,"CRI-O, HubSpot, iOS SDK, Ownership, Automated Testing, Apache Solr, Apache Druid, Adaptability, Amazon Neptune",0.3307,0.0,0.0146,0.0,0
28005884.pdf,3184403524,San José Clinic,Events & Communications Assistant,0,14,1,14,0.0,0,0,3,0,,"iOS SDK, Communication, Creativity, Excel, Go, Automated Testing, Amazon Neptune, D, Schema Registry, Time Management, Quality Assurance, Pull Requests, C, Apache Solr",0.3321,0.0,0.0,0.0,0
14554542.pdf,3551631423,Miracles for Kids,Community Program Assistant,1,8,3,9,0.1111,0,0,0,0,Communication,"iOS SDK, Excel, Work Ethic, Cultural Awareness, Automated Testing, Teamwork, Move, Apache Solr",0.3337,0.0,0.0074,0.0,0
25797445.pdf,3211657373,AB Underground,Heavy Equipment Operator,0,7,2,7,0.0,0,0,0,0,,"iOS SDK, Work Ethic, Make, Apache Solr, Move, Room, Amazon Neptune",0.3008,0.0,0.0153,0.0,0
18753367.pdf,2157930553,Brady Insurance Group LLC,Customer Service Representative,2,8,6,10,0.2,0,0,0,0,"Communication, Make","iOS SDK, Work Ethic, Automated Testing, Problem Solving, Apache Solr, Integration Testing, Azure Monitor, Amazon Neptune",0.3611,0.0,0.0221,8.0,1
28078163.pdf,3533320307,NLB Services,Java architect / Lead Java developer,1,4,14,5,0.2,0,0,2,0,REST API,"Automated Testing, TypeScript, React, Java",0.4204,0.0,0.0078,80.0,1
28831378.pdf,103254301,Raw Cereal,Producer,1,3,2,4,0.25,0,0,0,0,Work Ethic,"Reverse Engineering, iOS SDK, Apache Ignite",0.3758,0.0,0.0159,0.0,1
23438227.pdf,3551631423,Miracles for Kids,Community Program Assistant,1,8,4,9,0.1111,0,0,0,0,Excel,"iOS SDK, Communication, Work Ethic, Cultural Awareness, Automated Testing, Teamwork, Move, Apache Solr",0.3837,0.25,0.0074,0.0,1
21298336.pdf,3586242087,,Director of Sales,1,7,3,8,0.125,0,0,0,0,Leadership,"iOS SDK, Communication, Strategic Thinking, Automated Testing, Negotiation, D, Apache Solr",0.3393,0.0,0.0351,0.0,1
25797445.pdf,844454682,,Commercial Property Manager,1,5,2,6,0.1667,3,0,0,0,Excel,"iOS SDK, Automated Testing, Amazon Neptune, Spring Framework, Apache Solr",0.2011,0.0,0.0226,8.0,1
10624813.pdf,3520238337,Grant Writing Solutions,Grants Writer - Subcontract,0,5,23,5,0.0,0,0,0,0,,"iOS SDK, Communication, Attention to Detail, Mentoring, Apache Solr",0.3,0.0,0.0,0.0,0
25797445.pdf,3184403524,San José Clinic,Events & Communications Assistant,2,12,2,14,0.1429,0,0,3,0,"Communication, Excel","iOS SDK, Creativity, Go, Automated Testing, Amazon Neptune, D, Schema Registry, Time Management, Quality Assurance, Pull Requests, C, Apache Solr",0.3761,0.0,0.0214,0.0,1
16803215.pdf,2735151240,LT Apparel Group,Intern- Business Analytics,1,7,9,8,0.125,0,0,0,0,Communication,"Power BI, Tableau, Excel, Work Ethic, iOS SDK, Teamwork, Amazon Neptune",0.3382,0.0,0.0135,20.0,0
15858254.pdf,3196627399,Bellevue Downtown Association,Marketing & Communications – Content Writer Internship,2,11,5,13,0.1538,0,0,0,0,"Communication, Time Management","iOS SDK, Work Ethic, Attention to Detail, Apache Solr, Problem Solving, HTML, Reverse Engineering, Teamwork, Leadership, Collaboration, Amazon Neptune",0.3492,0.0,0.0617,0.0,1
21298336.pdf,3196627399,Bellevue Downtown Association,Marketing & Communications – Content Writer Internship,1,12,3,13,0.0769,0,0,0,0,Leadership,"iOS SDK, Communication, Work Ethic, Attention to Detail, Apache Solr, Problem Solving, HTML, Reverse Engineering, Time Management, Teamwork, Collaboration, Amazon Neptune",0.3261,0.0,0.0597,0.0,0
19396040.pdf,56924323,,Structural Engineer,1,4,8,5,0.2,0,0,0,0,Excel,"Automated Testing, iOS SDK, Retrofit, Amazon Neptune",0.3608,0.0,0.0156,20.0,1
15601399.pdf,2735151240,LT Apparel Group,Intern- Business Analytics,1,7,1,8,0.125,0,0,0,0,Communication,"Power BI, Tableau, Excel, Work Ethic, iOS SDK, Teamwork, Amazon Neptune",0.3379,0.0,0.0076,20.0,0
13264796.pdf,3520238337,Grant Writing Solutions,Grants Writer - Subcontract,1,4,11,5,0.2,0,0,1,0,Communication,"Apache Solr, iOS SDK, Mentoring, Attention to Detail",0.3904,0.0,0.0077,0.0,1
17488801.pdf,1143359956,,National Sales Manager,1,7,4,8,0.125,0,0,0,0,Communication,"iOS SDK, Work Ethic, Make, Apache Solr, Integration Testing, Room, Amazon Neptune",0.3782,0.2,0.0148,0.0,1
11981094.pdf,3586242087,,Director of Sales,1,7,14,8,0.125,0,0,2,0,Communication,"iOS SDK, Strategic Thinking, Automated Testing, Negotiation, D, Leadership, Apache Solr",0.3754,0.0,0.0075,0.0,1
12472574.pdf,3251984218,SLS Solutions,SAP BTP,1,1,21,2,0.5,0,0,0,2,SQL,iOS SDK,0.45,0.0,0.0,8.0,1
26456899.pdf,1168783207,,Reps manager,0,6,10,6,0.0,0,0,0,0,,"iOS SDK, Work Ethic, GitHub Actions, Reverse Engineering, Spring Framework, Computer Vision",0.3014,0.0,0.027,8.0,0
19124258.pdf,368586246,STL Fertility,Embryologist,1,4,2,5,0.2,0,0,0,0,Excel,"Automated Testing, CompTIA A+, Integration Testing, Apache Solr",0.3608,0.0,0.0156,0.0,1
17488801.pdf,3578562287,Beat the Streets - Baltimore,Swahili Instructor,1,5,4,6,0.1667,0,0,0,0,Communication,"iOS SDK, Work Ethic, Automated Testing, Apache Ignite, Amazon Neptune",0.3508,0.0,0.0152,0.0,1
21298336.pdf,974774701,Kate Meadows Writing and Editing,Blog writer and virtual assistant,0,5,3,5,0.0,0,0,0,0,,"iOS SDK, Communication, Time Management, Black, Coaching",0.3009,0.0,0.0185,0.0,0
16911115.pdf,56924323,,Structural Engineer,1,4,7,5,0.2,0,0,1,0,Excel,"Automated Testing, iOS SDK, Retrofit, Amazon Neptune",0.3904,0.0,0.0078,20.0,1
17488801.pdf,3551631423,Miracles for Kids,Community Program Assistant,1,8,4,9,0.1111,0,0,0,0,Communication,"iOS SDK, Excel, Work Ethic, Cultural Awareness, Automated Testing, Teamwork, Move, Apache Solr",0.3337,0.0,0.0074,0.0,0
23438227.pdf,3609090859,Mi Familia Vota,Field Director,2,15,4,17,0.1176,3,0,1,0,"Excel, C","CRI-O, Conflict Resolution, Communication, Work Ethic, GitHub Actions, iOS SDK, Cultural Awareness, Attention to Detail, Automated Testing, Problem Solving, Apache Solr, Google Sheets, Accountability, Leadership, Amazon Neptune",0.1948,0.0,0.0135,0.0,1
28320387.pdf,2826285517,Butler University,"Assistant Director of Admission, Midwest Regional Representative",3,10,5,13,0.2308,1,0,2,0,"Communication, Leadership, Make","iOS SDK, Work Ethic, Sentence Transformers, Automated Testing, Attention to Detail, Apache Solr, HIPAA Security, Presentation Skills, Teamwork, Amazon Neptune",0.2437,0.0,0.0276,8.0,1
19397727.pdf,445337908,Food Bank of Alaska,Chief Operating Officer,1,6,5,7,0.1429,0,0,0,0,D,"iOS SDK, Make, Automated Testing, Apache Druid, Leadership, Amazon Neptune",0.3434,0.0,0.0111,0.0,0
23497307.pdf,3219089287,,Recruitment Manager,1,2,6,3,0.3333,0,0,0,0,Leadership,"Automated Testing, Apache Solr",0.4508,0.25,0.016,0.0,1
15941675.pdf,3184403524,San José Clinic,Events & Communications Assistant,4,10,5,14,0.2857,0,0,4,0,"Quality Assurance, Communication, D, Time Management","iOS SDK, Excel, Creativity, Automated Testing, Apache Solr, Schema Registry, C, Pull Requests, Go, Amazon Neptune",0.43,0.0,0.0288,0.0,1
21298336.pdf,3260455681,Weyerhaeuser,Operations Specialist,2,14,3,16,0.125,0,0,0,0,"Excel, Leadership","iOS SDK, Communication, Reverse Engineering, Mobile Security, Mentoring, Time Management, Decision Making, Apache Solr, Conflict Resolution, Work Ethic, Make, Sentence Transformers, Vector Embeddings, Amazon Neptune",0.3411,0.0,0.0725,8.0,1
28320387.pdf,266825034,Recruitment Design,Software Support Specialist,2,5,5,7,0.2857,0,0,2,0,"Communication, Make","iOS SDK, JavaScript, Automated Testing, D, PHP",0.4293,0.0,0.0153,36.0,1
28320387.pdf,95428182,CLEVELAND KIDS BOOK BANK,Administrative Coordinator,2,10,5,12,0.1667,0,0,1,0,"Communication, Make","iOS SDK, Work Ethic, Attention to Detail, Automated Testing, Apache Solr, Azure Monitor, Time Management, Collaboration, Creativity, Amazon Neptune",0.3636,0.0,0.0214,8.0,1
17043822.pdf,56924323,,Structural Engineer,1,4,11,5,0.2,0,0,1,0,Excel,"Automated Testing, iOS SDK, Retrofit, Amazon Neptune",0.3908,0.0,0.0156,20.0,1
11981094.pdf,3245063922,Saxon AI,Data Architect,0,5,14,5,0.0,0,0,0,0,,"Cultural Awareness, Amazon Web Services, Apache Spark, Python, SQL",0.3,0.0,0.0,64.0,0
17488801.pdf,3547664337,Polyram Plastic Industries Ltd,Brand Representative,0,7,4,7,0.0,0,0,0,0,,"iOS SDK, Excel, Apache Solr, Extreme Programming, Negotiation, Collaboration, Amazon Neptune",0.3,0.0,0.0,0.0,0
17043822.pdf,3586242087,,Director of Sales,3,5,11,8,0.375,0,3,2,0,"Communication, Leadership, Negotiation","iOS SDK, Strategic Thinking, Automated Testing, D, Apache Solr",0.3008,0.0,0.015,0.0,0
15858254.pdf,3040487795,Lead Lab,Digital Marketing Intern,1,10,5,11,0.0909,0,0,0,0,Communication,"iOS SDK, Work Ethic, Slack, Automated Testing, Ownership, Spring Cloud, Apache Solr, Reverse Engineering, Apache Druid, Amazon Neptune",0.3286,0.0,0.026,16.0,0
21807224.pdf,3219089287,,Recruitment Manager,0,3,0,3,0.0,0,0,0,0,,"Automated Testing, Leadership, Apache Solr",0.3667,0.3333,0.0,0.0,0
12748557.pdf,3533320307,NLB Services,Java architect / Lead Java developer,1,4,5,5,0.2,0,0,1,0,React,"Automated Testing, REST API, TypeScript, Java",0.3904,0.0,0.0078,80.0,1
27040860.pdf,2147609789,Revature,Entry Level Oracle Financial Technology Consultant,1,4,4,5,0.2,0,0,0,0,Communication,"Apache Solr, iOS SDK, Work Ethic, Amazon Neptune",0.3611,0.0,0.0217,28.0,1
27152464.pdf,2934066464,Dynamic SRG,Fundraising Associate,1,5,37,6,0.1667,0,0,1,2,Communication,"iOS SDK, Work Ethic, Automated Testing, Prioritization, Apache Solr",0.3754,0.0,0.0077,0.0,1
20566550.pdf,3533320307,NLB Services,Java architect / Lead Java developer,0,5,11,5,0.0,0,0,0,1,,"Automated Testing, REST API, React, TypeScript, Java",0.3008,0.0,0.0156,80.0,0
17108676.pdf,2269442456,navXcom,Computer Scientist,1,2,5,3,0.3333,0,0,1,0,Communication,"Work Ethic, Amazon Neptune",0.4504,0.0,0.008,20.0,1
19396040.pdf,3586242087,,Director of Sales,0,8,8,8,0.0,0,0,1,0,,"iOS SDK, Communication, Strategic Thinking, Automated Testing, Negotiation, D, Leadership, Apache Solr",0.3191,0.0,0.0075,0.0,0
20882041.pdf,1168783207,,Reps manager,0,6,5,6,0.0,0,0,0,0,,"iOS SDK, Work Ethic, GitHub Actions, Reverse Engineering, Spring Framework, Computer Vision",0.3674,0.3333,0.0153,8.0,0
14554542.pdf,3184403524,San José Clinic,Events & Communications Assistant,1,13,3,14,0.0714,0,0,3,0,Communication,"iOS SDK, Excel, Creativity, Automated Testing, Apache Solr, D, Schema Registry, Time Management, Quality Assurance, C, Pull Requests, Go, Amazon Neptune",0.3543,0.0,0.0142,0.0,0
19612167.pdf,3480552482,Women choice,Summer Intern for Women International Company,2,5,4,7,0.2857,0,0,3,0,"Communication, Leadership","iOS SDK, Make, Amazon Neptune, C, Apache Solr",0.4508,0.0,0.0152,0.0,1
28831378.pdf,2934066464,Dynamic SRG,Fundraising Associate,1,5,2,6,0.1667,0,0,0,0,Work Ethic,"iOS SDK, Communication, Automated Testing, Prioritization, Apache Solr",0.3504,0.0,0.0077,0.0,0
25608963.pdf,56924323,,Structural Engineer,1,4,9,5,0.2,0,0,1,0,Excel,"Automated Testing, iOS SDK, Retrofit, Amazon Neptune",0.3904,0.0,0.0078,20.0,1
21847415.pdf,1573178251,,Social Media Coordinator,0,5,6,5,0.0,0,0,0,0,,"Work Ethic, Automated Testing, Reverse Engineering, Computer Vision, Apache Solr",0.3004,0.0,0.0076,0.0,0
14049846.pdf,2147609789,Revature,Entry Level Oracle Financial Technology Consultant,0,5,4,5,0.0,0,0,0,0,,"iOS SDK, Communication, Work Ethic, Amazon Neptune, Apache Solr",0.3007,0.0,0.0149,28.0,0
15139979.pdf,3383214611,Crisp,Account Executive - Mid-Market,1,12,9,13,0.0769,0,0,3,0,Make,"iOS SDK, Communication, Work Ethic, Excel, Automated Testing, Apache Solr, Salesforce, Reverse Engineering, Integration Testing, D, Teamwork, Amazon Neptune",0.3581,0.0,0.0072,0.0,0
19397727.pdf,3308438674,Consulate General of Israel to New England,Director of Communications and Digital Diplomacy,1,7,5,8,0.125,0,0,0,0,Communication,"iOS SDK, Multi-Factor Authentication, Time Management, Pull Requests, Computer Vision, Creativity, Apache Solr",0.3396,0.0,0.0426,0.0,1
15139979.pdf,2826285517,Butler University,"Assistant Director of Admission, Midwest Regional Representative",2,11,9,13,0.1538,0,0,3,0,"Leadership, Make","iOS SDK, Communication, Work Ethic, Attention to Detail, Automated Testing, Sentence Transformers, Apache Solr, HIPAA Security, Presentation Skills, Teamwork, Amazon Neptune",0.41,0.1429,0.0136,8.0,1
12022566.pdf,3533320307,NLB Services,Java architect / Lead Java developer,0,5,3,5,0.0,0,0,1,0,,"Automated Testing, REST API, React, TypeScript, Java",0.33,0.0,0.0,80.0,0
28831378.pdf,3610591138,Mountain View Eye Center,Ophthalmic Technician,1,8,2,9,0.1111,0,0,1,0,Work Ethic,"CRI-O, iOS SDK, Communication, D, Model Deployment, Leadership, Coaching, Amazon Neptune",0.417,0.3333,0.0076,0.0,1
27756469.pdf,3431736996,Marquee Event Rentals,Client Service Representative,1,7,10,8,0.125,0,0,0,0,Attention to Detail,"iOS SDK, Azure Resource Manager, Automated Testing, Apache Solr, Integration Testing, Room, Amazon Neptune",0.3386,0.0,0.0222,8.0,1
27040860.pdf,3184403524,San José Clinic,Events & Communications Assistant,3,11,4,14,0.2143,0,0,0,0,"Communication, Excel, Time Management","iOS SDK, Creativity, Automated Testing, Apache Solr, D, Schema Registry, C, Quality Assurance, Pull Requests, Go, Amazon Neptune",0.3669,0.0,0.0521,0.0,1
18753367.pdf,3018278978,Aston Carter,Seasonal Office Administrator,0,5,6,5,0.0,0,0,0,0,,"iOS SDK, Work Ethic, Automated Testing, Amazon Neptune, Apache Solr",0.3004,0.0,0.0076,0.0,0
19612167.pdf,2147609712,The Job Network,Med-RN ER,0,8,4,8,0.0,0,0,0,0,,"iOS SDK, Work Ethic, Cultural Awareness, Automated Testing, Critical Thinking, React Native, Azure Monitor, Amazon Neptune",0.3,0.0,0.0,16.0,0
23497307.pdf,2934066464,Dynamic SRG,Fundraising Associate,1,5,6,6,0.1667,0,0,0,0,Communication,"iOS SDK, Work Ethic, Automated Testing, Prioritization, Apache Solr",0.3504,0.0,0.0077,0.0,0
20882041.pdf,974774701,Kate Meadows Writing and Editing,Blog writer and virtual assistant,1,4,5,5,0.2,0,0,1,0,Communication,"iOS SDK, Black, Coaching, Time Management",0.3904,0.0,0.0077,0.0,1
28923650.pdf,3551631423,Miracles for Kids,Community Program Assistant,0,9,6,9,0.0,0,0,0,0,,"iOS SDK, Communication, Work Ethic, Excel, Cultural Awareness, Automated Testing, Teamwork, Move, Apache Solr",0.3004,0.0,0.0074,0.0,0
11981094.pdf,1168783207,,Reps manager,0,6,14,6,0.0,0,0,0,0,,"iOS SDK, Work Ethic, GitHub Actions, Reverse Engineering, Spring Framework, Computer Vision",0.3504,0.25,0.0076,8.0,0
21847415.pdf,3586242087,,Director of Sales,2,6,6,8,0.25,0,0,1,0,"Communication, D","iOS SDK, Strategic Thinking, Automated Testing, Negotiation, Leadership, Apache Solr",0.3949,0.0,0.0227,0.0,1
14049846.pdf,3196627399,Bellevue Downtown Association,Marketing & Communications – Content Writer Internship,0,13,4,13,0.0,0,0,0,0,,"iOS SDK, Communication, Work Ethic, Attention to Detail, Apache Solr, Problem Solving, HTML, Reverse Engineering, Time Management, Teamwork, Leadership, Collaboration, Amazon Neptune",0.3007,0.0,0.0138,0.0,0
21847415.pdf,3540371917,KeyBank,Enterprise Data & Analytics Infrastructure Manager,0,0,6,0,0.0,0,0,0,0,,,0.3004,0.0,0.0081,60.0,0
11981094.pdf,3075721793,ASA Architects,Architect/Project Manager,1,5,14,6,0.1667,0,0,1,0,Communication,"iOS SDK, Automated Testing, Azure Synapse Analytics, Amazon Neptune, Apache Solr",0.4154,0.2,0.0073,28.0,1
21629057.pdf,3480552482,Women choice,Summer Intern for Women International Company,1,6,7,7,0.1429,0,0,2,0,Leadership,"iOS SDK, Communication, Make, Apache Solr, C, Amazon Neptune",0.3861,0.0,0.0075,0.0,1
21847415.pdf,2748500131,"City of Germantown, TN",Director of Public Works,0,7,6,7,0.0,0,0,0,0,,"iOS SDK, Work Ethic, Automated Testing, Apache Solr, Negotiation, Accountability, Amazon Neptune",0.3007,0.0,0.0149,0.0,0
13149176.pdf,2914254129,Eastern Indiana Works,Director of Operations,2,7,7,9,0.2222,2,0,1,0,"D, Time Management","iOS SDK, Facilitation, Communication, Apache Solr, Problem Solving, Move, Amazon Neptune",0.2337,0.0,0.0074,0.0,1
24322804.pdf,3366698309,Webologix Ltd/ INC,Anaplan Developer,1,5,7,6,0.1667,0,0,0,0,Communication,"Excel, Work Ethic, Amazon Neptune, Agile, Apache Solr",0.3512,0.0,0.0233,28.0,1
27152464.pdf,3551631423,Miracles for Kids,Community Program Assistant,1,8,37,9,0.1111,0,0,1,2,Communication,"iOS SDK, Excel, Work Ethic, Cultural Awareness, Automated Testing, Teamwork, Move, Apache Solr",0.3504,0.0,0.0074,0.0,1
19397727.pdf,3533320307,NLB Services,Java architect / Lead Java developer,0,5,5,5,0.0,0,0,0,0,,"Automated Testing, REST API, React, TypeScript, Java",0.3006,0.0,0.0115,80.0,0
28631840.pdf,3480552482,Women choice,Summer Intern for Women International Company,1,6,2,7,0.1429,0,0,1,0,Leadership,"iOS SDK, Communication, Make, Apache Solr, C, Amazon Neptune",0.3649,0.0,0.0132,0.0,1
28630325.pdf,2157930553,Brady Insurance Group LLC,Customer Service Representative,0,10,12,10,0.0,0,0,0,0,,"iOS SDK, Communication, Work Ethic, Make, Automated Testing, Problem Solving, Apache Solr, Integration Testing, Azure Monitor, Amazon Neptune",0.3007,0.0,0.0146,8.0,0
19612167.pdf,3251984218,SLS Solutions,SAP BTP,0,2,4,2,0.0,0,0,0,0,,"iOS SDK, SQL",0.3,0.0,0.0,8.0,0
19397727.pdf,3245063922,Saxon AI,Data Architect,0,5,5,5,0.0,0,0,0,0,,"Cultural Awareness, Amazon Web Services, Apache Spark, Python, SQL",0.3,0.0,0.0,64.0,0
17108676.pdf,3184403524,San José Clinic,Events & Communications Assistant,3,11,5,14,0.2143,0,0,5,0,"Communication, Excel, Time Management","iOS SDK, Creativity, Automated Testing, Apache Solr, D, Schema Registry, C, Quality Assurance, Pull Requests, Go, Amazon Neptune",0.4193,0.0,0.0288,0.0,1
13264796.pdf,3184403524,San José Clinic,Events & Communications Assistant,2,12,11,14,0.1429,0,0,5,0,"Quality Assurance, Communication","iOS SDK, Excel, Creativity, Automated Testing, Apache Solr, D, Schema Registry, Time Management, C, Pull Requests, Go, Amazon Neptune",0.3975,0.0,0.0214,0.0,1
25919149.pdf,56482768,,Appalachian Highlands Women's Business Center,1,12,6,13,0.0769,0,0,0,0,Make,"iOS SDK, Communication, Work Ethic, Excel, Facilitation, Strategic Thinking, Automated Testing, Product Management, Apache Solr, Leadership, Collaboration, Amazon Neptune",0.3251,0.0,0.0405,0.0,0
24647794.pdf,3431736996,Marquee Event Rentals,Client Service Representative,0,8,9,8,0.0,0,0,0,0,,"iOS SDK, Azure Resource Manager, Attention to Detail, Automated Testing, Apache Solr, Integration Testing, Room, Amazon Neptune",0.3004,0.0,0.0073,8.0,0
24647794.pdf,266566927,Revesco Properties,Marketing & Office Coordinator,0,10,9,10,0.0,0,0,0,0,,"CRI-O, HubSpot, Excel, iOS SDK, Automated Testing, Ownership, Apache Solr, Apache Druid, Adaptability, Amazon Neptune",0.3004,0.0,0.0072,0.0,0
17103000.pdf,974774701,Kate Meadows Writing and Editing,Blog writer and virtual assistant,1,4,4,5,0.2,0,0,1,0,Communication,"iOS SDK, Black, Coaching, Time Management",0.3904,0.0,0.0077,0.0,1
27040860.pdf,266566927,Revesco Properties,Marketing & Office Coordinator,1,9,4,10,0.1,0,0,0,0,Excel,"CRI-O, HubSpot, iOS SDK, Ownership, Automated Testing, Apache Solr, Apache Druid, Adaptability, Amazon Neptune",0.3316,0.0,0.0319,0.0,1
19612167.pdf,3018278978,Aston Carter,Seasonal Office Administrator,0,5,4,5,0.0,0,0,0,0,,"iOS SDK, Work Ethic, Automated Testing, Amazon Neptune, Apache Solr",0.3,0.0,0.0,0.0,0
28320387.pdf,2735151240,LT Apparel Group,Intern- Business Analytics,1,7,5,8,0.125,0,0,1,0,Communication,"Power BI, Tableau, Excel, Work Ethic, iOS SDK, Teamwork, Amazon Neptune",0.3566,0.0,0.0076,20.0,1
12011623.pdf,3245063922,Saxon AI,Data Architect,2,3,12,5,0.4,0,0,1,0,"Python, SQL","Apache Spark, Amazon Web Services, Cultural Awareness",0.4504,0.0,0.0077,64.0,1
17043822.pdf,1168783207,,Reps manager,0,6,11,6,0.0,0,0,0,0,,"iOS SDK, Work Ethic, GitHub Actions, Reverse Engineering, Spring Framework, Computer Vision",0.35,0.25,0.0,8.0,0
17926546.pdf,3586242087,,Director of Sales,2,6,9,8,0.25,0,0,1,0,"Leadership, D","iOS SDK, Communication, Strategic Thinking, Automated Testing, Negotiation, Apache Solr",0.3949,0.0,0.0227,0.0,1
19397727.pdf,121605673,,Licensed Acupuncturist,2,6,5,8,0.25,0,0,0,0,"Communication, D","iOS SDK, Work Ethic, Apache Solr, Reverse Engineering, Time Management, Amazon Neptune",0.3761,0.0,0.022,0.0,1
18753367.pdf,1168783207,,Reps manager,0,6,6,6,0.0,0,0,0,0,,"iOS SDK, Work Ethic, GitHub Actions, Reverse Engineering, Spring Framework, Computer Vision",0.3408,0.2,0.0153,8.0,0
28831378.pdf,3592392532,Lorenz Motors,Drone-Car Engineer,1,5,2,6,0.1667,0,0,0,0,Work Ethic,"iOS SDK, Communication, Automated Testing, Collaboration, Apache Solr",0.3516,0.0,0.031,20.0,1
25797445.pdf,3582587683,McNaughton Bros. Inc.,Accounts Analyst,1,5,2,6,0.1667,0,0,0,0,Communication,"iOS SDK, Work Ethic, Automated Testing, Amazon Neptune, Apache Solr",0.3511,0.0,0.0229,20.0,1
21847415.pdf,368586246,STL Fertility,Embryologist,1,4,6,5,0.2,0,0,0,0,Excel,"Automated Testing, CompTIA A+, Integration Testing, Apache Solr",0.3612,0.0,0.0236,0.0,1
17926546.pdf,3540371917,KeyBank,Enterprise Data & Analytics Infrastructure Manager,0,0,9,0,0.0,0,0,0,0,,,0.3,0.0,0.0,60.0,0
28320387.pdf,2954591060,Naked Wardrobe,Social Media Coordinator,1,3,5,4,0.25,0,0,1,0,Communication,"iOS SDK, Fluent Bit, Collaboration",0.4133,0.0,0.0155,0.0,1
28831378.pdf,3366698309,Webologix Ltd/ INC,Anaplan Developer,1,5,2,6,0.1667,0,0,0,0,Work Ethic,"Communication, Excel, Amazon Neptune, Agile, Apache Solr",0.3512,0.0,0.0233,28.0,1
21038022.pdf,3520238337,Grant Writing Solutions,Grants Writer - Subcontract,1,4,12,5,0.2,0,0,0,0,Communication,"Apache Solr, iOS SDK, Mentoring, Attention to Detail",0.3604,0.0,0.0077,0.0,0
20882041.pdf,2954591060,Naked Wardrobe,Social Media Coordinator,1,3,5,4,0.25,0,0,1,0,Communication,"iOS SDK, Fluent Bit, Collaboration",0.4133,0.0,0.0155,0.0,1
14049846.pdf,2954591060,Naked Wardrobe,Social Media Coordinator,0,4,4,4,0.0,0,0,0,0,,"iOS SDK, Communication, Fluent Bit, Collaboration",0.3004,0.0,0.0077,0.0,0
12011623.pdf,2457183642,Galerie Candy and Gifts,Quality Assurance Manager,0,11,12,11,0.0,0,0,0,0,,"iOS SDK, Communication, Excel, Make, Apache Solr, Mobile Security, Time Management, Quality Assurance, Qt Creator, Decision Making, Amazon Neptune",0.3404,0.2,0.0072,28.0,0
21847415.pdf,3379554375,Nebraska Public Media,Finishing Editor,1,7,6,8,0.125,0,0,1,0,Make,"CRI-O, iOS SDK, Privileged Access Management, Automated Testing, Problem Solving, Composer, Apache Solr",0.357,0.0,0.0147,0.0,1
21847415.pdf,3578562287,Beat the Streets - Baltimore,Swahili Instructor,1,5,6,6,0.1667,0,0,0,0,Communication,"iOS SDK, Work Ethic, Automated Testing, Apache Ignite, Amazon Neptune",0.3511,0.0,0.0229,0.0,1
24647794.pdf,121605673,,Licensed Acupuncturist,2,6,9,8,0.25,0,0,2,0,"Communication, D","iOS SDK, Work Ethic, Apache Solr, Reverse Engineering, Time Management, Amazon Neptune",0.4133,0.0,0.015,0.0,1
27756469.pdf,3045980831,Armstrong Builders LLC,Project Engineer,1,3,10,4,0.25,0,0,0,0,Attention to Detail,"Automated Testing, Communication, Mobile Security",0.3758,0.0,0.0156,28.0,1
27152464.pdf,2748500131,"City of Germantown, TN",Director of Public Works,0,7,37,7,0.0,0,0,0,2,,"iOS SDK, Work Ethic, Automated Testing, Apache Solr, Negotiation, Accountability, Amazon Neptune",0.3,0.0,0.0,0.0,0
14049846.pdf,3379554375,Nebraska Public Media,Finishing Editor,1,7,4,8,0.125,0,0,1,0,Make,"CRI-O, iOS SDK, Privileged Access Management, Automated Testing, Problem Solving, Composer, Apache Solr",0.3566,0.0,0.0073,0.0,1
20566550.pdf,1573178251,,Social Media Coordinator,0,5,11,5,0.0,0,0,0,1,,"Work Ethic, Automated Testing, Reverse Engineering, Computer Vision, Apache Solr",0.3008,0.0,0.0154,0.0,0
28831378.pdf,133130219,,Software Engineer,0,0,2,0,0.0,0,0,0,0,,,0.3012,0.0,0.0248,40.0,0
17926546.pdf,2147609712,The Job Network,Med-RN ER,0,8,9,8,0.0,0,0,0,0,,"iOS SDK, Work Ethic, Cultural Awareness, Automated Testing, Critical Thinking, React Native, Azure Monitor, Amazon Neptune",0.3004,0.0,0.0074,16.0,0
19396040.pdf,3211657373,AB Underground,Heavy Equipment Operator,1,6,8,7,0.1429,0,0,1,0,Make,"iOS SDK, Work Ethic, Apache Solr, Move, Room, Amazon Neptune",0.3643,0.0,0.0,0.0,1
27040860.pdf,3478651125,Axalume,Photonics Layout Intern,1,7,4,8,0.125,0,0,0,0,Communication,"iOS SDK, Work Ethic, Make, Python, Informatica PowerCenter, C#, Apache Solr",0.3381,0.0,0.0111,8.0,0
15601399.pdf,133130219,,Software Engineer,0,0,1,0,0.0,0,0,0,0,,,0.3004,0.0,0.0081,40.0,0
17926546.pdf,2157930553,Brady Insurance Group LLC,Customer Service Representative,1,9,9,10,0.1,0,0,0,0,Problem Solving,"iOS SDK, Communication, Work Ethic, Make, Automated Testing, Apache Solr, Integration Testing, Azure Monitor, Amazon Neptune",0.3307,0.0,0.0146,8.0,0
14049846.pdf,3177010992,ABC Farigua Division,Customer Service Representative,0,6,4,6,0.0,0,0,0,0,,"iOS SDK, Work Ethic, Responsive Design, Reverse Engineering, Mobile Security, Amazon Neptune",0.3011,0.0,0.0229,8.0,0
27756469.pdf,844454682,,Commercial Property Manager,1,5,10,6,0.1667,0,0,0,0,Excel,"iOS SDK, Automated Testing, Amazon Neptune, Spring Framework, Apache Solr",0.3511,0.0,0.0226,8.0,1
11981094.pdf,3366698309,Webologix Ltd/ INC,Anaplan Developer,1,5,14,6,0.1667,0,0,1,0,Communication,"Excel, Work Ethic, Amazon Neptune, Agile, Apache Solr",0.3754,0.0,0.0076,28.0,1
25425322.pdf,3480552482,Women choice,Summer Intern for Women International Company,1,6,2,7,0.1429,0,0,1,0,Leadership,"iOS SDK, Communication, Make, Apache Solr, C, Amazon Neptune",0.3643,0.0,0.0,0.0,1
19397727.pdf,2954591060,Naked Wardrobe,Social Media Coordinator,1,3,5,4,0.25,0,0,0,0,Communication,"iOS SDK, Fluent Bit, Collaboration",0.3761,0.0,0.023,0.0,1
17488801.pdf,3245063922,Saxon AI,Data Architect,0,5,4,5,0.0,0,0,0,0,,"Cultural Awareness, Amazon Web Services, Apache Spark, Python, SQL",0.3004,0.0,0.0077,64.0,0
16911115.pdf,103254301,Raw Cereal,Producer,0,4,7,4,0.0,0,0,0,0,,"Reverse Engineering, iOS SDK, Apache Ignite, Work Ethic",0.3004,0.0,0.0079,0.0,0
24647794.pdf,3540371917,KeyBank,Enterprise Data & Analytics Infrastructure Manager,0,0,9,0,0.0,0,0,0,0,,,0.3004,0.0,0.0081,60.0,0
19397727.pdf,1573178251,,Social Media Coordinator,0,5,5,5,0.0,0,0,0,0,,"Work Ethic, Automated Testing, Reverse Engineering, Computer Vision, Apache Solr",0.3017,0.0,0.0345,0.0,0
28631840.pdf,3196627399,Bellevue Downtown Association,Marketing & Communications – Content Writer Internship,1,12,2,13,0.0769,0,0,0,0,Leadership,"iOS SDK, Communication, Work Ethic, Attention to Detail, Problem Solving, HTML, Amazon Neptune, Reverse Engineering, Time Management, Teamwork, Collaboration, Apache Solr",0.3254,0.0,0.0465,0.0,0
13149176.pdf,3379554375,Nebraska Public Media,Finishing Editor,0,8,7,8,0.0,0,0,0,0,,"CRI-O, iOS SDK, Privileged Access Management, Automated Testing, Make, Problem Solving, Composer, Apache Solr",0.3011,0.0,0.0222,0.0,0
17488801.pdf,3592392532,Lorenz Motors,Drone-Car Engineer,1,5,4,6,0.1667,0,0,0,0,Communication,"iOS SDK, Work Ethic, Automated Testing, Collaboration, Apache Solr",0.3508,0.0,0.0153,20.0,1
11890896.pdf,2147609929,The Job Network,Production Planner,2,9,6,11,0.1818,2,0,3,0,"Leadership, C","iOS SDK, Excel, Work Ethic, Make, Automated Testing, Apache Solr, IBM Db2, Mobile Security, Amazon Neptune",0.2462,0.0,0.0142,8.0,1
11981094.pdf,2157930553,Brady Insurance Group LLC,Customer Service Representative,1,9,14,10,0.1,0,0,1,0,Communication,"iOS SDK, Work Ethic, Make, Automated Testing, Problem Solving, Apache Solr, Integration Testing, Azure Monitor, Amazon Neptune",0.3457,0.0,0.0146,8.0,1
19396040.pdf,133130219,,Software Engineer,0,0,8,0,0.0,0,0,0,0,,,0.3008,0.0,0.0164,40.0,0
17926546.pdf,2457183642,Galerie Candy and Gifts,Quality Assurance Manager,1,10,9,11,0.0909,0,0,0,0,Excel,"iOS SDK, Communication, Make, Apache Solr, Mobile Security, Time Management, Quality Assurance, Qt Creator, Decision Making, Amazon Neptune",0.3276,0.0,0.0072,28.0,0
17108676.pdf,2195921577,,Associate Planner,3,10,5,13,0.2308,2,0,2,0,"Communication, Excel, Leadership","iOS SDK, Work Ethic, Strategic Thinking, Automated Testing, Problem Solving, Apache Solr, Mobile Security, Teamwork, Move, Amazon Neptune",0.2441,0.0,0.0362,8.0,1
28505854.pdf,2372177891,iWealth,Client Service Associate,0,5,21,5,0.0,0,0,0,1,,"CRI-O, Automated Testing, Integration Testing, Room, Apache Solr",0.3004,0.0,0.0078,0.0,0
17103000.pdf,95428182,CLEVELAND KIDS BOOK BANK,Administrative Coordinator,1,11,4,12,0.0833,0,0,1,0,Communication,"iOS SDK, Work Ethic, Make, Automated Testing, Attention to Detail, Apache Solr, Azure Monitor, Time Management, Collaboration, Creativity, Amazon Neptune",0.3382,0.0,0.0142,8.0,0
17043822.pdf,3184403524,San José Clinic,Events & Communications Assistant,3,11,11,14,0.2143,0,0,5,0,"Communication, Excel, C","iOS SDK, Creativity, Automated Testing, Apache Solr, D, Schema Registry, Time Management, Quality Assurance, Pull Requests, Go, Amazon Neptune",0.4193,0.0,0.0288,0.0,1
13264796.pdf,2748500131,"City of Germantown, TN",Director of Public Works,0,7,11,7,0.0,0,0,0,0,,"iOS SDK, Work Ethic, Automated Testing, Apache Solr, Negotiation, Accountability, Amazon Neptune",0.3504,0.25,0.0074,0.0,0
17108676.pdf,103254301,Raw Cereal,Producer,0,4,5,4,0.0,0,0,0,0,,"Reverse Engineering, iOS SDK, Apache Ignite, Work Ethic",0.3004,0.0,0.0079,0.0,0
11890896.pdf,2147609789,Revature,Entry Level Oracle Financial Technology Consultant,0,5,6,5,0.0,0,0,0,0,,"iOS SDK, Communication, Work Ethic, Amazon Neptune, Apache Solr",0.3007,0.0,0.0149,28.0,0
10624813.pdf,2147609835,The Job Network,Trade Review Principal,1,8,23,9,0.1111,0,0,1,0,Reverse Engineering,"iOS SDK, Work Ethic, Make, Ownership, Automated Testing, Apache Solr, Vector Embeddings, Amazon Neptune",0.3507,0.0,0.0147,0.0,1
12011623.pdf,3480552482,Women choice,Summer Intern for Women International Company,1,6,12,7,0.1429,0,0,1,0,C,"iOS SDK, Communication, Make, Apache Solr, Leadership, Amazon Neptune",0.3647,0.0,0.0075,0.0,1
17926546.pdf,3045980831,Armstrong Builders LLC,Project Engineer,0,4,9,4,0.0,0,0,0,0,,"Automated Testing, Communication, Mobile Security, Attention to Detail",0.3012,0.0,0.0236,28.0,0
21298336.pdf,3592392532,Lorenz Motors,Drone-Car Engineer,0,6,3,6,0.0,0,0,0,0,,"iOS SDK, Communication, Work Ethic, Automated Testing, Collaboration, Apache Solr",0.3009,0.0,0.0179,20.0,0
17108676.pdf,3610591138,Mountain View Eye Center,Ophthalmic Technician,2,7,5,9,0.2222,0,0,2,0,"Communication, Leadership","CRI-O, iOS SDK, Work Ethic, D, Model Deployment, Coaching, Amazon Neptune",0.4008,0.0,0.0153,0.0,1
21038022.pdf,3555161614,Starup Insurance,User Experience Designer,1,5,12,6,0.1667,0,0,0,0,Communication,"iOS SDK, Work Ethic, Design Thinking, User-Centered Design, Collaboration",0.3508,0.0,0.0156,0.0,1
28628090.pdf,445337908,Food Bank of Alaska,Chief Operating Officer,3,4,14,7,0.4286,0,0,3,0,"Leadership, D, Make","Automated Testing, iOS SDK, Apache Druid, Amazon Neptune",0.4929,0.0,0.0,0.0,1
28078163.pdf,3466187886,Landscape Management Group,Owner,1,8,14,9,0.1111,0,0,0,0,Communication,"iOS SDK, Work Ethic, Automated Testing, Key Management, Integration Testing, Collaboration, Creativity, Amazon Neptune",0.3337,0.0,0.0075,0.0,0
25425322.pdf,2457183642,Galerie Candy and Gifts,Quality Assurance Manager,0,11,2,11,0.0,0,0,0,0,,"iOS SDK, Communication, Excel, Make, Apache Solr, Mobile Security, Time Management, Quality Assurance, Qt Creator, Decision Making, Amazon Neptune",0.35,0.25,0.0,28.0,0
25425322.pdf,3196627399,Bellevue Downtown Association,Marketing & Communications – Content Writer Internship,1,12,2,13,0.0769,0,0,0,0,Leadership,"iOS SDK, Communication, Work Ethic, Attention to Detail, Problem Solving, HTML, Amazon Neptune, Reverse Engineering, Time Management, Teamwork, Collaboration, Apache Solr",0.3241,0.0,0.0208,0.0,0
15139979.pdf,3045980831,Armstrong Builders LLC,Project Engineer,0,4,9,4,0.0,0,0,1,0,,"Automated Testing, Communication, Mobile Security, Attention to Detail",0.3379,0.0,0.0078,28.0,0
28631840.pdf,3537193915,DIGS Vacation Rentals.com,Field Operations Specialist,0,7,2,7,0.0,0,0,0,0,,"iOS SDK, Communication, Work Ethic, Cultural Awareness, Apache Solr, Problem Solving, Amazon Neptune",0.3513,0.25,0.0256,0.0,0
14554542.pdf,3466187886,Landscape Management Group,Owner,1,8,3,9,0.1111,0,0,0,0,Communication,"iOS SDK, Work Ethic, Automated Testing, Key Management, Integration Testing, Collaboration, Creativity, Amazon Neptune",0.3337,0.0,0.0075,0.0,0
19397727.pdf,3322949022,Kenai Capital Advisors,"Director, Investment Sales",1,8,5,9,0.1111,0,0,0,0,Communication,"iOS SDK, Excel, Work Ethic, Azure Resource Manager, Automated Testing, Apache Solr, Negotiation, Amazon Neptune",0.3349,0.0,0.0312,8.0,1
23497307.pdf,368586246,STL Fertility,Embryologist,1,4,6,5,0.2,0,0,0,0,Excel,"Automated Testing, CompTIA A+, Integration Testing, Apache Solr",0.3608,0.0,0.0156,0.0,1
28831378.pdf,3586242087,,Director of Sales,0,8,2,8,0.0,0,0,1,0,,"iOS SDK, Communication, Strategic Thinking, Automated Testing, Negotiation, D, Leadership, Apache Solr",0.3195,0.0,0.015,0.0,0
26456899.pdf,3245063922,Saxon AI,Data Architect,1,4,10,5,0.2,0,0,0,0,SQL,"Apache Spark, Amazon Web Services, Cultural Awareness, Python",0.3607,0.0,0.0137,64.0,0
28762662.pdf,3533320307,NLB Services,Java architect / Lead Java developer,1,4,18,5,0.2,0,0,2,0,REST API,"Automated Testing, TypeScript, React, Java",0.4204,0.0,0.0078,80.0,1
28831378.pdf,3045980831,Armstrong Builders LLC,Project Engineer,0,4,2,4,0.0,0,0,0,0,,"Automated Testing, Communication, Mobile Security, Attention to Detail",0.3012,0.0,0.0236,28.0,0
20566550.pdf,2372177891,iWealth,Client Service Associate,0,5,11,5,0.0,0,0,0,1,,"CRI-O, Automated Testing, Integration Testing, Room, Apache Solr",0.3004,0.0,0.0078,0.0,0
27040860.pdf,3045980831,Armstrong Builders LLC,Project Engineer,2,2,4,4,0.5,0,0,0,0,"Communication, Attention to Detail","Automated Testing, Mobile Security",0.4518,0.0,0.0353,28.0,1
14554542.pdf,3219089287,,Recruitment Manager,1,2,3,3,0.3333,0,0,0,0,Leadership,"Automated Testing, Apache Solr",0.4,0.0,0.0,0.0,0
28762662.pdf,3540371917,KeyBank,Enterprise Data & Analytics Infrastructure Manager,0,0,18,0,0.0,0,0,0,0,,,0.3286,0.1429,0.0,60.0,0
11981094.pdf,368586246,STL Fertility,Embryologist,0,5,14,5,0.0,0,0,0,0,,"CompTIA A+, Excel, Automated Testing, Integration Testing, Apache Solr",0.3,0.0,0.0,0.0,0
15858254.pdf,3551631423,Miracles for Kids,Community Program Assistant,1,8,5,9,0.1111,0,0,0,0,Communication,"iOS SDK, Excel, Work Ethic, Cultural Awareness, Automated Testing, Teamwork, Move, Apache Solr",0.334,0.0,0.0135,0.0,0
17108676.pdf,3592392532,Lorenz Motors,Drone-Car Engineer,1,5,5,6,0.1667,0,0,1,0,Communication,"iOS SDK, Work Ethic, Automated Testing, Collaboration, Apache Solr",0.3762,0.0,0.0231,20.0,1
28078163.pdf,3582587683,McNaughton Bros. Inc.,Accounts Analyst,1,5,14,6,0.1667,0,0,0,0,Communication,"iOS SDK, Work Ethic, Automated Testing, Amazon Neptune, Apache Solr",0.3504,0.0,0.0075,20.0,0
19396040.pdf,368586246,STL Fertility,Embryologist,1,4,8,5,0.2,0,0,0,0,Excel,"Automated Testing, CompTIA A+, Integration Testing, Apache Solr",0.3608,0.0,0.0156,0.0,1
25919149.pdf,133130219,,Software Engineer,0,0,6,0,0.0,0,0,0,0,,,0.3009,0.0,0.0185,40.0,0
24322804.pdf,3480552482,Women choice,Summer Intern for Women International Company,4,3,7,7,0.5714,0,0,0,0,"Communication, Leadership, C, Make","Apache Solr, iOS SDK, Amazon Neptune",0.473,0.0,0.0308,0.0,1
10219099.pdf,2157930553,Brady Insurance Group LLC,Customer Service Representative,2,8,5,10,0.2,0,0,0,0,"Problem Solving, Communication","iOS SDK, Work Ethic, Make, Automated Testing, Apache Solr, Integration Testing, Azure Monitor, Amazon Neptune",0.3618,0.0,0.036,8.0,1
21298336.pdf,3245063922,Saxon AI,Data Architect,0,5,3,5,0.0,0,0,0,0,,"Cultural Awareness, Amazon Web Services, Apache Spark, Python, SQL",0.3,0.0,0.0,64.0,0
23497307.pdf,3537193915,DIGS Vacation Rentals.com,Field Operations Specialist,1,6,6,7,0.1429,0,0,0,0,Communication,"iOS SDK, Work Ethic, Cultural Awareness, Apache Solr, Problem Solving, Amazon Neptune",0.3436,0.0,0.0148,0.0,0
23497307.pdf,2954591060,Naked Wardrobe,Social Media Coordinator,1,3,6,4,0.25,0,0,0,0,Communication,"iOS SDK, Fluent Bit, Collaboration",0.3762,0.0,0.0234,0.0,1
15139979.pdf,3184403524,San José Clinic,Events & Communications Assistant,2,12,9,14,0.1429,0,0,6,0,"Quality Assurance, Time Management","iOS SDK, Communication, Excel, Creativity, Automated Testing, Apache Solr, D, Schema Registry, C, Pull Requests, Go, Amazon Neptune",0.4586,0.25,0.0288,0.0,1
25797445.pdf,2147609789,Revature,Entry Level Oracle Financial Technology Consultant,1,4,2,5,0.2,0,0,0,0,Communication,"Apache Solr, iOS SDK, Work Ethic, Amazon Neptune",0.3611,0.0,0.0226,28.0,1
19396040.pdf,974774701,Kate Meadows Writing and Editing,Blog writer and virtual assistant,0,5,8,5,0.0,0,0,0,0,,"iOS SDK, Communication, Time Management, Black, Coaching",0.3,0.0,0.0,0.0,0
25608963.pdf,95428182,CLEVELAND KIDS BOOK BANK,Administrative Coordinator,1,11,9,12,0.0833,0,0,0,0,Communication,"iOS SDK, Work Ethic, Make, Automated Testing, Attention to Detail, Apache Solr, Azure Monitor, Time Management, Collaboration, Creativity, Amazon Neptune",0.3254,0.0,0.007,8.0,0
18753367.pdf,3383214611,Crisp,Account Executive - Mid-Market,2,11,6,13,0.1538,0,0,1,0,"Communication, Make","iOS SDK, Excel, Work Ethic, Automated Testing, Apache Solr, Salesforce, Reverse Engineering, Integration Testing, D, Teamwork, Amazon Neptune",0.3588,0.0,0.0219,0.0,1
28630325.pdf,3619548798,"Dexterity, Inc.",Senior Mechanical Engineer,0,10,12,10,0.0,0,0,0,0,,"iOS SDK, Work Ethic, Cultural Awareness, Make, Automated Testing, Technical Writing, Apache Solr, Reverse Engineering, Leadership, Amazon Neptune",0.3014,0.0,0.029,20.0,0
27756469.pdf,2826285517,Butler University,"Assistant Director of Admission, Midwest Regional Representative",2,11,10,13,0.1538,0,0,0,0,"Leadership, Attention to Detail","iOS SDK, Communication, Work Ethic, Make, Automated Testing, Sentence Transformers, Apache Solr, HIPAA Security, Presentation Skills, Teamwork, Amazon Neptune",0.3479,0.0,0.0347,8.0,1
10219099.pdf,175485704,GOYT,Software Engineer,1,10,5,11,0.0909,0,0,0,0,Communication,"iOS SDK, MySQL, Work Ethic, JavaScript, Apache Solr, HTML, PHP, CSS, Collaboration, Amazon Neptune",0.3282,0.0,0.0182,64.0,0
28923650.pdf,3540371917,KeyBank,Enterprise Data & Analytics Infrastructure Manager,0,0,6,0,0.0,0,0,0,0,,,0.3008,0.0,0.0163,60.0,0
27756469.pdf,266566927,Revesco Properties,Marketing & Office Coordinator,2,8,10,10,0.2,0,0,1,0,"Ownership, Excel","CRI-O, HubSpot, iOS SDK, Automated Testing, Apache Solr, Apache Druid, Adaptability, Amazon Neptune",0.3757,0.0,0.0146,0.0,1
15858254.pdf,3127577086,Avero Diagnostics,Histologist - HT,4,20,5,24,0.1667,1,0,0,0,"Quality Assurance, Communication, Windows, Time Management","iOS SDK, Facilitation, Negotiation, Apache Pinot, Mobile Security, Visual Studio, Qt Creator, Leadership, Apache Solr, Conflict Resolution, Excel, Work Ethic, Attention to Detail, Automated Testing, Problem Solving, HTML, Integration Testing, Collaboration, Room, Amazon Neptune",0.2039,0.0,0.0778,8.0,1
20882041.pdf,3211657373,AB Underground,Heavy Equipment Operator,0,7,5,7,0.0,0,0,0,0,,"iOS SDK, Work Ethic, Make, Apache Solr, Move, Room, Amazon Neptune",0.3004,0.0,0.0076,0.0,0
23438227.pdf,3586242087,,Director of Sales,0,8,4,8,0.0,0,0,1,0,,"iOS SDK, Communication, Strategic Thinking, Automated Testing, Negotiation, D, Leadership, Apache Solr",0.3191,0.0,0.0075,0.0,0
17043822.pdf,3515274431,Conduit Tech,Customer Success Manager,3,9,11,12,0.25,0,0,3,0,"Ownership, Communication, Excel","CRI-O, iOS SDK, Work Ethic, Automated Testing, Apache Solr, Exploratory Testing, Reverse Engineering, Integration Testing, Amazon Neptune",0.4536,0.2,0.0219,0.0,1
13264796.pdf,2790549389,Rogue Ales & Spirits,National Sales Manager,1,12,11,13,0.0769,3,0,3,0,Communication,"iOS SDK, Work Ethic, Make, Automated Testing, Apache Solr, Reverse Engineering, Collaboration, Integration Testing, Leadership, Move, Go, Amazon Neptune",0.3018,0.0,0.0071,0.0,0
14049846.pdf,3610591138,Mountain View Eye Center,Ophthalmic Technician,0,9,4,9,0.0,0,0,1,0,,"CRI-O, iOS SDK, Communication, Work Ethic, D, Model Deployment, Leadership, Coaching, Amazon Neptune",0.3167,0.0,0.0,0.0,0
19612167.pdf,974774701,Kate Meadows Writing and Editing,Blog writer and virtual assistant,1,4,4,5,0.2,0,0,1,0,Communication,"iOS SDK, Black, Coaching, Time Management",0.3908,0.0,0.0155,0.0,1
28762662.pdf,1168783207,,Reps manager,0,6,18,6,0.0,0,0,0,0,,"iOS SDK, Work Ethic, GitHub Actions, Reverse Engineering, Spring Framework, Computer Vision",0.3504,0.25,0.0076,8.0,0
10624813.pdf,3610591138,Mountain View Eye Center,Ophthalmic Technician,0,9,23,9,0.0,0,0,1,0,,"CRI-O, iOS SDK, Communication, Work Ethic, D, Model Deployment, Leadership, Coaching, Amazon Neptune",0.317,0.0,0.0076,0.0,0
17043822.pdf,2147609712,The Job Network,Med-RN ER,0,8,11,8,0.0,0,0,0,0,,"iOS SDK, Work Ethic, Cultural Awareness, Automated Testing, Critical Thinking, React Native, Azure Monitor, Amazon Neptune",0.3,0.0,0.0,16.0,0
27756469.pdf,3466187886,Landscape Management Group,Owner,0,9,10,9,0.0,0,0,0,0,,"iOS SDK, Communication, Work Ethic, Automated Testing, Key Management, Integration Testing, Collaboration, Creativity, Amazon Neptune",0.3008,0.0,0.0152,0.0,0
15941675.pdf,3251984218,SLS Solutions,SAP BTP,0,2,5,2,0.0,0,0,0,0,,"iOS SDK, SQL",0.3,0.0,0.0,8.0,0
17488801.pdf,1168783207,,Reps manager,0,6,4,6,0.0,0,0,0,0,,"iOS SDK, Work Ethic, GitHub Actions, Reverse Engineering, Spring Framework, Computer Vision",0.3504,0.25,0.0076,8.0,0
23497307.pdf,3555161614,Starup Insurance,User Experience Designer,1,5,6,6,0.1667,0,0,0,0,Communication,"iOS SDK, Work Ethic, Design Thinking, User-Centered Design, Collaboration",0.3504,0.0,0.0078,0.0,0
25797445.pdf,3308438674,Consulate General of Israel to New England,Director of Communications and Digital Diplomacy,1,7,2,8,0.125,0,0,0,0,Communication,"iOS SDK, Multi-Factor Authentication, Time Management, Pull Requests, Computer Vision, Creativity, Apache Solr",0.3382,0.0,0.0145,0.0,0
15858254.pdf,2796728000,"Thorpe Design, Inc.",Fire Sprinkler Designer,1,6,5,7,0.1429,0,0,0,0,Communication,"iOS SDK, Work Ethic, Cultural Awareness, Attention to Detail, Apache Solr, Amazon Neptune",0.3435,0.0,0.0137,0.0,0
27152464.pdf,3379554375,Nebraska Public Media,Finishing Editor,1,7,37,8,0.125,0,0,1,2,Make,"CRI-O, iOS SDK, Privileged Access Management, Automated Testing, Problem Solving, Composer, Apache Solr",0.3563,0.0,0.0,0.0,1
21847415.pdf,3520238337,Grant Writing Solutions,Grants Writer - Subcontract,1,4,6,5,0.2,0,0,0,0,Communication,"Apache Solr, iOS SDK, Mentoring, Attention to Detail",0.3604,0.0,0.0077,0.0,0
25797445.pdf,3466187886,Landscape Management Group,Owner,1,8,2,9,0.1111,0,0,0,0,Communication,"iOS SDK, Work Ethic, Automated Testing, Key Management, Integration Testing, Collaboration, Creativity, Amazon Neptune",0.3341,0.0,0.0152,0.0,1
21847415.pdf,3431736996,Marquee Event Rentals,Client Service Representative,0,8,6,8,0.0,0,0,0,0,,"iOS SDK, Azure Resource Manager, Attention to Detail, Automated Testing, Apache Solr, Integration Testing, Room, Amazon Neptune",0.3,0.0,0.0,8.0,0
27152464.pdf,133130219,,Software Engineer,0,0,37,0,0.0,0,0,0,2,,,0.3,0.0,0.0,40.0,0
21847415.pdf,974774701,Kate Meadows Writing and Editing,Blog writer and virtual assistant,1,4,6,5,0.2,0,0,0,0,Communication,"iOS SDK, Black, Coaching, Time Management",0.3608,0.0,0.0155,0.0,1
16911115.pdf,3610596223,,Commercial Auto Underwriter Assistant,3,6,7,9,0.3333,0,0,3,0,"Communication, Excel, Make","iOS SDK, Work Ethic, Apache Solr, Teamwork, C, Amazon Neptune",0.4515,0.0,0.0301,0.0,1
10030015.pdf,3610591138,Mountain View Eye Center,Ophthalmic Technician,0,9,1,9,0.0,0,0,0,0,,"CRI-O, iOS SDK, Communication, Work Ethic, D, Model Deployment, Leadership, Coaching, Amazon Neptune",0.3506,0.25,0.0116,0.0,0
24647794.pdf,3045980831,Armstrong Builders LLC,Project Engineer,1,3,9,4,0.25,0,0,1,0,Communication,"Automated Testing, Mobile Security, Attention to Detail",0.4129,0.0,0.0078,28.0,1
18753367.pdf,3466187886,Landscape Management Group,Owner,1,8,6,9,0.1111,0,0,0,0,Communication,"iOS SDK, Work Ethic, Automated Testing, Key Management, Integration Testing, Collaboration, Creativity, Amazon Neptune",0.3341,0.0,0.0152,0.0,1
26834746.pdf,2934066464,Dynamic SRG,Fundraising Associate,1,5,4,6,0.1667,0,0,1,0,Communication,"iOS SDK, Work Ethic, Automated Testing, Prioritization, Apache Solr",0.3754,0.0,0.0077,0.0,1
28505854.pdf,103254301,Raw Cereal,Producer,0,4,21,4,0.0,0,0,0,1,,"Reverse Engineering, iOS SDK, Apache Ignite, Work Ethic",0.3004,0.0,0.0079,0.0,0
28923650.pdf,3610596223,,Commercial Auto Underwriter Assistant,1,8,6,9,0.1111,0,0,1,0,C,"iOS SDK, Communication, Work Ethic, Excel, Make, Apache Solr, Teamwork, Amazon Neptune",0.3507,0.0,0.0148,0.0,1
19612167.pdf,3533320307,NLB Services,Java architect / Lead Java developer,0,5,4,5,0.0,0,0,0,0,,"Automated Testing, REST API, React, TypeScript, Java",0.3,0.0,0.0,80.0,0
26456899.pdf,95428182,CLEVELAND KIDS BOOK BANK,Administrative Coordinator,1,11,10,12,0.0833,0,0,0,0,Communication,"iOS SDK, Work Ethic, Make, Automated Testing, Attention to Detail, Apache Solr, Azure Monitor, Time Management, Collaboration, Creativity, Amazon Neptune",0.3274,0.0,0.0488,8.0,0
24322804.pdf,3383214611,Crisp,Account Executive - Mid-Market,3,10,7,13,0.2308,0,0,0,0,"Teamwork, Communication, Make","iOS SDK, Excel, Work Ethic, Automated Testing, Apache Solr, Salesforce, Reverse Engineering, Integration Testing, D, Amazon Neptune",0.3711,0.0,0.037,0.0,1
25425322.pdf,3219089287,,Recruitment Manager,1,2,2,3,0.3333,0,0,0,0,Leadership,"Automated Testing, Apache Solr",0.4671,0.3333,0.0079,0.0,1
25797445.pdf,3177010992,ABC Farigua Division,Customer Service Representative,0,6,2,6,0.0,0,0,0,0,,"iOS SDK, Work Ethic, Responsive Design, Reverse Engineering, Mobile Security, Amazon Neptune",0.3004,0.0,0.0075,8.0,0
10624813.pdf,133130219,,Software Engineer,0,0,23,0,0.0,0,0,0,0,,,0.3004,0.0,0.0081,40.0,0
10219099.pdf,3515274431,Conduit Tech,Customer Success Manager,1,11,5,12,0.0833,0,0,0,0,Communication,"CRI-O, iOS SDK, Excel, Work Ethic, Automated Testing, Ownership, Exploratory Testing, Apache Solr, Reverse Engineering, Integration Testing, Amazon Neptune",0.3259,0.0,0.0175,0.0,0
12518008.pdf,3196627399,Bellevue Downtown Association,Marketing & Communications – Content Writer Internship,1,12,5,13,0.0769,0,0,1,0,Leadership,"iOS SDK, Communication, Work Ethic, Attention to Detail, Apache Solr, Problem Solving, HTML, Reverse Engineering, Time Management, Teamwork, Collaboration, Amazon Neptune",0.336,0.0,0.028,0.0,0
28505854.pdf,3366698309,Webologix Ltd/ INC,Anaplan Developer,1,5,21,6,0.1667,0,0,0,1,Agile,"Communication, Work Ethic, Excel, Amazon Neptune, Apache Solr",0.3504,0.0,0.0076,28.0,1
24322804.pdf,3592392532,Lorenz Motors,Drone-Car Engineer,1,5,7,6,0.1667,0,0,0,0,Communication,"iOS SDK, Work Ethic, Automated Testing, Collaboration, Apache Solr",0.352,0.0,0.0391,20.0,1
12472574.pdf,3219089287,,Recruitment Manager,2,1,21,3,0.6667,0,0,0,2,"Automated Testing, Leadership",Apache Solr,0.5008,0.0,0.016,0.0,1
15139979.pdf,2157930553,Brady Insurance Group LLC,Customer Service Representative,2,8,9,10,0.2,0,0,3,0,"Problem Solving, Make","iOS SDK, Communication, Work Ethic, Automated Testing, Apache Solr, Integration Testing, Azure Monitor, Amazon Neptune",0.4054,0.0,0.0072,8.0,1
28078163.pdf,2954591060,Naked Wardrobe,Social Media Coordinator,1,3,14,4,0.25,0,0,0,0,Communication,"iOS SDK, Fluent Bit, Collaboration",0.3758,0.0,0.0155,0.0,1
12011623.pdf,2735151240,LT Apparel Group,Intern- Business Analytics,1,7,12,8,0.125,0,0,0,0,Tableau,"Power BI, iOS SDK, Communication, Work Ethic, Excel, Teamwork, Amazon Neptune",0.3379,0.0,0.0076,20.0,0
21298336.pdf,3219089287,,Recruitment Manager,1,2,3,3,0.3333,0,0,0,0,Leadership,"Automated Testing, Apache Solr",0.401,0.0,0.02,0.0,1
20882041.pdf,3533320307,NLB Services,Java architect / Lead Java developer,0,5,5,5,0.0,0,0,0,0,,"Automated Testing, REST API, React, TypeScript, Java",0.3,0.0,0.0,80.0,0
24647794.pdf,2147609835,The Job Network,Trade Review Principal,0,9,9,9,0.0,0,0,0,0,,"iOS SDK, Work Ethic, Make, Ownership, Automated Testing, Apache Solr, Reverse Engineering, Vector Embeddings, Amazon Neptune",0.3004,0.0,0.0073,0.0,0
14206561.pdf,3610591138,Mountain View Eye Center,Ophthalmic Technician,0,9,1,9,0.0,0,0,1,1,,"CRI-O, iOS SDK, Communication, Work Ethic, D, Model Deployment, Leadership, Coaching, Amazon Neptune",0.3838,0.3333,0.0092,0.0,0
27756469.pdf,3610596223,,Commercial Auto Underwriter Assistant,1,8,10,9,0.1111,0,0,1,0,Excel,"iOS SDK, Communication, Work Ethic, Make, Apache Solr, Teamwork, C, Amazon Neptune",0.3515,0.0,0.0301,0.0,1
26834746.pdf,2372177891,iWealth,Client Service Associate,0,5,4,5,0.0,0,0,0,0,,"CRI-O, Automated Testing, Integration Testing, Room, Apache Solr",0.3,0.0,0.0,0.0,0
28923650.pdf,103254301,Raw Cereal,Producer,0,4,6,4,0.0,0,0,0,0,,"Reverse Engineering, iOS SDK, Apache Ignite, Work Ethic",0.3004,0.0,0.0079,0.0,0
28923650.pdf,266825034,Recruitment Design,Software Support Specialist,1,6,6,7,0.1429,0,0,1,0,D,"iOS SDK, Communication, JavaScript, Make, Automated Testing, PHP",0.3643,0.0,0.0,36.0,1
14049846.pdf,3610596223,,Commercial Auto Underwriter Assistant,1,8,4,9,0.1111,0,0,2,0,Make,"iOS SDK, Communication, Work Ethic, Excel, Apache Solr, Teamwork, C, Amazon Neptune",0.367,0.0,0.0074,0.0,1
17488801.pdf,266566927,Revesco Properties,Marketing & Office Coordinator,0,10,4,10,0.0,0,0,0,0,,"CRI-O, HubSpot, Excel, iOS SDK, Automated Testing, Ownership, Apache Solr, Apache Druid, Adaptability, Amazon Neptune",0.3004,0.0,0.0072,0.0,0
12518008.pdf,1143359956,,National Sales Manager,0,8,5,8,0.0,0,0,0,0,,"iOS SDK, Communication, Work Ethic, Make, Apache Solr, Integration Testing, Room, Amazon Neptune",0.3507,0.25,0.0148,0.0,0
17103000.pdf,3045980831,Armstrong Builders LLC,Project Engineer,1,3,4,4,0.25,0,0,1,0,Communication,"Automated Testing, Mobile Security, Attention to Detail",0.4133,0.0,0.0156,28.0,1
16803215.pdf,3431736996,Marquee Event Rentals,Client Service Representative,1,7,9,8,0.125,0,0,0,0,Attention to Detail,"iOS SDK, Azure Resource Manager, Automated Testing, Apache Solr, Integration Testing, Room, Amazon Neptune",0.3388,0.0,0.0256,8.0,1
28923650.pdf,3184403524,San José Clinic,Events & Communications Assistant,2,12,6,14,0.1429,0,0,2,0,"D, C","iOS SDK, Communication, Excel, Creativity, Automated Testing, Apache Solr, Schema Registry, Time Management, Quality Assurance, Pull Requests, Go, Amazon Neptune",0.365,0.0,0.0142,0.0,1
13264796.pdf,3211657373,AB Underground,Heavy Equipment Operator,0,7,11,7,0.0,0,0,1,0,,"iOS SDK, Work Ethic, Make, Apache Solr, Move, Room, Amazon Neptune",0.3214,0.0,0.0,0.0,0
11981094.pdf,3260455681,Weyerhaeuser,Operations Specialist,1,15,14,16,0.0625,0,0,1,0,Communication,"Conflict Resolution, iOS SDK, Excel, Work Ethic, Make, Sentence Transformers, Apache Solr, Reverse Engineering, Mobile Security, Mentoring, Vector Embeddings, Time Management, Leadership, Decision Making, Amazon Neptune",0.3288,0.0,0.0135,8.0,0
19612167.pdf,1573178251,,Social Media Coordinator,0,5,4,5,0.0,0,0,0,0,,"Work Ethic, Automated Testing, Reverse Engineering, Computer Vision, Apache Solr",0.3004,0.0,0.0076,0.0,0
28628090.pdf,3363439517,White Bottle Inc.,Sanitation Supervisor,2,9,14,11,0.1818,0,0,2,0,"Problem Solving, Communication","iOS SDK, Work Ethic, Attention to Detail, Automated Testing, Bottle, Apache Solr, Mobile Security, Integration Testing, Amazon Neptune",0.3822,0.0,0.007,8.0,1
17043822.pdf,2735151240,LT Apparel Group,Intern- Business Analytics,2,6,11,8,0.25,0,0,2,0,"Communication, Excel","Power BI, Tableau, iOS SDK, Work Ethic, Teamwork, Amazon Neptune",0.4133,0.0,0.0153,20.0,1
12518008.pdf,3075721793,ASA Architects,Architect/Project Manager,0,6,5,6,0.0,0,1,0,0,,"iOS SDK, Communication, Automated Testing, Apache Solr, Azure Synapse Analytics, Amazon Neptune",0.3132,0.25,0.0147,28.0,0
26456899.pdf,3609090859,Mi Familia Vota,Field Director,3,14,10,17,0.1765,3,0,0,0,"Communication, Excel, C","CRI-O, Conflict Resolution, iOS SDK, Work Ethic, GitHub Actions, Cultural Awareness, Attention to Detail, Automated Testing, Problem Solving, Apache Solr, Google Sheets, Accountability, Leadership, Amazon Neptune",0.2052,0.0,0.0449,0.0,1
28078163.pdf,2157930553,Brady Insurance Group LLC,Customer Service Representative,1,9,14,10,0.1,0,0,0,0,Communication,"iOS SDK, Work Ethic, Make, Automated Testing, Problem Solving, Apache Solr, Integration Testing, Azure Monitor, Amazon Neptune",0.3304,0.0,0.0072,8.0,0
11981094.pdf,3515274431,Conduit Tech,Customer Success Manager,1,11,14,12,0.0833,0,0,1,0,Communication,"CRI-O, iOS SDK, Excel, Work Ethic, Automated Testing, Ownership, Exploratory Testing, Apache Solr, Reverse Engineering, Integration Testing, Amazon Neptune",0.3786,0.2,0.0219,0.0,0
27756469.pdf,3184403524,San José Clinic,Events & Communications Assistant,2,12,10,14,0.1429,0,0,3,0,"Excel, D","iOS SDK, Communication, Creativity, Automated Testing, Apache Solr, Schema Registry, Time Management, Quality Assurance, C, Pull Requests, Go, Amazon Neptune",0.3761,0.0,0.0214,0.0,1
20566550.pdf,2796728000,"Thorpe Design, Inc.",Fire Sprinkler Designer,2,5,11,7,0.2857,0,0,1,1,"Communication, Attention to Detail","iOS SDK, Work Ethic, Cultural Awareness, Amazon Neptune, Apache Solr",0.4083,0.0,0.0227,0.0,1
21807224.pdf,3480552482,Women choice,Summer Intern for Women International Company,0,7,0,7,0.0,0,0,1,0,,"iOS SDK, Communication, Make, Apache Solr, Leadership, C, Amazon Neptune",0.3214,0.0,0.0,0.0,0
25919149.pdf,3184403524,San José Clinic,Events & Communications Assistant,1,13,6,14,0.0714,0,0,0,0,D,"iOS SDK, Communication, Excel, Creativity, Automated Testing, Apache Solr, Schema Registry, Time Management, Quality Assurance, C, Pull Requests, Go, Amazon Neptune",0.3214,0.0,0.0,0.0,0
19612167.pdf,3610591138,Mountain View Eye Center,Ophthalmic Technician,2,7,4,9,0.2222,0,0,2,0,"Communication, Leadership","CRI-O, iOS SDK, Work Ethic, D, Model Deployment, Coaching, Amazon Neptune",0.4008,0.0,0.0153,0.0,1
17043822.pdf,2372177891,iWealth,Client Service Associate,0,5,11,5,0.0,0,0,0,0,,"CRI-O, Automated Testing, Integration Testing, Room, Apache Solr",0.3,0.0,0.0,0.0,0
19396040.pdf,3366698309,Webologix Ltd/ INC,Anaplan Developer,1,5,8,6,0.1667,0,0,0,0,Excel,"Communication, Work Ethic, Amazon Neptune, Agile, Apache Solr",0.3508,0.0,0.0154,28.0,1
12472574.pdf,3018278978,Aston Carter,Seasonal Office Administrator,1,4,21,5,0.2,0,0,0,2,Automated Testing,"Apache Solr, iOS SDK, Work Ethic, Amazon Neptune",0.3604,0.0,0.0076,0.0,1
15858254.pdf,3251984218,SLS Solutions,SAP BTP,0,2,5,2,0.0,0,0,0,0,,"iOS SDK, SQL",0.3,0.0,0.0,8.0,0
10624813.pdf,175485704,GOYT,Software Engineer,4,7,23,11,0.3636,0,0,4,0,"HTML, CSS, PHP, JavaScript","iOS SDK, Communication, Work Ethic, MySQL, Apache Solr, Collaboration, Amazon Neptune",0.4648,0.0,0.0226,64.0,1
26456899.pdf,3466187886,Landscape Management Group,Owner,1,8,10,9,0.1111,0,0,0,0,Communication,"iOS SDK, Work Ethic, Automated Testing, Key Management, Integration Testing, Collaboration, Creativity, Amazon Neptune",0.3347,0.0,0.0267,0.0,1
28628090.pdf,3322949022,Kenai Capital Advisors,"Director, Investment Sales",2,7,14,9,0.2222,0,0,2,0,"Communication, Excel","iOS SDK, Work Ethic, Azure Resource Manager, Automated Testing, Apache Solr, Negotiation, Amazon Neptune",0.4004,0.0,0.0071,8.0,1
10624813.pdf,3551631423,Miracles for Kids,Community Program Assistant,0,9,23,9,0.0,0,0,1,0,,"iOS SDK, Communication, Work Ethic, Excel, Cultural Awareness, Automated Testing, Teamwork, Move, Apache Solr",0.3167,0.0,0.0,0.0,0
28628090.pdf,95428182,CLEVELAND KIDS BOOK BANK,Administrative Coordinator,2,10,14,12,0.1667,0,0,2,0,"Communication, Make","iOS SDK, Work Ethic, Attention to Detail, Automated Testing, Apache Solr, Azure Monitor, Time Management, Collaboration, Creativity, Amazon Neptune",0.3754,0.0,0.007,8.0,1
27756469.pdf,2735151240,LT Apparel Group,Intern- Business Analytics,1,7,10,8,0.125,0,0,0,0,Excel,"Power BI, Tableau, Communication, Work Ethic, iOS SDK, Teamwork, Amazon Neptune",0.3379,0.0,0.0076,20.0,0
19612167.pdf,3555161614,Starup Insurance,User Experience Designer,1,5,4,6,0.1667,0,0,1,0,Communication,"iOS SDK, Work Ethic, Design Thinking, User-Centered Design, Collaboration",0.3754,0.0,0.0078,0.0,1
25797445.pdf,3586242087,,Director of Sales,1,7,2,8,0.125,0,0,1,0,Communication,"iOS SDK, Strategic Thinking, Automated Testing, Negotiation, D, Leadership, Apache Solr",0.3574,0.0,0.0227,0.0,1
19612167.pdf,3040487795,Lead Lab,Digital Marketing Intern,1,10,4,11,0.0909,0,0,1,0,Communication,"iOS SDK, Work Ethic, Slack, Automated Testing, Ownership, Spring Cloud, Apache Solr, Reverse Engineering, Apache Druid, Amazon Neptune",0.3416,0.0,0.0145,16.0,0
16911115.pdf,3466187886,Landscape Management Group,Owner,1,8,7,9,0.1111,0,0,1,0,Communication,"iOS SDK, Work Ethic, Automated Testing, Key Management, Integration Testing, Collaboration, Creativity, Amazon Neptune",0.3511,0.0,0.0229,0.0,1
10624813.pdf,3592392532,Lorenz Motors,Drone-Car Engineer,0,6,23,6,0.0,0,0,0,0,,"iOS SDK, Communication, Work Ethic, Automated Testing, Collaboration, Apache Solr",0.3004,0.0,0.0076,20.0,0
20882041.pdf,3045980831,Armstrong Builders LLC,Project Engineer,1,3,5,4,0.25,0,0,1,0,Communication,"Automated Testing, Mobile Security, Attention to Detail",0.4133,0.0,0.0156,28.0,1
12748557.pdf,56924323,,Structural Engineer,0,5,5,5,0.0,0,0,0,0,,"iOS SDK, Excel, Automated Testing, Retrofit, Amazon Neptune",0.3004,0.0,0.0078,20.0,0
13264796.pdf,3075721793,ASA Architects,Architect/Project Manager,1,5,11,6,0.1667,0,0,1,0,Communication,"iOS SDK, Automated Testing, Azure Synapse Analytics, Amazon Neptune, Apache Solr",0.3757,0.0,0.0147,28.0,1
15601399.pdf,3196627399,Bellevue Downtown Association,Marketing & Communications – Content Writer Internship,1,12,1,13,0.0769,0,0,0,0,Communication,"iOS SDK, Work Ethic, Attention to Detail, Problem Solving, HTML, Amazon Neptune, Reverse Engineering, Time Management, Teamwork, Leadership, Collaboration, Apache Solr",0.3241,0.0,0.0208,0.0,0
25797445.pdf,3537193915,DIGS Vacation Rentals.com,Field Operations Specialist,1,6,2,7,0.1429,0,0,0,0,Communication,"iOS SDK, Work Ethic, Cultural Awareness, Apache Solr, Problem Solving, Amazon Neptune",0.3936,0.25,0.0148,0.0,1
28628090.pdf,3466187886,Landscape Management Group,Owner,1,8,14,9,0.1111,0,0,1,0,Communication,"iOS SDK, Work Ethic, Automated Testing, Key Management, Integration Testing, Collaboration, Creativity, Amazon Neptune",0.3504,0.0,0.0075,0.0,1
17103000.pdf,3366698309,Webologix Ltd/ INC,Anaplan Developer,1,5,4,6,0.1667,0,0,1,0,Communication,"Excel, Work Ethic, Amazon Neptune, Agile, Apache Solr",0.3758,0.0,0.0154,28.0,1
28320387.pdf,3308438674,Consulate General of Israel to New England,Director of Communications and Digital Diplomacy,1,7,5,8,0.125,0,0,1,0,Communication,"iOS SDK, Multi-Factor Authentication, Time Management, Pull Requests, Computer Vision, Creativity, Apache Solr",0.3573,0.0,0.0219,0.0,1
21629057.pdf,3555161614,Starup Insurance,User Experience Designer,0,6,7,6,0.0,0,0,1,0,,"iOS SDK, Communication, Work Ethic, Design Thinking, User-Centered Design, Collaboration",0.3254,0.0,0.0078,0.0,0
12748557.pdf,3466187886,Landscape Management Group,Owner,1,8,5,9,0.1111,0,0,1,0,Collaboration,"iOS SDK, Communication, Work Ethic, Automated Testing, Key Management, Integration Testing, Creativity, Amazon Neptune",0.3504,0.0,0.0075,0.0,1
18753367.pdf,3515274431,Conduit Tech,Customer Success Manager,1,11,6,12,0.0833,0,0,0,0,Communication,"CRI-O, iOS SDK, Excel, Work Ethic, Automated Testing, Ownership, Exploratory Testing, Apache Solr, Reverse Engineering, Integration Testing, Amazon Neptune",0.3598,0.1667,0.0294,0.0,0
19396040.pdf,3578562287,Beat the Streets - Baltimore,Swahili Instructor,0,6,8,6,0.0,0,0,0,0,,"iOS SDK, Communication, Work Ethic, Automated Testing, Apache Ignite, Amazon Neptune",0.3004,0.0,0.0075,0.0,0
24647794.pdf,3582587683,McNaughton Bros. Inc.,Accounts Analyst,1,5,9,6,0.1667,0,0,1,0,Communication,"iOS SDK, Work Ethic, Automated Testing, Amazon Neptune, Apache Solr",0.3758,0.0,0.0152,20.0,1
21298336.pdf,3308438674,Consulate General of Israel to New England,Director of Communications and Digital Diplomacy,0,8,3,8,0.0,0,0,0,0,,"iOS SDK, Communication, Multi-Factor Authentication, Time Management, Pull Requests, Computer Vision, Creativity, Apache Solr",0.3016,0.0,0.0323,0.0,0
28320387.pdf,3582587683,McNaughton Bros. Inc.,Accounts Analyst,1,5,5,6,0.1667,0,0,1,0,Communication,"iOS SDK, Work Ethic, Automated Testing, Amazon Neptune, Apache Solr",0.3758,0.0,0.0152,20.0,1
12518008.pdf,121605673,,Licensed Acupuncturist,0,8,5,8,0.0,0,0,1,0,,"iOS SDK, Communication, Work Ethic, Apache Solr, Reverse Engineering, D, Time Management, Amazon Neptune",0.3195,0.0,0.015,0.0,0
15858254.pdf,2147609789,Revature,Entry Level Oracle Financial Technology Consultant,1,4,5,5,0.2,0,0,0,0,Communication,"Apache Solr, iOS SDK, Work Ethic, Amazon Neptune",0.3621,0.0,0.0417,28.0,1
12488356.pdf,133130219,,Software Engineer,0,0,7,0,0.0,0,0,0,1,,,0.3004,0.0,0.0081,40.0,0
11981094.pdf,3379554375,Nebraska Public Media,Finishing Editor,0,8,14,8,0.0,0,0,0,0,,"CRI-O, iOS SDK, Privileged Access Management, Automated Testing, Make, Problem Solving, Composer, Apache Solr",0.3004,0.0,0.0073,0.0,0
26834746.pdf,2920450495,Grunwald Mechanical Contractors & Engineers,Service Coordinator,1,8,4,9,0.1111,0,0,1,0,Communication,"CRI-O, iOS SDK, Work Ethic, Google Pub/Sub, Apache Solr, Teamwork, Room, Amazon Neptune",0.3504,0.0,0.0074,0.0,1
27040860.pdf,3515274431,Conduit Tech,Customer Success Manager,2,10,4,12,0.1667,0,0,0,0,"Communication, Excel","CRI-O, iOS SDK, Work Ethic, Ownership, Automated Testing, Exploratory Testing, Apache Solr, Reverse Engineering, Integration Testing, Amazon Neptune",0.3516,0.0,0.0316,0.0,1
21629057.pdf,3520238337,Grant Writing Solutions,Grants Writer - Subcontract,0,5,7,5,0.0,0,0,1,0,,"iOS SDK, Communication, Attention to Detail, Mentoring, Apache Solr",0.33,0.0,0.0,0.0,0
14554542.pdf,3609090859,Mi Familia Vota,Field Director,2,15,3,17,0.1176,3,0,1,0,"Communication, Leadership","CRI-O, iOS SDK, Apache Solr, Conflict Resolution, Excel, Work Ethic, GitHub Actions, Cultural Awareness, Attention to Detail, Automated Testing, Problem Solving, Google Sheets, Accountability, C, Amazon Neptune",0.1945,0.0,0.0067,0.0,1
21629057.pdf,2372177891,iWealth,Client Service Associate,0,5,7,5,0.0,0,0,0,0,,"CRI-O, Automated Testing, Integration Testing, Room, Apache Solr",0.3333,0.1667,0.0,0.0,0
26456899.pdf,3040487795,Lead Lab,Digital Marketing Intern,1,10,10,11,0.0909,0,0,0,0,Communication,"iOS SDK, Work Ethic, Slack, Automated Testing, Ownership, Spring Cloud, Apache Solr, Reverse Engineering, Apache Druid, Amazon Neptune",0.3291,0.0,0.0375,16.0,0
15858254.pdf,3586242087,,Director of Sales,1,7,5,8,0.125,0,0,0,0,Communication,"iOS SDK, Strategic Thinking, Automated Testing, Negotiation, D, Leadership, Apache Solr",0.3389,0.0,0.0278,0.0,1
28630325.pdf,974774701,Kate Meadows Writing and Editing,Blog writer and virtual assistant,1,4,12,5,0.2,0,0,1,0,Coaching,"iOS SDK, Communication, Black, Time Management",0.3904,0.0,0.0077,0.0,1
28628090.pdf,2147609785,The Job Network,FP&A Analyst,3,16,14,19,0.1579,0,0,3,0,"Excel, Leadership, Make","Power BI, Tableau, iOS SDK, Work Ethic, Attention to Detail, Cross-Functional Collaboration, Automated Testing, KPIs, Presentation Skills, Reverse Engineering, Amazon Neptune, Vector Embeddings, Apache Druid, SQL, Collaboration, Apache Solr",0.3714,0.0,0.0067,28.0,1
28078163.pdf,3040487795,Lead Lab,Digital Marketing Intern,1,10,14,11,0.0909,0,0,0,0,Communication,"iOS SDK, Work Ethic, Slack, Automated Testing, Ownership, Spring Cloud, Apache Solr, Reverse Engineering, Apache Druid, Amazon Neptune",0.328,0.0,0.0145,16.0,0
16911115.pdf,3297645846,"Navajo Transitional Energy Company, LLC",Contract Administrator,2,7,7,9,0.2222,2,0,2,0,"Communication, Excel","Power BI, iOS SDK, Attention to Detail, Automated Testing, Apache Solr, Move, Amazon Neptune",0.2511,0.0,0.0221,0.0,1
24322804.pdf,56924323,,Structural Engineer,0,5,7,5,0.0,0,0,0,0,,"iOS SDK, Excel, Automated Testing, Retrofit, Amazon Neptune",0.3008,0.0,0.0156,20.0,0
26456899.pdf,2195921577,,Associate Planner,2,11,10,13,0.1538,2,0,0,0,"Communication, Excel","iOS SDK, Work Ethic, Strategic Thinking, Automated Testing, Problem Solving, Apache Solr, Mobile Security, Teamwork, Leadership, Move, Amazon Neptune",0.1986,0.0,0.0488,8.0,1
18753367.pdf,133130219,,Software Engineer,0,0,6,0,0.0,0,0,0,0,,,0.3008,0.0,0.0164,40.0,0
17488801.pdf,121605673,,Licensed Acupuncturist,1,7,4,8,0.125,0,0,1,0,Communication,"iOS SDK, Work Ethic, Apache Solr, Reverse Engineering, D, Time Management, Amazon Neptune",0.357,0.0,0.015,0.0,1
19397727.pdf,56924323,,Structural Engineer,0,5,5,5,0.0,0,0,0,0,,"iOS SDK, Excel, Automated Testing, Retrofit, Amazon Neptune",0.3006,0.0,0.0115,20.0,0
18753367.pdf,2269442456,navXcom,Computer Scientist,1,2,6,3,0.3333,0,0,0,0,Communication,"Work Ethic, Amazon Neptune",0.4004,0.0,0.008,20.0,0
17103000.pdf,3251984218,SLS Solutions,SAP BTP,0,2,4,2,0.0,0,0,0,0,,"iOS SDK, SQL",0.3,0.0,0.0,8.0,0
28631840.pdf,3379554375,Nebraska Public Media,Finishing Editor,0,8,2,8,0.0,0,0,0,0,,"CRI-O, iOS SDK, Privileged Access Management, Automated Testing, Make, Problem Solving, Composer, Apache Solr",0.3013,0.0,0.0253,0.0,0
20882041.pdf,3514683108,AVAVA,Associate Brand Manager,2,8,5,10,0.2,5,0,3,0,"Communication, Leadership","iOS SDK, Malware Analysis, Automated Testing, Apache Solr, Ada, Time Management, Go, Amazon Neptune",0.3061,0.25,0.0217,0.0,0
11981094.pdf,3219089287,,Recruitment Manager,0,3,14,3,0.0,0,0,0,0,,"Automated Testing, Leadership, Apache Solr",0.35,0.25,0.0,0.0,0
28923650.pdf,3480552482,Women choice,Summer Intern for Women International Company,1,6,6,7,0.1429,0,0,1,0,C,"iOS SDK, Communication, Make, Apache Solr, Leadership, Amazon Neptune",0.3984,0.1667,0.0152,0.0,1
25919149.pdf,3578562287,Beat the Streets - Baltimore,Swahili Instructor,0,6,6,6,0.0,0,0,0,0,,"iOS SDK, Communication, Work Ethic, Automated Testing, Apache Ignite, Amazon Neptune",0.3008,0.0,0.0156,0.0,0
16911115.pdf,3251984218,SLS Solutions,SAP BTP,0,2,7,2,0.0,0,0,0,0,,"iOS SDK, SQL",0.3,0.0,0.0,8.0,0
17926546.pdf,3251984218,SLS Solutions,SAP BTP,0,2,9,2,0.0,0,0,0,0,,"iOS SDK, SQL",0.3,0.0,0.0,8.0,0
23234047.pdf,3480552482,Women choice,Summer Intern for Women International Company,1,6,3,7,0.1429,0,0,1,0,C,"iOS SDK, Communication, Make, Apache Solr, Leadership, Amazon Neptune",0.3647,0.0,0.0075,0.0,1
17488801.pdf,2735151240,LT Apparel Group,Intern- Business Analytics,1,7,4,8,0.125,0,0,0,0,Communication,"Power BI, Tableau, Excel, Work Ethic, iOS SDK, Teamwork, Amazon Neptune",0.3383,0.0,0.0153,20.0,1
11981094.pdf,2748500131,"City of Germantown, TN",Director of Public Works,0,7,14,7,0.0,0,0,0,0,,"iOS SDK, Work Ethic, Automated Testing, Apache Solr, Negotiation, Accountability, Amazon Neptune",0.3,0.0,0.0,0.0,0
14554542.pdf,3480552482,Women choice,Summer Intern for Women International Company,2,5,3,7,0.2857,0,0,1,0,"Communication, Leadership","iOS SDK, Make, Amazon Neptune, C, Apache Solr",0.4075,0.0,0.0075,0.0,1
10624813.pdf,2269442456,navXcom,Computer Scientist,0,3,23,3,0.0,0,0,0,0,,"Communication, Work Ethic, Amazon Neptune",0.3008,0.0,0.0161,20.0,0
15139979.pdf,266825034,Recruitment Design,Software Support Specialist,1,6,9,7,0.1429,0,0,3,0,Make,"iOS SDK, Communication, JavaScript, Automated Testing, D, PHP",0.4075,0.0,0.0076,36.0,1
28631840.pdf,3260455681,Weyerhaeuser,Operations Specialist,2,14,2,16,0.125,0,0,0,0,"Mentoring, Leadership","iOS SDK, Communication, Reverse Engineering, Mobile Security, Time Management, Decision Making, Apache Solr, Conflict Resolution, Excel, Work Ethic, Make, Sentence Transformers, Vector Embeddings, Amazon Neptune",0.4076,0.3333,0.069,8.0,1
21298336.pdf,3578562287,Beat the Streets - Baltimore,Swahili Instructor,0,6,3,6,0.0,0,0,0,0,,"iOS SDK, Communication, Work Ethic, Automated Testing, Apache Ignite, Amazon Neptune",0.3009,0.0,0.0175,0.0,0
28831378.pdf,2147609789,Revature,Entry Level Oracle Financial Technology Consultant,1,4,2,5,0.2,0,0,0,0,Work Ethic,"Apache Solr, iOS SDK, Communication, Amazon Neptune",0.3611,0.0,0.0226,28.0,1
21847415.pdf,3366698309,Webologix Ltd/ INC,Anaplan Developer,2,4,6,6,0.3333,0,0,0,0,"Communication, Excel","Apache Solr, Work Ethic, Agile, Amazon Neptune",0.4016,0.0,0.0312,28.0,1
24322804.pdf,3586242087,,Director of Sales,2,6,7,8,0.25,0,0,0,0,"Communication, Leadership","iOS SDK, Strategic Thinking, Automated Testing, Negotiation, D, Apache Solr",0.3769,0.0,0.0385,0.0,1
20882041.pdf,2735151240,LT Apparel Group,Intern- Business Analytics,2,6,5,8,0.25,0,0,2,0,"Communication, Excel","Power BI, Tableau, iOS SDK, Work Ethic, Teamwork, Amazon Neptune",0.4133,0.0,0.0153,20.0,1
12011623.pdf,121605673,,Licensed Acupuncturist,0,8,12,8,0.0,0,0,1,0,,"iOS SDK, Communication, Work Ethic, Apache Solr, Reverse Engineering, D, Time Management, Amazon Neptune",0.3195,0.0,0.015,0.0,0
17108676.pdf,368586246,STL Fertility,Embryologist,1,4,5,5,0.2,0,0,1,0,Excel,"Automated Testing, CompTIA A+, Integration Testing, Apache Solr",0.3912,0.0,0.0236,0.0,1
21629057.pdf,3383214611,Crisp,Account Executive - Mid-Market,1,12,7,13,0.0769,0,0,2,0,D,"iOS SDK, Communication, Work Ethic, Excel, Make, Automated Testing, Apache Solr, Salesforce, Reverse Engineering, Integration Testing, Teamwork, Amazon Neptune",0.3465,0.0,0.0072,0.0,0
27756469.pdf,11009123,PGAV Destinations,Project Architect,2,6,10,8,0.25,0,0,1,0,"Less, Leadership","iOS SDK, Work Ethic, Apache Solr, Ada, Collaboration, Amazon Neptune",0.3953,0.0,0.0303,20.0,1
20566550.pdf,1143359956,,National Sales Manager,1,7,11,8,0.125,0,0,1,1,Communication,"iOS SDK, Work Ethic, Make, Apache Solr, Integration Testing, Room, Amazon Neptune",0.3574,0.0,0.0224,0.0,1
12518008.pdf,2147609712,The Job Network,Med-RN ER,1,7,5,8,0.125,0,0,1,0,Critical Thinking,"iOS SDK, Work Ethic, Cultural Awareness, Automated Testing, React Native, Azure Monitor, Amazon Neptune",0.3566,0.0,0.0074,16.0,1
21298336.pdf,3211657373,AB Underground,Heavy Equipment Operator,0,7,3,7,0.0,0,0,0,0,,"iOS SDK, Work Ethic, Make, Apache Solr, Move, Room, Amazon Neptune",0.3,0.0,0.0,0.0,0
18753367.pdf,3045980831,Armstrong Builders LLC,Project Engineer,1,3,6,4,0.25,0,0,0,0,Communication,"Automated Testing, Mobile Security, Attention to Detail",0.4162,0.2,0.0236,28.0,1
24322804.pdf,3184403524,San José Clinic,Events & Communications Assistant,2,12,7,14,0.1429,0,0,0,0,"Communication, C","iOS SDK, Excel, Creativity, Automated Testing, Apache Solr, D, Schema Registry, Time Management, Quality Assurance, Pull Requests, Go, Amazon Neptune",0.3447,0.0,0.0362,0.0,1
28505854.pdf,2457183642,Galerie Candy and Gifts,Quality Assurance Manager,0,11,21,11,0.0,0,0,0,1,,"iOS SDK, Communication, Excel, Make, Apache Solr, Mobile Security, Time Management, Quality Assurance, Qt Creator, Decision Making, Amazon Neptune",0.35,0.25,0.0,28.0,0
21038022.pdf,3251984218,SLS Solutions,SAP BTP,1,1,12,2,0.5,0,0,0,0,SQL,iOS SDK,0.45,0.0,0.0,8.0,0
15139979.pdf,3480552482,Women choice,Summer Intern for Women International Company,2,5,9,7,0.2857,0,0,4,0,"Leadership, Make","iOS SDK, Communication, Amazon Neptune, C, Apache Solr",0.4714,0.0,0.0,0.0,1
15601399.pdf,445337908,Food Bank of Alaska,Chief Operating Officer,0,7,1,7,0.0,0,0,1,0,,"iOS SDK, Make, Automated Testing, D, Apache Druid, Leadership, Amazon Neptune",0.3214,0.0,0.0,0.0,0
17103000.pdf,2737009242,,Service Manager,2,12,4,14,0.1429,3,0,2,0,"Communication, Leadership","Conflict Resolution, iOS SDK, Expo, Work Ethic, Chef, Automated Testing, Ownership, Apache Solr, Integration Testing, Accountability, Decision Making, Amazon Neptune",0.2654,0.25,0.0214,0.0,1
25919149.pdf,3366698309,Webologix Ltd/ INC,Anaplan Developer,0,6,6,6,0.0,0,0,0,0,,"Communication, Work Ethic, Excel, Apache Solr, Agile, Amazon Neptune",0.3008,0.0,0.0161,28.0,0
16911115.pdf,3537193915,DIGS Vacation Rentals.com,Field Operations Specialist,2,5,7,7,0.2857,0,0,2,0,"Problem Solving, Communication","iOS SDK, Work Ethic, Cultural Awareness, Amazon Neptune, Apache Solr",0.4293,0.0,0.0148,0.0,1
27152464.pdf,2372177891,iWealth,Client Service Associate,1,4,37,5,0.2,0,0,0,2,Integration Testing,"CRI-O, Automated Testing, Room, Apache Solr",0.36,0.0,0.0,0.0,1
19612167.pdf,3609090859,Mi Familia Vota,Field Director,3,14,4,17,0.1765,3,0,3,0,"Communication, Excel, Leadership","CRI-O, Conflict Resolution, iOS SDK, Work Ethic, GitHub Actions, Cultural Awareness, Attention to Detail, Automated Testing, Problem Solving, Apache Solr, Google Sheets, Accountability, C, Amazon Neptune",0.2308,0.0,0.0274,0.0,1
20882041.pdf,103254301,Raw Cereal,Producer,0,4,5,4,0.0,0,0,0,0,,"Reverse Engineering, iOS SDK, Apache Ignite, Work Ethic",0.3004,0.0,0.0079,0.0,0
15139979.pdf,121605673,,Licensed Acupuncturist,1,7,9,8,0.125,0,0,3,0,Time Management,"iOS SDK, Communication, Work Ethic, Apache Solr, Reverse Engineering, D, Amazon Neptune",0.3938,0.0,0.0,0.0,1
24647794.pdf,3610591138,Mountain View Eye Center,Ophthalmic Technician,3,6,9,9,0.3333,0,0,3,0,"Communication, Leadership, D","CRI-O, iOS SDK, Work Ethic, Model Deployment, Coaching, Amazon Neptune",0.4508,0.0,0.0153,0.0,1
27040860.pdf,3466187886,Landscape Management Group,Owner,1,8,4,9,0.1111,0,0,0,0,Communication,"iOS SDK, Work Ethic, Automated Testing, Key Management, Integration Testing, Collaboration, Creativity, Amazon Neptune",0.3344,0.0,0.0222,0.0,1
14049846.pdf,445337908,Food Bank of Alaska,Chief Operating Officer,1,6,4,7,0.1429,0,0,2,0,Make,"iOS SDK, Automated Testing, D, Apache Druid, Leadership, Amazon Neptune",0.3857,0.0,0.0,0.0,1
12472574.pdf,3383214611,Crisp,Account Executive - Mid-Market,4,9,21,13,0.3077,0,0,2,2,"Automated Testing, Communication, Integration Testing, Make","iOS SDK, Excel, Work Ethic, Apache Solr, Salesforce, Reverse Engineering, D, Teamwork, Amazon Neptune",0.4169,0.0,0.0294,0.0,1
23497307.pdf,2157930553,Brady Insurance Group LLC,Customer Service Representative,1,9,6,10,0.1,0,0,0,0,Communication,"iOS SDK, Work Ethic, Make, Automated Testing, Problem Solving, Apache Solr, Integration Testing, Azure Monitor, Amazon Neptune",0.3304,0.0,0.0072,8.0,0
21847415.pdf,3537193915,DIGS Vacation Rentals.com,Field Operations Specialist,1,6,6,7,0.1429,0,0,0,0,Communication,"iOS SDK, Work Ethic, Cultural Awareness, Apache Solr, Problem Solving, Amazon Neptune",0.344,0.0,0.0224,0.0,1
28320387.pdf,3045980831,Armstrong Builders LLC,Project Engineer,1,3,5,4,0.25,0,0,1,0,Communication,"Automated Testing, Mobile Security, Attention to Detail",0.4129,0.0,0.0078,28.0,1
28923650.pdf,445337908,Food Bank of Alaska,Chief Operating Officer,1,6,6,7,0.1429,0,0,1,0,D,"iOS SDK, Make, Automated Testing, Apache Druid, Leadership, Amazon Neptune",0.3643,0.0,0.0,0.0,1
12488356.pdf,1573178251,,Social Media Coordinator,0,5,7,5,0.0,0,0,0,1,,"Work Ethic, Automated Testing, Reverse Engineering, Computer Vision, Apache Solr",0.3008,0.0,0.0154,0.0,0
17103000.pdf,3578562287,Beat the Streets - Baltimore,Swahili Instructor,1,5,4,6,0.1667,0,0,1,0,Communication,"iOS SDK, Work Ethic, Automated Testing, Apache Ignite, Amazon Neptune",0.3758,0.0,0.0152,0.0,1
16803215.pdf,175485704,GOYT,Software Engineer,1,10,9,11,0.0909,0,0,0,0,Communication,"iOS SDK, MySQL, Work Ethic, JavaScript, Apache Solr, HTML, PHP, CSS, Collaboration, Amazon Neptune",0.3279,0.0,0.013,64.0,0
24647794.pdf,3177010992,ABC Farigua Division,Customer Service Representative,0,6,9,6,0.0,0,0,0,0,,"iOS SDK, Work Ethic, Responsive Design, Reverse Engineering, Mobile Security, Amazon Neptune",0.3008,0.0,0.0152,8.0,0
15941675.pdf,3383214611,Crisp,Account Executive - Mid-Market,2,11,5,13,0.1538,0,0,1,0,"Communication, D","iOS SDK, Excel, Work Ethic, Make, Automated Testing, Apache Solr, Salesforce, Reverse Engineering, Integration Testing, Teamwork, Amazon Neptune",0.3584,0.0,0.0145,0.0,1
28505854.pdf,3040487795,Lead Lab,Digital Marketing Intern,0,11,21,11,0.0,0,0,0,1,,"iOS SDK, Communication, Work Ethic, Slack, Automated Testing, Ownership, Spring Cloud, Apache Solr, Reverse Engineering, Apache Druid, Amazon Neptune",0.3007,0.0,0.0145,16.0,0
17103000.pdf,3555161614,Starup Insurance,User Experience Designer,1,5,4,6,0.1667,0,0,1,0,Communication,"iOS SDK, Work Ethic, Design Thinking, User-Centered Design, Collaboration",0.3758,0.0,0.0156,0.0,1
25608963.pdf,3196627399,Bellevue Downtown Association,Marketing & Communications – Content Writer Internship,2,11,9,13,0.1538,0,0,0,0,"Communication, Leadership","iOS SDK, Work Ethic, Attention to Detail, Apache Solr, Problem Solving, HTML, Reverse Engineering, Time Management, Teamwork, Collaboration, Amazon Neptune",0.3468,0.0,0.0138,0.0,0
17108676.pdf,3075721793,ASA Architects,Architect/Project Manager,1,5,5,6,0.1667,0,1,1,0,Communication,"iOS SDK, Automated Testing, Azure Synapse Analytics, Amazon Neptune, Apache Solr",0.339,0.0,0.0299,28.0,1
12022566.pdf,445337908,Food Bank of Alaska,Chief Operating Officer,0,7,3,7,0.0,0,0,1,0,,"iOS SDK, Make, Automated Testing, D, Apache Druid, Leadership, Amazon Neptune",0.3214,0.0,0.0,0.0,0
15941675.pdf,3537193915,DIGS Vacation Rentals.com,Field Operations Specialist,1,6,5,7,0.1429,0,0,0,0,Communication,"iOS SDK, Work Ethic, Cultural Awareness, Apache Solr, Problem Solving, Amazon Neptune",0.344,0.0,0.0224,0.0,1
28320387.pdf,445337908,Food Bank of Alaska,Chief Operating Officer,2,5,5,7,0.2857,0,0,2,0,"Leadership, Make","iOS SDK, Automated Testing, D, Apache Druid, Amazon Neptune",0.429,0.0,0.0076,0.0,1
26456899.pdf,2954591060,Naked Wardrobe,Social Media Coordinator,1,3,10,4,0.25,0,0,0,0,Communication,"iOS SDK, Fluent Bit, Collaboration",0.3771,0.0,0.0423,0.0,1
16911115.pdf,445337908,Food Bank of Alaska,Chief Operating Officer,1,6,7,7,0.1429,0,0,1,0,Make,"iOS SDK, Automated Testing, D, Apache Druid, Leadership, Amazon Neptune",0.3647,0.0,0.0076,0.0,1
21298336.pdf,2796728000,"Thorpe Design, Inc.",Fire Sprinkler Designer,0,7,3,7,0.0,0,0,0,0,,"iOS SDK, Communication, Work Ethic, Cultural Awareness, Attention to Detail, Apache Solr, Amazon Neptune",0.3,0.0,0.0,0.0,0
24647794.pdf,3547664337,Polyram Plastic Industries Ltd,Brand Representative,0,7,9,7,0.0,0,0,0,0,,"iOS SDK, Excel, Apache Solr, Extreme Programming, Negotiation, Collaboration, Amazon Neptune",0.3,0.0,0.0,0.0,0
25608963.pdf,3297645846,"Navajo Transitional Energy Company, LLC",Contract Administrator,2,7,9,9,0.2222,2,0,1,0,"Communication, Excel","Power BI, iOS SDK, Attention to Detail, Automated Testing, Apache Solr, Move, Amazon Neptune",0.2341,0.0,0.0146,0.0,1
17108676.pdf,3366698309,Webologix Ltd/ INC,Anaplan Developer,2,4,5,6,0.3333,0,0,2,0,"Communication, Excel","Apache Solr, Work Ethic, Agile, Amazon Neptune",0.4512,0.0,0.0233,28.0,1
19396040.pdf,2147609929,The Job Network,Production Planner,3,8,8,11,0.2727,2,0,2,0,"Excel, C, Make","iOS SDK, Work Ethic, Automated Testing, Apache Solr, IBM Db2, Mobile Security, Leadership, Amazon Neptune",0.2602,0.0,0.0214,8.0,1
17488801.pdf,2147609712,The Job Network,Med-RN ER,0,8,4,8,0.0,0,0,0,0,,"iOS SDK, Work Ethic, Cultural Awareness, Automated Testing, Critical Thinking, React Native, Azure Monitor, Amazon Neptune",0.3,0.0,0.0,16.0,0
11890896.pdf,3196627399,Bellevue Downtown Association,Marketing & Communications – Content Writer Internship,2,11,6,13,0.1538,0,0,2,0,"Problem Solving, Leadership","iOS SDK, Communication, Work Ethic, Attention to Detail, Apache Solr, HTML, Reverse Engineering, Time Management, Teamwork, Collaboration, Amazon Neptune",0.3703,0.0,0.0208,0.0,1
28628090.pdf,3075721793,ASA Architects,Architect/Project Manager,1,5,14,6,0.1667,0,0,1,0,Communication,"iOS SDK, Automated Testing, Azure Synapse Analytics, Amazon Neptune, Apache Solr",0.4254,0.25,0.0073,28.0,1
11890896.pdf,3540371917,KeyBank,Enterprise Data & Analytics Infrastructure Manager,0,0,6,0,0.0,0,0,0,0,,,0.329,0.1429,0.0081,60.0,0
28630325.pdf,3466187886,Landscape Management Group,Owner,0,9,12,9,0.0,0,0,0,0,,"iOS SDK, Communication, Work Ethic, Automated Testing, Key Management, Integration Testing, Collaboration, Creativity, Amazon Neptune",0.3008,0.0,0.0152,0.0,0
11981094.pdf,1573178251,,Social Media Coordinator,0,5,14,5,0.0,0,0,0,0,,"Work Ethic, Automated Testing, Reverse Engineering, Computer Vision, Apache Solr",0.3004,0.0,0.0076,0.0,0
14049846.pdf,3592392532,Lorenz Motors,Drone-Car Engineer,0,6,4,6,0.0,0,0,0,0,,"iOS SDK, Communication, Work Ethic, Automated Testing, Collaboration, Apache Solr",0.3008,0.0,0.0153,20.0,0
24647794.pdf,3533320307,NLB Services,Java architect / Lead Java developer,0,5,9,5,0.0,0,0,0,0,,"Automated Testing, REST API, React, TypeScript, Java",0.3004,0.0,0.0078,80.0,0
15941675.pdf,2735151240,LT Apparel Group,Intern- Business Analytics,1,7,5,8,0.125,0,0,0,0,Communication,"Power BI, Tableau, Excel, Work Ethic, iOS SDK, Teamwork, Amazon Neptune",0.3379,0.0,0.0076,20.0,0
17043822.pdf,3219089287,,Recruitment Manager,1,2,11,3,0.3333,0,0,0,0,Leadership,"Automated Testing, Apache Solr",0.4504,0.25,0.0079,0.0,1
28762662.pdf,2157930553,Brady Insurance Group LLC,Customer Service Representative,2,8,18,10,0.2,0,0,2,0,"Communication, Make","iOS SDK, Work Ethic, Automated Testing, Problem Solving, Apache Solr, Integration Testing, Azure Monitor, Amazon Neptune",0.3904,0.0,0.0072,8.0,1
12748557.pdf,3582587683,McNaughton Bros. Inc.,Accounts Analyst,0,6,5,6,0.0,0,0,0,0,,"iOS SDK, Communication, Work Ethic, Automated Testing, Apache Solr, Amazon Neptune",0.3004,0.0,0.0075,20.0,0
28628090.pdf,3610591138,Mountain View Eye Center,Ophthalmic Technician,4,5,14,9,0.4444,0,0,4,0,"Communication, Leadership, D, Coaching","CRI-O, iOS SDK, Work Ethic, Model Deployment, Amazon Neptune",0.5008,0.0,0.0153,0.0,1
27040860.pdf,1143359956,,National Sales Manager,1,7,4,8,0.125,0,0,0,0,Communication,"iOS SDK, Work Ethic, Make, Apache Solr, Integration Testing, Room, Amazon Neptune",0.3386,0.0,0.0215,0.0,1
22605864.pdf,445337908,Food Bank of Alaska,Chief Operating Officer,0,7,6,7,0.0,0,0,1,0,,"iOS SDK, Make, Automated Testing, D, Apache Druid, Leadership, Amazon Neptune",0.3218,0.0,0.0076,0.0,0
25608963.pdf,3184403524,San José Clinic,Events & Communications Assistant,4,10,9,14,0.2857,0,0,4,0,"Communication, Excel, D, C","iOS SDK, Creativity, Automated Testing, Apache Solr, Schema Registry, Time Management, Quality Assurance, Pull Requests, Go, Amazon Neptune",0.4296,0.0,0.0214,0.0,1
17926546.pdf,3018278978,Aston Carter,Seasonal Office Administrator,0,5,9,5,0.0,0,0,0,0,,"iOS SDK, Work Ethic, Automated Testing, Amazon Neptune, Apache Solr",0.3004,0.0,0.0076,0.0,0
27756469.pdf,2457183642,Galerie Candy and Gifts,Quality Assurance Manager,1,10,10,11,0.0909,0,0,0,0,Excel,"iOS SDK, Communication, Make, Apache Solr, Mobile Security, Time Management, Quality Assurance, Qt Creator, Decision Making, Amazon Neptune",0.3284,0.0,0.0221,28.0,0
17488801.pdf,2269442456,navXcom,Computer Scientist,1,2,4,3,0.3333,0,0,0,0,Communication,"Work Ethic, Amazon Neptune",0.4004,0.0,0.008,20.0,0
28628090.pdf,2796728000,"Thorpe Design, Inc.",Fire Sprinkler Designer,1,6,14,7,0.1429,0,0,1,0,Communication,"iOS SDK, Work Ethic, Cultural Awareness, Attention to Detail, Apache Solr, Amazon Neptune",0.3647,0.0,0.0075,0.0,1
20566550.pdf,3251984218,SLS Solutions,SAP BTP,1,1,11,2,0.5,0,0,0,1,SQL,iOS SDK,0.4504,0.0,0.0081,8.0,1
19124258.pdf,3480552482,Women choice,Summer Intern for Women International Company,0,7,2,7,0.0,0,0,1,0,,"iOS SDK, Communication, Make, Apache Solr, Leadership, C, Amazon Neptune",0.3214,0.0,0.0,0.0,0
15858254.pdf,445337908,Food Bank of Alaska,Chief Operating Officer,0,7,5,7,0.0,0,0,0,0,,"iOS SDK, Make, Automated Testing, D, Apache Druid, Leadership, Amazon Neptune",0.3,0.0,0.0,0.0,0
11981094.pdf,2147609789,Revature,Entry Level Oracle Financial Technology Consultant,1,4,14,5,0.2,0,0,1,0,Communication,"Apache Solr, iOS SDK, Work Ethic, Amazon Neptune",0.3904,0.0,0.0074,28.0,1
27756469.pdf,1168783207,,Reps manager,0,6,10,6,0.0,0,0,0,0,,"iOS SDK, Work Ethic, GitHub Actions, Reverse Engineering, Spring Framework, Computer Vision",0.3008,0.0,0.0153,8.0,0
11890896.pdf,3177010992,ABC Farigua Division,Customer Service Representative,0,6,6,6,0.0,0,0,0,0,,"iOS SDK, Work Ethic, Responsive Design, Reverse Engineering, Mobile Security, Amazon Neptune",0.3008,0.0,0.0152,8.0,0
11981094.pdf,1143359956,,National Sales Manager,1,7,14,8,0.125,0,0,1,0,Communication,"iOS SDK, Work Ethic, Make, Apache Solr, Integration Testing, Room, Amazon Neptune",0.3966,0.2,0.0074,0.0,1
19397727.pdf,3431736996,Marquee Event Rentals,Client Service Representative,1,7,5,8,0.125,0,0,0,0,Attention to Detail,"iOS SDK, Azure Resource Manager, Automated Testing, Apache Solr, Integration Testing, Room, Amazon Neptune",0.3397,0.0,0.0435,8.0,1
28078163.pdf,3260455681,Weyerhaeuser,Operations Specialist,1,15,14,16,0.0625,0,0,0,0,Communication,"Conflict Resolution, iOS SDK, Excel, Work Ethic, Make, Sentence Transformers, Apache Solr, Reverse Engineering, Mobile Security, Mentoring, Vector Embeddings, Time Management, Leadership, Decision Making, Amazon Neptune",0.3194,0.0,0.0135,8.0,0
13264796.pdf,1168783207,,Reps manager,1,5,11,6,0.1667,0,0,1,0,Computer Vision,"iOS SDK, Work Ethic, GitHub Actions, Reverse Engineering, Spring Framework",0.3754,0.0,0.0076,8.0,1
28923650.pdf,3211657373,AB Underground,Heavy Equipment Operator,0,7,6,7,0.0,0,0,0,0,,"iOS SDK, Work Ethic, Make, Apache Solr, Move, Room, Amazon Neptune",0.3004,0.0,0.0076,0.0,0
18753367.pdf,3040487795,Lead Lab,Digital Marketing Intern,1,10,6,11,0.0909,0,0,0,0,Communication,"iOS SDK, Work Ethic, Slack, Automated Testing, Ownership, Spring Cloud, Apache Solr, Reverse Engineering, Apache Druid, Amazon Neptune",0.3284,0.0,0.0219,16.0,0
15601399.pdf,266566927,Revesco Properties,Marketing & Office Coordinator,0,10,1,10,0.0,0,0,0,0,,"CRI-O, HubSpot, Excel, iOS SDK, Automated Testing, Ownership, Amazon Neptune, Apache Druid, Adaptability, Apache Solr",0.3007,0.0,0.0146,0.0,0
15139979.pdf,3520238337,Grant Writing Solutions,Grants Writer - Subcontract,1,4,9,5,0.2,0,0,2,0,Mentoring,"Apache Solr, iOS SDK, Communication, Attention to Detail",0.42,0.0,0.0,0.0,1
15139979.pdf,3515274431,Conduit Tech,Customer Success Manager,1,11,9,12,0.0833,0,0,2,0,Ownership,"CRI-O, iOS SDK, Communication, Work Ethic, Excel, Automated Testing, Apache Solr, Exploratory Testing, Reverse Engineering, Integration Testing, Amazon Neptune",0.3504,0.0,0.0072,0.0,0
20566550.pdf,3260455681,Weyerhaeuser,Operations Specialist,2,14,11,16,0.125,0,0,1,1,"Communication, Time Management","Conflict Resolution, iOS SDK, Excel, Work Ethic, Make, Sentence Transformers, Apache Solr, Reverse Engineering, Mobile Security, Mentoring, Vector Embeddings, Leadership, Decision Making, Amazon Neptune",0.3482,0.0,0.0274,8.0,1
27152464.pdf,3594710940,"PreScouter, Inc.","Scientific Project Manager for Food, Beverage, and Consumer Packaged Goods Industries (Project Architect | PA)",6,9,37,15,0.4,3,1,5,2,"Communication, Make, Integration Testing, Time Management, Leadership, Go","iOS SDK, Excel, Work Ethic, Automated Testing, Ownership, Apache Solr, Mobile Security, Great Expectations, Amazon Neptune",0.3085,0.0909,0.0066,28.0,1
25608963.pdf,2735151240,LT Apparel Group,Intern- Business Analytics,2,6,9,8,0.25,0,0,1,0,"Communication, Excel","Power BI, Tableau, iOS SDK, Work Ethic, Teamwork, Amazon Neptune",0.3945,0.0,0.0153,20.0,1
10624813.pdf,3075721793,ASA Architects,Architect/Project Manager,0,6,23,6,0.0,0,0,0,0,,"iOS SDK, Communication, Automated Testing, Apache Solr, Azure Synapse Analytics, Amazon Neptune",0.3004,0.0,0.0073,28.0,0
12748557.pdf,121605673,,Licensed Acupuncturist,0,8,5,8,0.0,0,0,1,0,,"iOS SDK, Communication, Work Ethic, Apache Solr, Reverse Engineering, D, Time Management, Amazon Neptune",0.3191,0.0,0.0075,0.0,0
27040860.pdf,2914254129,Eastern Indiana Works,Director of Operations,2,7,4,9,0.2222,2,0,0,0,"Communication, Time Management","iOS SDK, Facilitation, Apache Solr, Problem Solving, D, Move, Amazon Neptune",0.2183,0.0,0.0326,0.0,1
15941675.pdf,2372177891,iWealth,Client Service Associate,0,5,5,5,0.0,0,0,0,0,,"CRI-O, Automated Testing, Integration Testing, Room, Apache Solr",0.3,0.0,0.0,0.0,0
21298336.pdf,2147609789,Revature,Entry Level Oracle Financial Technology Consultant,0,5,3,5,0.0,0,0,0,0,,"iOS SDK, Communication, Work Ethic, Amazon Neptune, Apache Solr",0.3008,0.0,0.0169,28.0,0
12488356.pdf,3586242087,,Director of Sales,2,6,7,8,0.25,0,0,2,1,"Leadership, D","iOS SDK, Communication, Strategic Thinking, Automated Testing, Negotiation, Apache Solr",0.4129,0.0,0.0075,0.0,1
27040860.pdf,3366698309,Webologix Ltd/ INC,Anaplan Developer,2,4,4,6,0.3333,0,0,0,0,"Communication, Excel","Apache Solr, Work Ethic, Agile, Amazon Neptune",0.4017,0.0,0.0345,28.0,1
24322804.pdf,2195921577,,Associate Planner,4,9,7,13,0.3077,2,0,0,0,"Problem Solving, Communication, Leadership, Teamwork","iOS SDK, Excel, Work Ethic, Strategic Thinking, Automated Testing, Apache Solr, Mobile Security, Move, Amazon Neptune",0.2445,0.0,0.0438,8.0,1
10624813.pdf,2796728000,"Thorpe Design, Inc.",Fire Sprinkler Designer,0,7,23,7,0.0,0,0,0,0,,"iOS SDK, Communication, Work Ethic, Cultural Awareness, Attention to Detail, Apache Solr, Amazon Neptune",0.3004,0.0,0.0075,0.0,0
19612167.pdf,2735151240,LT Apparel Group,Intern- Business Analytics,2,6,4,8,0.25,0,0,2,0,"Communication, Excel","Power BI, Tableau, iOS SDK, Work Ethic, Teamwork, Amazon Neptune",0.4141,0.0,0.031,20.0,1
21847415.pdf,56482768,,Appalachian Highlands Women's Business Center,3,10,6,13,0.2308,2,0,1,0,"Communication, Excel, Make","iOS SDK, Facilitation, Work Ethic, Strategic Thinking, Automated Testing, Product Management, Apache Solr, Leadership, Collaboration, Amazon Neptune",0.2318,0.0,0.021,0.0,1
27152464.pdf,2457183642,Galerie Candy and Gifts,Quality Assurance Manager,3,8,37,11,0.2727,0,0,3,2,"Communication, Time Management, Make","iOS SDK, Excel, Apache Solr, Mobile Security, Quality Assurance, Qt Creator, Decision Making, Amazon Neptune",0.4735,0.25,0.0146,28.0,1
17926546.pdf,3520238337,Grant Writing Solutions,Grants Writer - Subcontract,0,5,9,5,0.0,0,0,0,0,,"iOS SDK, Communication, Attention to Detail, Mentoring, Apache Solr",0.3,0.0,0.0,0.0,0
27040860.pdf,2748500131,"City of Germantown, TN",Director of Public Works,0,7,4,7,0.0,0,0,0,0,,"iOS SDK, Work Ethic, Automated Testing, Apache Solr, Negotiation, Accountability, Amazon Neptune",0.3005,0.0,0.0108,0.0,0
17103000.pdf,175485704,GOYT,Software Engineer,1,10,4,11,0.0909,0,0,1,0,Communication,"iOS SDK, MySQL, Work Ethic, JavaScript, Apache Solr, HTML, PHP, CSS, Collaboration, Amazon Neptune",0.3417,0.0,0.0149,64.0,0
27756469.pdf,3619548798,"Dexterity, Inc.",Senior Mechanical Engineer,1,9,10,10,0.1,0,0,0,0,Leadership,"iOS SDK, Work Ethic, Cultural Awareness, Make, Automated Testing, Technical Writing, Apache Solr, Reverse Engineering, Amazon Neptune",0.3314,0.0,0.029,20.0,1
15139979.pdf,2558399667,"I.T. Solutions, Inc.","Validation Engineer, Labware LIMS",1,8,9,9,0.1111,0,0,2,0,Quality Assurance,"iOS SDK, Communication, Technical Writing, Exploratory Testing, Branching Strategy, Assembly Language, Draw.io, Apache Solr",0.3674,0.0,0.0141,20.0,1
14554542.pdf,445337908,Food Bank of Alaska,Chief Operating Officer,1,6,3,7,0.1429,0,0,1,0,Leadership,"iOS SDK, Make, Automated Testing, D, Apache Druid, Amazon Neptune",0.3643,0.0,0.0,0.0,1
26456899.pdf,3075721793,ASA Architects,Architect/Project Manager,1,5,10,6,0.1667,0,1,0,0,Communication,"iOS SDK, Automated Testing, Azure Synapse Analytics, Amazon Neptune, Apache Solr",0.3151,0.0,0.0519,28.0,1
28628090.pdf,56482768,,Appalachian Highlands Women's Business Center,5,8,14,13,0.3846,0,0,5,0,"Communication, Excel, Make, Product Management, Leadership","iOS SDK, Facilitation, Work Ethic, Strategic Thinking, Automated Testing, Apache Solr, Collaboration, Amazon Neptune",0.4738,0.0,0.0139,0.0,1
13149176.pdf,2372177891,iWealth,Client Service Associate,0,5,7,5,0.0,0,0,1,0,,"CRI-O, Automated Testing, Integration Testing, Room, Apache Solr",0.3312,0.0,0.0236,0.0,0
11890896.pdf,445337908,Food Bank of Alaska,Chief Operating Officer,1,6,6,7,0.1429,0,0,2,0,Leadership,"iOS SDK, Make, Automated Testing, D, Apache Druid, Amazon Neptune",0.3857,0.0,0.0,0.0,1
17488801.pdf,974774701,Kate Meadows Writing and Editing,Blog writer and virtual assistant,1,4,4,5,0.2,0,0,0,0,Communication,"iOS SDK, Black, Coaching, Time Management",0.3604,0.0,0.0077,0.0,0
19553067.pdf,445337908,Food Bank of Alaska,Chief Operating Officer,0,7,3,7,0.0,0,0,1,0,,"iOS SDK, Make, Automated Testing, D, Apache Druid, Leadership, Amazon Neptune",0.3214,0.0,0.0,0.0,0
15941675.pdf,3533320307,NLB Services,Java architect / Lead Java developer,0,5,5,5,0.0,0,0,0,0,,"Automated Testing, REST API, React, TypeScript, Java",0.3,0.0,0.0,80.0,0
17108676.pdf,2147609835,The Job Network,Trade Review Principal,0,9,5,9,0.0,0,0,0,0,,"iOS SDK, Work Ethic, Make, Ownership, Automated Testing, Apache Solr, Reverse Engineering, Vector Embeddings, Amazon Neptune",0.3007,0.0,0.0147,0.0,0
19397727.pdf,3211657373,AB Underground,Heavy Equipment Operator,0,7,5,7,0.0,0,0,0,0,,"iOS SDK, Work Ethic, Make, Apache Solr, Move, Room, Amazon Neptune",0.3006,0.0,0.0111,0.0,0
17488801.pdf,3018278978,Aston Carter,Seasonal Office Administrator,0,5,4,5,0.0,0,0,0,0,,"iOS SDK, Work Ethic, Automated Testing, Amazon Neptune, Apache Solr",0.3,0.0,0.0,0.0,0
25608963.pdf,111513530,United Methodists of Greater New Jersey,"Content Writer, Communications",0,6,9,6,0.0,0,0,0,0,,"iOS SDK, Apache Camel, Make, Apache Solr, Collaboration, Amazon Neptune",0.3,0.0,0.0,0.0,0
26456899.pdf,3251984218,SLS Solutions,SAP BTP,1,1,10,2,0.5,0,0,0,0,SQL,iOS SDK,0.4507,0.0,0.0149,8.0,0
28505854.pdf,3555161614,Starup Insurance,User Experience Designer,0,6,21,6,0.0,0,0,0,1,,"iOS SDK, Communication, Work Ethic, Design Thinking, User-Centered Design, Collaboration",0.3004,0.0,0.0078,0.0,0
14049846.pdf,2157930553,Brady Insurance Group LLC,Customer Service Representative,1,9,4,10,0.1,0,0,1,0,Make,"iOS SDK, Communication, Work Ethic, Automated Testing, Problem Solving, Apache Solr, Integration Testing, Azure Monitor, Amazon Neptune",0.3454,0.0,0.0072,8.0,1
15139979.pdf,974774701,Kate Meadows Writing and Editing,Blog writer and virtual assistant,1,4,9,5,0.2,0,0,2,0,Time Management,"iOS SDK, Communication, Black, Coaching",0.4604,0.2,0.0077,0.0,1
27040860.pdf,111513530,United Methodists of Greater New Jersey,"Content Writer, Communications",0,6,4,6,0.0,0,0,0,0,,"iOS SDK, Apache Camel, Make, Apache Solr, Collaboration, Amazon Neptune",0.3005,0.0,0.011,0.0,0
19396040.pdf,2157930553,Brady Insurance Group LLC,Customer Service Representative,1,9,8,10,0.1,0,0,1,0,Make,"iOS SDK, Communication, Work Ethic, Automated Testing, Problem Solving, Apache Solr, Integration Testing, Azure Monitor, Amazon Neptune",0.3454,0.0,0.0072,8.0,1
14206561.pdf,56924323,,Structural Engineer,1,4,1,5,0.2,0,0,0,1,Excel,"Automated Testing, iOS SDK, Retrofit, Amazon Neptune",0.3605,0.0,0.0094,20.0,1
17108676.pdf,3610596223,,Commercial Auto Underwriter Assistant,2,7,5,9,0.2222,0,1,3,0,"Communication, Excel","iOS SDK, Work Ethic, Make, Apache Solr, Teamwork, C, Amazon Neptune",0.3799,0.0,0.0148,0.0,1
23234047.pdf,3533320307,NLB Services,Java architect / Lead Java developer,1,4,3,5,0.2,0,0,0,0,Java,"Automated Testing, REST API, TypeScript, React",0.3604,0.0,0.0078,80.0,0
13264796.pdf,3322949022,Kenai Capital Advisors,"Director, Investment Sales",1,8,11,9,0.1111,0,0,1,0,Communication,"iOS SDK, Excel, Work Ethic, Azure Resource Manager, Automated Testing, Apache Solr, Negotiation, Amazon Neptune",0.4007,0.25,0.0144,8.0,1
10219099.pdf,3383214611,Crisp,Account Executive - Mid-Market,2,11,5,13,0.1538,0,0,0,0,"Teamwork, Communication","iOS SDK, Excel, Work Ethic, Make, Automated Testing, Apache Solr, Salesforce, Reverse Engineering, Integration Testing, D, Amazon Neptune",0.347,0.0,0.0175,0.0,1
24647794.pdf,1168783207,,Reps manager,0,6,9,6,0.0,0,0,0,0,,"iOS SDK, Work Ethic, GitHub Actions, Reverse Engineering, Spring Framework, Computer Vision",0.3004,0.0,0.0076,8.0,0
20882041.pdf,3466187886,Landscape Management Group,Owner,1,8,5,9,0.1111,0,0,1,0,Communication,"iOS SDK, Work Ethic, Automated Testing, Key Management, Integration Testing, Collaboration, Creativity, Amazon Neptune",0.3504,0.0,0.0075,0.0,1
27756469.pdf,368586246,STL Fertility,Embryologist,1,4,10,5,0.2,0,0,0,0,Excel,"Automated Testing, CompTIA A+, Integration Testing, Apache Solr",0.3608,0.0,0.0156,0.0,1
12488356.pdf,3540371917,KeyBank,Enterprise Data & Analytics Infrastructure Manager,0,0,7,0,0.0,0,0,0,1,,,0.3258,0.125,0.0163,60.0,0
17103000.pdf,3582587683,McNaughton Bros. Inc.,Accounts Analyst,1,5,4,6,0.1667,0,0,1,0,Communication,"iOS SDK, Work Ethic, Automated Testing, Amazon Neptune, Apache Solr",0.3758,0.0,0.0152,20.0,1
15601399.pdf,2457183642,Galerie Candy and Gifts,Quality Assurance Manager,1,10,1,11,0.0909,0,0,0,0,Communication,"iOS SDK, Excel, Make, Amazon Neptune, Mobile Security, Time Management, Quality Assurance, Qt Creator, Decision Making, Apache Solr",0.3284,0.0,0.0221,28.0,0
28831378.pdf,3196627399,Bellevue Downtown Association,Marketing & Communications – Content Writer Internship,1,12,2,13,0.0769,0,0,0,0,Work Ethic,"iOS SDK, Communication, Attention to Detail, Problem Solving, HTML, Amazon Neptune, Reverse Engineering, Time Management, Teamwork, Leadership, Collaboration, Apache Solr",0.3245,0.0,0.028,0.0,0
17926546.pdf,111513530,United Methodists of Greater New Jersey,"Content Writer, Communications",0,6,9,6,0.0,0,0,0,0,,"iOS SDK, Apache Camel, Make, Apache Solr, Collaboration, Amazon Neptune",0.3004,0.0,0.0075,0.0,0
19612167.pdf,445337908,Food Bank of Alaska,Chief Operating Officer,1,6,4,7,0.1429,0,0,2,0,Leadership,"iOS SDK, Make, Automated Testing, D, Apache Druid, Amazon Neptune",0.3861,0.0,0.0076,0.0,1
27152464.pdf,3514683108,AVAVA,Associate Brand Manager,4,6,37,10,0.4,5,0,5,2,"Communication, Leadership, Go, Time Management","iOS SDK, Malware Analysis, Automated Testing, Apache Solr, Ada, Amazon Neptune",0.3957,0.25,0.0144,0.0,0
19397727.pdf,3219089287,,Recruitment Manager,0,3,5,3,0.0,0,0,0,0,,"Automated Testing, Leadership, Apache Solr",0.3006,0.0,0.0119,0.0,0
19124258.pdf,1143359956,,National Sales Manager,0,8,2,8,0.0,0,0,0,0,,"iOS SDK, Communication, Work Ethic, Make, Apache Solr, Integration Testing, Room, Amazon Neptune",0.3407,0.2,0.0148,0.0,0
19396040.pdf,3480552482,Women choice,Summer Intern for Women International Company,2,5,8,7,0.2857,0,0,2,0,"C, Make","iOS SDK, Communication, Amazon Neptune, Leadership, Apache Solr",0.4623,0.1667,0.0075,0.0,1
15858254.pdf,3478651125,Axalume,Photonics Layout Intern,1,7,5,8,0.125,0,0,0,0,Communication,"iOS SDK, Work Ethic, Make, Python, Informatica PowerCenter, C#, Apache Solr",0.3382,0.0,0.0141,8.0,0
27040860.pdf,2954591060,Naked Wardrobe,Social Media Coordinator,1,3,4,4,0.25,0,0,0,0,Communication,"iOS SDK, Fluent Bit, Collaboration",0.3761,0.0,0.023,0.0,1
21629057.pdf,3177010992,ABC Farigua Division,Customer Service Representative,0,6,7,6,0.0,0,0,0,0,,"iOS SDK, Work Ethic, Responsive Design, Reverse Engineering, Mobile Security, Amazon Neptune",0.3345,0.1667,0.0229,8.0,0
26456899.pdf,3297645846,"Navajo Transitional Energy Company, LLC",Contract Administrator,2,7,10,9,0.2222,2,0,0,0,"Communication, Excel","Power BI, iOS SDK, Attention to Detail, Automated Testing, Apache Solr, Move, Amazon Neptune",0.2199,0.0,0.0649,0.0,1
18753367.pdf,3366698309,Webologix Ltd/ INC,Anaplan Developer,1,5,6,6,0.1667,0,0,0,0,Communication,"Excel, Work Ethic, Amazon Neptune, Agile, Apache Solr",0.3508,0.0,0.0154,28.0,1
12488356.pdf,3555161614,Starup Insurance,User Experience Designer,0,6,7,6,0.0,0,0,0,1,,"iOS SDK, Communication, Work Ethic, Design Thinking, User-Centered Design, Collaboration",0.3004,0.0,0.0078,0.0,0
17103000.pdf,3260455681,Weyerhaeuser,Operations Specialist,2,14,4,16,0.125,0,0,2,0,"Communication, Leadership","Conflict Resolution, iOS SDK, Excel, Work Ethic, Make, Sentence Transformers, Apache Solr, Reverse Engineering, Mobile Security, Mentoring, Vector Embeddings, Time Management, Decision Making, Amazon Neptune",0.3576,0.0,0.0274,8.0,1
20882041.pdf,844454682,,Commercial Property Manager,1,5,5,6,0.1667,3,0,1,0,Excel,"iOS SDK, Automated Testing, Amazon Neptune, Spring Framework, Apache Solr",0.2754,0.25,0.0074,8.0,1
21847415.pdf,2147609712,The Job Network,Med-RN ER,1,7,6,8,0.125,0,0,0,0,Critical Thinking,"iOS SDK, Work Ethic, Cultural Awareness, Automated Testing, React Native, Azure Monitor, Amazon Neptune",0.3379,0.0,0.0074,16.0,0
28005884.pdf,3383214611,Crisp,Account Executive - Mid-Market,0,13,1,13,0.0,0,0,1,0,,"iOS SDK, Communication, Excel, Work Ethic, Make, Automated Testing, Salesforce, Amazon Neptune, Reverse Engineering, Integration Testing, D, Teamwork, Apache Solr",0.3119,0.0,0.0072,0.0,0
10219099.pdf,2372177891,iWealth,Client Service Associate,1,4,5,5,0.2,0,0,0,0,Room,"CRI-O, Integration Testing, Automated Testing, Apache Solr",0.3605,0.0,0.0095,0.0,0
28320387.pdf,2796728000,"Thorpe Design, Inc.",Fire Sprinkler Designer,1,6,5,7,0.1429,0,0,1,0,Communication,"iOS SDK, Work Ethic, Cultural Awareness, Attention to Detail, Apache Solr, Amazon Neptune",0.3647,0.0,0.0075,0.0,1
20566550.pdf,2914254129,Eastern Indiana Works,Director of Operations,3,6,11,9,0.3333,2,0,2,1,"Problem Solving, Communication, Time Management","iOS SDK, Facilitation, Apache Solr, D, Move, Amazon Neptune",0.2848,0.0,0.0301,0.0,1
17488801.pdf,3515274431,Conduit Tech,Customer Success Manager,1,11,4,12,0.0833,0,0,0,0,Communication,"CRI-O, iOS SDK, Excel, Work Ethic, Automated Testing, Ownership, Exploratory Testing, Apache Solr, Reverse Engineering, Integration Testing, Amazon Neptune",0.3657,0.2,0.0145,0.0,0
28628090.pdf,2157930553,Brady Insurance Group LLC,Customer Service Representative,3,7,14,10,0.3,0,0,3,0,"Problem Solving, Communication, Make","iOS SDK, Work Ethic, Automated Testing, Apache Solr, Integration Testing, Azure Monitor, Amazon Neptune",0.4354,0.0,0.0072,8.0,1
17103000.pdf,111513530,United Methodists of Greater New Jersey,"Content Writer, Communications",0,6,4,6,0.0,0,0,0,0,,"iOS SDK, Apache Camel, Make, Apache Solr, Collaboration, Amazon Neptune",0.3004,0.0,0.0075,0.0,0
20882041.pdf,3555161614,Starup Insurance,User Experience Designer,1,5,5,6,0.1667,0,0,1,0,Communication,"iOS SDK, Work Ethic, Design Thinking, User-Centered Design, Collaboration",0.3762,0.0,0.0236,0.0,1
18753367.pdf,3251984218,SLS Solutions,SAP BTP,0,2,6,2,0.0,0,0,0,0,,"iOS SDK, SQL",0.3,0.0,0.0,8.0,0
21038022.pdf,266566927,Revesco Properties,Marketing & Office Coordinator,0,10,12,10,0.0,0,0,0,0,,"CRI-O, HubSpot, Excel, iOS SDK, Automated Testing, Ownership, Apache Solr, Apache Druid, Adaptability, Amazon Neptune",0.3004,0.0,0.0072,0.0,0
20566550.pdf,368586246,STL Fertility,Embryologist,0,5,11,5,0.0,0,0,0,1,,"CompTIA A+, Excel, Automated Testing, Integration Testing, Apache Solr",0.3008,0.0,0.0156,0.0,0
19124258.pdf,3219089287,,Recruitment Manager,0,3,2,3,0.0,0,0,0,0,,"Automated Testing, Leadership, Apache Solr",0.3504,0.25,0.0079,0.0,0
23497307.pdf,111513530,United Methodists of Greater New Jersey,"Content Writer, Communications",0,6,6,6,0.0,0,0,0,0,,"iOS SDK, Apache Camel, Make, Apache Solr, Collaboration, Amazon Neptune",0.3004,0.0,0.0075,0.0,0
11981094.pdf,3466187886,Landscape Management Group,Owner,1,8,14,9,0.1111,0,0,1,0,Communication,"iOS SDK, Work Ethic, Automated Testing, Key Management, Integration Testing, Collaboration, Creativity, Amazon Neptune",0.3504,0.0,0.0075,0.0,1
28320387.pdf,3537193915,DIGS Vacation Rentals.com,Field Operations Specialist,1,6,5,7,0.1429,0,0,1,0,Communication,"iOS SDK, Work Ethic, Cultural Awareness, Apache Solr, Problem Solving, Amazon Neptune",0.3654,0.0,0.0224,0.0,1
17108676.pdf,3466187886,Landscape Management Group,Owner,1,8,5,9,0.1111,0,0,1,0,Communication,"iOS SDK, Work Ethic, Automated Testing, Key Management, Integration Testing, Collaboration, Creativity, Amazon Neptune",0.3511,0.0,0.0229,0.0,1
12748557.pdf,2147609712,The Job Network,Med-RN ER,0,8,5,8,0.0,0,0,0,0,,"iOS SDK, Work Ethic, Cultural Awareness, Automated Testing, Critical Thinking, React Native, Azure Monitor, Amazon Neptune",0.3004,0.0,0.0074,16.0,0
21298336.pdf,95428182,CLEVELAND KIDS BOOK BANK,Administrative Coordinator,0,12,3,12,0.0,0,0,0,0,,"iOS SDK, Communication, Work Ethic, Attention to Detail, Automated Testing, Make, Apache Solr, Azure Monitor, Time Management, Collaboration, Creativity, Amazon Neptune",0.3015,0.0,0.0308,8.0,0
20566550.pdf,3383214611,Crisp,Account Executive - Mid-Market,1,12,11,13,0.0769,0,0,2,1,Communication,"iOS SDK, Excel, Work Ethic, Make, Automated Testing, Apache Solr, Salesforce, Reverse Engineering, Integration Testing, D, Teamwork, Amazon Neptune",0.3472,0.0,0.0219,0.0,0
15139979.pdf,3366698309,Webologix Ltd/ INC,Anaplan Developer,0,6,9,6,0.0,0,0,1,0,,"Communication, Work Ethic, Excel, Apache Solr, Agile, Amazon Neptune",0.325,0.0,0.0,28.0,0
17108676.pdf,3551631423,Miracles for Kids,Community Program Assistant,2,7,5,9,0.2222,0,0,2,0,"Communication, Excel","iOS SDK, Work Ethic, Cultural Awareness, Automated Testing, Teamwork, Move, Apache Solr",0.4011,0.0,0.0226,0.0,1
11981094.pdf,3045980831,Armstrong Builders LLC,Project Engineer,1,3,14,4,0.25,0,0,1,0,Communication,"Automated Testing, Mobile Security, Attention to Detail",0.4133,0.0,0.0156,28.0,1
15858254.pdf,3308438674,Consulate General of Israel to New England,Director of Communications and Digital Diplomacy,2,6,5,8,0.25,0,0,0,0,"Communication, Time Management","iOS SDK, Multi-Factor Authentication, Pull Requests, Computer Vision, Creativity, Apache Solr",0.3777,0.0,0.0533,0.0,1
11981094.pdf,3551631423,Miracles for Kids,Community Program Assistant,1,8,14,9,0.1111,0,0,1,0,Communication,"iOS SDK, Excel, Work Ethic, Cultural Awareness, Automated Testing, Teamwork, Move, Apache Solr",0.3504,0.0,0.0074,0.0,1
18753367.pdf,3196627399,Bellevue Downtown Association,Marketing & Communications – Content Writer Internship,2,11,6,13,0.1538,0,0,1,0,"Communication, Leadership","iOS SDK, Work Ethic, Attention to Detail, Apache Solr, Problem Solving, HTML, Reverse Engineering, Time Management, Teamwork, Collaboration, Amazon Neptune",0.3587,0.0,0.0208,0.0,1
27756469.pdf,2796728000,"Thorpe Design, Inc.",Fire Sprinkler Designer,1,6,10,7,0.1429,0,0,0,0,Attention to Detail,"iOS SDK, Communication, Work Ethic, Cultural Awareness, Apache Solr, Amazon Neptune",0.3436,0.0,0.015,0.0,1
24322804.pdf,2147609712,The Job Network,Med-RN ER,0,8,7,8,0.0,0,0,0,0,,"iOS SDK, Work Ethic, Cultural Awareness, Automated Testing, Critical Thinking, React Native, Azure Monitor, Amazon Neptune",0.3004,0.0,0.0074,16.0,0
19397727.pdf,2372177891,iWealth,Client Service Associate,0,5,5,5,0.0,0,0,0,0,,"CRI-O, Automated Testing, Integration Testing, Room, Apache Solr",0.3012,0.0,0.0233,0.0,0
24322804.pdf,1143359956,,National Sales Manager,2,6,7,8,0.25,0,0,0,0,"Communication, Make","iOS SDK, Work Ethic, Apache Solr, Integration Testing, Room, Amazon Neptune",0.3765,0.0,0.0301,0.0,1
11981094.pdf,3592392532,Lorenz Motors,Drone-Car Engineer,1,5,14,6,0.1667,0,0,1,0,Communication,"iOS SDK, Work Ethic, Automated Testing, Collaboration, Apache Solr",0.3758,0.0,0.0153,20.0,1
20882041.pdf,3040487795,Lead Lab,Digital Marketing Intern,2,9,5,11,0.1818,0,0,1,0,"Ownership, Communication","iOS SDK, Work Ethic, Slack, Automated Testing, Apache Solr, Spring Cloud, Reverse Engineering, Apache Druid, Amazon Neptune",0.3689,0.0,0.0145,16.0,1
18753367.pdf,974774701,Kate Meadows Writing and Editing,Blog writer and virtual assistant,1,4,6,5,0.2,0,0,0,0,Communication,"iOS SDK, Black, Coaching, Time Management",0.3604,0.0,0.0077,0.0,0
10624813.pdf,3515274431,Conduit Tech,Customer Success Manager,2,10,23,12,0.1667,0,0,2,0,"Reverse Engineering, Integration Testing","CRI-O, iOS SDK, Communication, Work Ethic, Excel, Automated Testing, Ownership, Exploratory Testing, Apache Solr, Amazon Neptune",0.3761,0.0,0.0219,0.0,1
21298336.pdf,3431736996,Marquee Event Rentals,Client Service Representative,0,8,3,8,0.0,0,0,0,0,,"iOS SDK, Azure Resource Manager, Attention to Detail, Automated Testing, Apache Solr, Integration Testing, Room, Amazon Neptune",0.3,0.0,0.0,8.0,0
27040860.pdf,121605673,,Licensed Acupuncturist,2,6,4,8,0.25,0,0,0,0,"Communication, Time Management","iOS SDK, Work Ethic, Apache Solr, Reverse Engineering, D, Amazon Neptune",0.3772,0.0,0.0449,0.0,1
19553067.pdf,3610591138,Mountain View Eye Center,Ophthalmic Technician,0,9,3,9,0.0,0,0,1,0,,"CRI-O, iOS SDK, Communication, Work Ethic, D, Model Deployment, Leadership, Coaching, Amazon Neptune",0.3167,0.0,0.0,0.0,0
14049846.pdf,3211657373,AB Underground,Heavy Equipment Operator,1,6,4,7,0.1429,0,0,1,0,Make,"iOS SDK, Work Ethic, Apache Solr, Move, Room, Amazon Neptune",0.3647,0.0,0.0076,0.0,1
19396040.pdf,3551631423,Miracles for Kids,Community Program Assistant,1,8,8,9,0.1111,0,0,0,0,Excel,"iOS SDK, Communication, Work Ethic, Cultural Awareness, Automated Testing, Teamwork, Move, Apache Solr",0.3341,0.0,0.0149,0.0,0
15139979.pdf,2269442456,navXcom,Computer Scientist,0,3,9,3,0.0,0,0,1,0,,"Communication, Work Ethic, Amazon Neptune",0.35,0.0,0.0,20.0,0
15941675.pdf,3177010992,ABC Farigua Division,Customer Service Representative,0,6,5,6,0.0,0,0,0,0,,"iOS SDK, Work Ethic, Responsive Design, Reverse Engineering, Mobile Security, Amazon Neptune",0.3004,0.0,0.0075,8.0,0
18753367.pdf,2372177891,iWealth,Client Service Associate,0,5,6,5,0.0,0,0,0,0,,"CRI-O, Automated Testing, Integration Testing, Room, Apache Solr",0.3004,0.0,0.0078,0.0,0
11890896.pdf,3322949022,Kenai Capital Advisors,"Director, Investment Sales",0,9,6,9,0.0,0,0,1,0,,"iOS SDK, Communication, Work Ethic, Excel, Azure Resource Manager, Automated Testing, Apache Solr, Negotiation, Amazon Neptune",0.317,0.0,0.0071,8.0,0
15139979.pdf,3555161614,Starup Insurance,User Experience Designer,0,6,9,6,0.0,0,0,1,0,,"iOS SDK, Communication, Work Ethic, Design Thinking, User-Centered Design, Collaboration",0.325,0.0,0.0,0.0,0
24647794.pdf,266825034,Recruitment Design,Software Support Specialist,2,5,9,7,0.2857,0,0,2,0,"Communication, D","iOS SDK, JavaScript, Make, Automated Testing, PHP",0.4293,0.0,0.0153,36.0,1
11890896.pdf,2269442456,navXcom,Computer Scientist,0,3,6,3,0.0,0,0,0,0,,"Communication, Work Ethic, Amazon Neptune",0.3004,0.0,0.008,20.0,0
12488356.pdf,3245063922,Saxon AI,Data Architect,0,5,7,5,0.0,0,0,0,1,,"Cultural Awareness, Amazon Web Services, Apache Spark, Python, SQL",0.3004,0.0,0.0077,64.0,0
26834746.pdf,2457183642,Galerie Candy and Gifts,Quality Assurance Manager,2,9,4,11,0.1818,0,0,3,0,"Quality Assurance, Communication","iOS SDK, Excel, Make, Apache Solr, Mobile Security, Time Management, Qt Creator, Decision Making, Amazon Neptune",0.4362,0.2,0.0146,28.0,1
12011623.pdf,3466187886,Landscape Management Group,Owner,1,8,12,9,0.1111,0,0,0,0,Collaboration,"iOS SDK, Communication, Work Ethic, Automated Testing, Key Management, Integration Testing, Creativity, Amazon Neptune",0.3337,0.0,0.0075,0.0,0
17103000.pdf,1168783207,,Reps manager,0,6,4,6,0.0,0,0,0,0,,"iOS SDK, Work Ethic, GitHub Actions, Reverse Engineering, Spring Framework, Computer Vision",0.3508,0.25,0.0153,8.0,0
24647794.pdf,658723396,Orlando Credit Union,External Mortgage Loan Officer,2,7,9,9,0.2222,3,0,3,0,"Communication, Leadership","iOS SDK, Work Ethic, Automated Testing, Apache Solr, Integration Testing, Move, Amazon Neptune",0.2678,0.0,0.0221,0.0,1
22605864.pdf,3322949022,Kenai Capital Advisors,"Director, Investment Sales",1,8,6,9,0.1111,0,1,0,0,Excel,"iOS SDK, Communication, Work Ethic, Azure Resource Manager, Automated Testing, Apache Solr, Negotiation, Amazon Neptune",0.2969,0.0,0.0217,8.0,1
25919149.pdf,2748500131,"City of Germantown, TN",Director of Public Works,0,7,6,7,0.0,0,0,0,0,,"iOS SDK, Work Ethic, Automated Testing, Apache Solr, Negotiation, Accountability, Amazon Neptune",0.3015,0.0,0.0308,0.0,0
27756469.pdf,2147609789,Revature,Entry Level Oracle Financial Technology Consultant,0,5,10,5,0.0,0,0,0,0,,"iOS SDK, Communication, Work Ethic, Amazon Neptune, Apache Solr",0.3011,0.0,0.0226,28.0,0
19396040.pdf,3018278978,Aston Carter,Seasonal Office Administrator,0,5,8,5,0.0,0,0,0,0,,"iOS SDK, Work Ethic, Automated Testing, Amazon Neptune, Apache Solr",0.3,0.0,0.0,0.0,0
17488801.pdf,3610596223,,Commercial Auto Underwriter Assistant,1,8,4,9,0.1111,0,1,1,0,Communication,"iOS SDK, Excel, Work Ethic, Make, Apache Solr, Teamwork, C, Amazon Neptune",0.3132,0.0,0.0148,0.0,1
19124258.pdf,3610596223,,Commercial Auto Underwriter Assistant,1,8,2,9,0.1111,0,1,1,0,Excel,"iOS SDK, Communication, Work Ethic, Make, Apache Solr, Teamwork, C, Amazon Neptune",0.3129,0.0,0.0074,0.0,1
17926546.pdf,2372177891,iWealth,Client Service Associate,0,5,9,5,0.0,0,0,0,0,,"CRI-O, Automated Testing, Integration Testing, Room, Apache Solr",0.3508,0.25,0.0156,0.0,0
15858254.pdf,974774701,Kate Meadows Writing and Editing,Blog writer and virtual assistant,2,3,5,5,0.4,0,0,0,0,"Communication, Time Management","iOS SDK, Black, Coaching",0.4222,0.0,0.0448,0.0,1
27756469.pdf,3189117072,"Signature Estate & Investment Advisors, LLC",Client Service Associate / Practice Manager,0,9,10,9,0.0,0,0,0,0,,"iOS SDK, Communication, Work Ethic, Cultural Awareness, Apache Solr, Lakehouse Architecture, Reverse Engineering, Apache Druid, Amazon Neptune",0.3011,0.0,0.0214,0.0,0
23497307.pdf,175485704,GOYT,Software Engineer,1,10,6,11,0.0909,0,0,0,0,Communication,"iOS SDK, MySQL, Work Ethic, JavaScript, Apache Solr, HTML, PHP, CSS, Collaboration, Amazon Neptune",0.3276,0.0,0.0074,64.0,0
22890839.pdf,1573178251,,Social Media Coordinator,0,5,14,5,0.0,0,0,0,1,,"Work Ethic, Automated Testing, Reverse Engineering, Computer Vision, Apache Solr",0.3008,0.0,0.0154,0.0,0
25425322.pdf,266825034,Recruitment Design,Software Support Specialist,0,7,2,7,0.0,0,0,1,0,,"iOS SDK, Communication, JavaScript, Make, Automated Testing, D, PHP",0.3226,0.0,0.0231,36.0,0
28762662.pdf,3537193915,DIGS Vacation Rentals.com,Field Operations Specialist,1,6,18,7,0.1429,0,0,1,0,Communication,"iOS SDK, Work Ethic, Cultural Awareness, Apache Solr, Problem Solving, Amazon Neptune",0.3647,0.0,0.0074,0.0,1
13149176.pdf,2934066464,Dynamic SRG,Fundraising Associate,0,6,7,6,0.0,0,0,0,0,,"iOS SDK, Communication, Work Ethic, Automated Testing, Prioritization, Apache Solr",0.3008,0.0,0.0155,0.0,0
27040860.pdf,3018278978,Aston Carter,Seasonal Office Administrator,0,5,4,5,0.0,0,0,0,0,,"iOS SDK, Work Ethic, Automated Testing, Amazon Neptune, Apache Solr",0.3006,0.0,0.0112,0.0,0
28628090.pdf,266566927,Revesco Properties,Marketing & Office Coordinator,1,9,14,10,0.1,0,0,1,0,Excel,"CRI-O, HubSpot, iOS SDK, Ownership, Automated Testing, Apache Solr, Apache Druid, Adaptability, Amazon Neptune",0.345,0.0,0.0,0.0,1
24647794.pdf,3379554375,Nebraska Public Media,Finishing Editor,1,7,9,8,0.125,0,0,1,0,Composer,"CRI-O, iOS SDK, Privileged Access Management, Automated Testing, Make, Problem Solving, Apache Solr",0.357,0.0,0.0147,0.0,1
12472574.pdf,103254301,Raw Cereal,Producer,0,4,21,4,0.0,0,0,0,2,,"Reverse Engineering, iOS SDK, Apache Ignite, Work Ethic",0.3,0.0,0.0,0.0,0
11890896.pdf,3592392532,Lorenz Motors,Drone-Car Engineer,0,6,6,6,0.0,0,0,0,0,,"iOS SDK, Communication, Work Ethic, Automated Testing, Collaboration, Apache Solr",0.3004,0.0,0.0076,20.0,0
20566550.pdf,2269442456,navXcom,Computer Scientist,1,2,11,3,0.3333,0,0,1,1,Communication,"Work Ethic, Amazon Neptune",0.4504,0.0,0.008,20.0,1
25919149.pdf,3045980831,Armstrong Builders LLC,Project Engineer,0,4,6,4,0.0,0,0,0,0,,"Automated Testing, Communication, Mobile Security, Attention to Detail",0.3008,0.0,0.0167,28.0,0
20882041.pdf,3245063922,Saxon AI,Data Architect,0,5,5,5,0.0,0,0,0,0,,"Cultural Awareness, Amazon Web Services, Apache Spark, Python, SQL",0.3,0.0,0.0,64.0,0
15941675.pdf,3045980831,Armstrong Builders LLC,Project Engineer,1,3,5,4,0.25,0,0,0,0,Communication,"Automated Testing, Mobile Security, Attention to Detail",0.3758,0.0,0.0156,28.0,1
16911115.pdf,95428182,CLEVELAND KIDS BOOK BANK,Administrative Coordinator,2,10,7,12,0.1667,0,0,1,0,"Communication, Make","iOS SDK, Work Ethic, Attention to Detail, Automated Testing, Apache Solr, Azure Monitor, Time Management, Collaboration, Creativity, Amazon Neptune",0.3639,0.0,0.0288,8.0,1
15601399.pdf,3184403524,San José Clinic,Events & Communications Assistant,1,13,1,14,0.0714,0,0,2,0,Communication,"iOS SDK, Creativity, Excel, Go, Automated Testing, Amazon Neptune, D, Schema Registry, Time Management, Quality Assurance, Pull Requests, C, Apache Solr",0.3436,0.0,0.0142,0.0,0
23497307.pdf,3466187886,Landscape Management Group,Owner,1,8,6,9,0.1111,0,0,0,0,Communication,"iOS SDK, Work Ethic, Automated Testing, Key Management, Integration Testing, Collaboration, Creativity, Amazon Neptune",0.3341,0.0,0.0152,0.0,1
17108676.pdf,3582587683,McNaughton Bros. Inc.,Accounts Analyst,1,5,5,6,0.1667,0,0,1,0,Communication,"iOS SDK, Work Ethic, Automated Testing, Amazon Neptune, Apache Solr",0.3761,0.0,0.0229,20.0,1
20566550.pdf,3466187886,Landscape Management Group,Owner,1,8,11,9,0.1111,0,0,1,1,Communication,"iOS SDK, Work Ethic, Automated Testing, Key Management, Integration Testing, Collaboration, Creativity, Amazon Neptune",0.3511,0.0,0.0229,0.0,1
17926546.pdf,2796728000,"Thorpe Design, Inc.",Fire Sprinkler Designer,0,7,9,7,0.0,0,0,0,0,,"iOS SDK, Communication, Work Ethic, Cultural Awareness, Attention to Detail, Apache Solr, Amazon Neptune",0.3,0.0,0.0,0.0,0
21847415.pdf,3533320307,NLB Services,Java architect / Lead Java developer,0,5,6,5,0.0,0,0,0,0,,"Automated Testing, REST API, React, TypeScript, Java",0.3,0.0,0.0,80.0,0
15941675.pdf,2157930553,Brady Insurance Group LLC,Customer Service Representative,1,9,5,10,0.1,0,0,0,0,Communication,"iOS SDK, Work Ethic, Make, Automated Testing, Problem Solving, Apache Solr, Integration Testing, Azure Monitor, Amazon Neptune",0.3304,0.0,0.0072,8.0,0
28762662.pdf,3184403524,San José Clinic,Events & Communications Assistant,3,11,18,14,0.2143,0,0,4,0,"Communication, Go, C","iOS SDK, Excel, Automated Testing, Apache Solr, D, Schema Registry, Time Management, Quality Assurance, Pull Requests, Creativity, Amazon Neptune",0.4079,0.0,0.0142,0.0,1
12472574.pdf,2796728000,"Thorpe Design, Inc.",Fire Sprinkler Designer,1,6,21,7,0.1429,0,0,0,2,Communication,"iOS SDK, Work Ethic, Cultural Awareness, Attention to Detail, Apache Solr, Amazon Neptune",0.3432,0.0,0.0075,0.0,1
17103000.pdf,2954591060,Naked Wardrobe,Social Media Coordinator,1,3,4,4,0.25,0,0,1,0,Communication,"iOS SDK, Fluent Bit, Collaboration",0.4133,0.0,0.0155,0.0,1
17926546.pdf,3478651125,Axalume,Photonics Layout Intern,0,8,9,8,0.0,0,0,0,0,,"iOS SDK, Communication, Work Ethic, Make, Python, Informatica PowerCenter, C#, Apache Solr",0.3,0.0,0.0,8.0,0
17488801.pdf,3478651125,Axalume,Photonics Layout Intern,1,7,4,8,0.125,0,0,0,0,Communication,"iOS SDK, Work Ethic, Make, Python, Informatica PowerCenter, C#, Apache Solr",0.3383,0.0,0.0153,8.0,1
27040860.pdf,2269442456,navXcom,Computer Scientist,1,2,4,3,0.3333,0,0,0,0,Communication,"Work Ethic, Amazon Neptune",0.4006,0.0,0.012,20.0,0
22890839.pdf,3245063922,Saxon AI,Data Architect,1,4,14,5,0.2,0,0,0,1,Python,"Apache Spark, Amazon Web Services, SQL, Cultural Awareness",0.36,0.0,0.0,64.0,1
28320387.pdf,3540371917,KeyBank,Enterprise Data & Analytics Infrastructure Manager,0,0,5,0,0.0,0,0,0,0,,,0.3,0.0,0.0,60.0,0
14554542.pdf,3610591138,Mountain View Eye Center,Ophthalmic Technician,2,7,3,9,0.2222,0,0,1,0,"Communication, Leadership","CRI-O, iOS SDK, Work Ethic, D, Model Deployment, Coaching, Amazon Neptune",0.4504,0.3333,0.0076,0.0,1
18753367.pdf,2147609835,The Job Network,Trade Review Principal,1,8,6,9,0.1111,0,0,0,0,Make,"iOS SDK, Work Ethic, Ownership, Automated Testing, Apache Solr, Reverse Engineering, Vector Embeddings, Amazon Neptune",0.3341,0.0,0.0147,0.0,0
15858254.pdf,3366698309,Webologix Ltd/ INC,Anaplan Developer,1,5,5,6,0.1667,0,0,0,0,Communication,"Excel, Work Ethic, Amazon Neptune, Agile, Apache Solr",0.3514,0.0,0.029,28.0,1
28762662.pdf,1143359956,,National Sales Manager,2,6,18,8,0.25,0,0,2,0,"Communication, Make","iOS SDK, Work Ethic, Apache Solr, Integration Testing, Room, Amazon Neptune",0.4529,0.2,0.0074,0.0,1
17488801.pdf,266825034,Recruitment Design,Software Support Specialist,1,6,4,7,0.1429,0,0,1,0,Communication,"iOS SDK, JavaScript, Make, Automated Testing, D, PHP",0.365,0.0,0.0153,36.0,1
13149176.pdf,3592392532,Lorenz Motors,Drone-Car Engineer,0,6,7,6,0.0,0,0,0,0,,"iOS SDK, Communication, Work Ethic, Automated Testing, Collaboration, Apache Solr",0.3008,0.0,0.0153,20.0,0
28831378.pdf,3184403524,San José Clinic,Events & Communications Assistant,0,14,2,14,0.0,0,0,2,0,,"iOS SDK, Communication, Creativity, Excel, Go, Automated Testing, Amazon Neptune, D, Schema Registry, Time Management, Quality Assurance, Pull Requests, C, Apache Solr",0.3214,0.0,0.0,0.0,0
15858254.pdf,1168783207,,Reps manager,0,6,5,6,0.0,0,0,0,0,,"iOS SDK, Work Ethic, GitHub Actions, Reverse Engineering, Spring Framework, Computer Vision",0.3007,0.0,0.0141,8.0,0
17488801.pdf,3260455681,Weyerhaeuser,Operations Specialist,2,14,4,16,0.125,0,0,0,0,"Communication, Leadership","Conflict Resolution, iOS SDK, Excel, Work Ethic, Make, Sentence Transformers, Apache Solr, Reverse Engineering, Mobile Security, Mentoring, Vector Embeddings, Time Management, Decision Making, Amazon Neptune",0.3389,0.0,0.0274,8.0,1
14206561.pdf,445337908,Food Bank of Alaska,Chief Operating Officer,0,7,1,7,0.0,0,0,1,1,,"iOS SDK, Make, Automated Testing, D, Apache Druid, Leadership, Amazon Neptune",0.3214,0.0,0.0,0.0,0
24647794.pdf,2748500131,"City of Germantown, TN",Director of Public Works,0,7,9,7,0.0,0,0,0,0,,"iOS SDK, Work Ethic, Automated Testing, Apache Solr, Negotiation, Accountability, Amazon Neptune",0.3004,0.0,0.0074,0.0,0
21847415.pdf,2269442456,navXcom,Computer Scientist,1,2,6,3,0.3333,0,0,0,0,Communication,"Work Ethic, Amazon Neptune",0.4004,0.0,0.008,20.0,0
18753367.pdf,3610591138,Mountain View Eye Center,Ophthalmic Technician,2,7,6,9,0.2222,0,0,2,0,"Communication, Leadership","CRI-O, iOS SDK, Work Ethic, D, Model Deployment, Coaching, Amazon Neptune",0.4004,0.0,0.0076,0.0,1
20566550.pdf,2735151240,LT Apparel Group,Intern- Business Analytics,1,7,11,8,0.125,0,0,1,1,Communication,"Power BI, Tableau, Excel, Work Ethic, iOS SDK, Teamwork, Amazon Neptune",0.357,0.0,0.0153,20.0,1
15941675.pdf,3127577086,Avero Diagnostics,Histologist - HT,3,21,5,24,0.125,1,0,2,0,"Quality Assurance, Communication, Time Management","iOS SDK, Facilitation, Windows, Negotiation, Apache Pinot, Mobile Security, Visual Studio, Qt Creator, Leadership, Apache Solr, Conflict Resolution, Excel, Work Ethic, Attention to Detail, Automated Testing, Problem Solving, HTML, Integration Testing, Collaboration, Room, Amazon Neptune",0.2016,0.0,0.0327,8.0,1
21847415.pdf,2954591060,Naked Wardrobe,Social Media Coordinator,1,3,6,4,0.25,0,0,0,0,Communication,"iOS SDK, Fluent Bit, Collaboration",0.3762,0.0,0.0234,0.0,1
13264796.pdf,2826285517,Butler University,"Assistant Director of Admission, Midwest Regional Representative",1,12,11,13,0.0769,0,0,1,0,Communication,"iOS SDK, Work Ethic, Make, Automated Testing, Attention to Detail, Sentence Transformers, HIPAA Security, Apache Solr, Presentation Skills, Teamwork, Leadership, Amazon Neptune",0.3639,0.1429,0.0136,8.0,0
21298336.pdf,56924323,,Structural Engineer,1,4,3,5,0.2,0,0,0,0,Excel,"Automated Testing, iOS SDK, Retrofit, Amazon Neptune",0.3609,0.0,0.0189,20.0,1
23438227.pdf,3515274431,Conduit Tech,Customer Success Manager,1,11,4,12,0.0833,0,0,0,0,Excel,"CRI-O, iOS SDK, Communication, Work Ethic, Automated Testing, Ownership, Exploratory Testing, Apache Solr, Reverse Engineering, Integration Testing, Amazon Neptune",0.3261,0.0,0.0219,0.0,0
26456899.pdf,3515274431,Conduit Tech,Customer Success Manager,2,10,10,12,0.1667,0,0,0,0,"Communication, Excel","CRI-O, iOS SDK, Work Ethic, Ownership, Automated Testing, Exploratory Testing, Apache Solr, Reverse Engineering, Integration Testing, Amazon Neptune",0.3525,0.0,0.0506,0.0,1
19553067.pdf,3551631423,Miracles for Kids,Community Program Assistant,1,8,3,9,0.1111,0,0,1,0,Excel,"iOS SDK, Communication, Work Ethic, Cultural Awareness, Automated Testing, Teamwork, Move, Apache Solr",0.3504,0.0,0.0074,0.0,1
14206561.pdf,3184403524,San José Clinic,Events & Communications Assistant,1,13,1,14,0.0714,0,0,2,1,Excel,"iOS SDK, Communication, Creativity, Go, Automated Testing, Amazon Neptune, D, Schema Registry, Time Management, Quality Assurance, Pull Requests, C, Apache Solr",0.3433,0.0,0.0084,0.0,0
24322804.pdf,3547664337,Polyram Plastic Industries Ltd,Brand Representative,0,7,7,7,0.0,0,0,0,0,,"iOS SDK, Excel, Apache Solr, Extreme Programming, Negotiation, Collaboration, Amazon Neptune",0.3004,0.0,0.0076,0.0,0
25608963.pdf,175485704,GOYT,Software Engineer,1,10,9,11,0.0909,0,0,0,0,Communication,"iOS SDK, MySQL, Work Ethic, JavaScript, Apache Solr, HTML, PHP, CSS, Collaboration, Amazon Neptune",0.3276,0.0,0.0074,64.0,0
27756469.pdf,56482768,,Appalachian Highlands Women's Business Center,2,11,10,13,0.1538,0,0,0,0,"Excel, Leadership","iOS SDK, Communication, Work Ethic, Facilitation, Strategic Thinking, Make, Automated Testing, Product Management, Apache Solr, Collaboration, Amazon Neptune",0.3472,0.0,0.021,0.0,1
15941675.pdf,175485704,GOYT,Software Engineer,1,10,5,11,0.0909,0,0,0,0,Communication,"iOS SDK, MySQL, Work Ethic, JavaScript, Apache Solr, HTML, PHP, CSS, Collaboration, Amazon Neptune",0.3276,0.0,0.0074,64.0,0
14049846.pdf,3040487795,Lead Lab,Digital Marketing Intern,0,11,4,11,0.0,0,0,0,0,,"iOS SDK, Communication, Work Ethic, Slack, Automated Testing, Ownership, Spring Cloud, Apache Solr, Reverse Engineering, Apache Druid, Amazon Neptune",0.3504,0.25,0.0072,16.0,0
15139979.pdf,1880409118,Kona Medical Consulting,Board Certified Behavior Analyst,0,7,9,7,0.0,0,0,1,0,,"iOS SDK, Communication, Work Ethic, Facilitation, Apache Solr, Integration Testing, Amazon Neptune",0.3218,0.0,0.0073,20.0,0
17108676.pdf,3251984218,SLS Solutions,SAP BTP,0,2,5,2,0.0,0,0,0,0,,"iOS SDK, SQL",0.3,0.0,0.0,8.0,0
20566550.pdf,3177010992,ABC Farigua Division,Customer Service Representative,0,6,11,6,0.0,0,0,0,1,,"iOS SDK, Work Ethic, Responsive Design, Reverse Engineering, Mobile Security, Amazon Neptune",0.3004,0.0,0.0075,8.0,0
28762662.pdf,3196627399,Bellevue Downtown Association,Marketing & Communications – Content Writer Internship,2,11,18,13,0.1538,0,0,2,0,"Teamwork, Communication","iOS SDK, Work Ethic, Attention to Detail, Apache Solr, Problem Solving, HTML, Reverse Engineering, Time Management, Leadership, Collaboration, Amazon Neptune",0.3703,0.0,0.0208,0.0,1
21847415.pdf,3322949022,Kenai Capital Advisors,"Director, Investment Sales",2,7,6,9,0.2222,0,1,0,0,"Communication, Excel","iOS SDK, Work Ethic, Azure Resource Manager, Automated Testing, Apache Solr, Negotiation, Amazon Neptune",0.3306,0.0,0.0292,8.0,1
27152464.pdf,266825034,Recruitment Design,Software Support Specialist,2,5,37,7,0.2857,0,0,3,2,"Communication, Make","iOS SDK, JavaScript, Automated Testing, D, PHP",0.4504,0.0,0.0076,36.0,1
28628090.pdf,3555161614,Starup Insurance,User Experience Designer,1,5,14,6,0.1667,0,0,1,0,Communication,"iOS SDK, Work Ethic, Design Thinking, User-Centered Design, Collaboration",0.3754,0.0,0.0078,0.0,1
12011623.pdf,266825034,Recruitment Design,Software Support Specialist,0,7,12,7,0.0,0,0,1,0,,"iOS SDK, Communication, JavaScript, Make, Automated Testing, D, PHP",0.3222,0.0,0.0153,36.0,0
19397727.pdf,3515274431,Conduit Tech,Customer Success Manager,1,11,5,12,0.0833,0,0,0,0,Communication,"CRI-O, iOS SDK, Excel, Work Ethic, Automated Testing, Ownership, Exploratory Testing, Apache Solr, Reverse Engineering, Integration Testing, Amazon Neptune",0.3266,0.0,0.0316,0.0,0
19396040.pdf,103254301,Raw Cereal,Producer,0,4,8,4,0.0,0,0,0,0,,"Reverse Engineering, iOS SDK, Apache Ignite, Work Ethic",0.3004,0.0,0.0079,0.0,0
18753367.pdf,2735151240,LT Apparel Group,Intern- Business Analytics,1,7,6,8,0.125,0,0,0,0,Communication,"Power BI, Tableau, Excel, Work Ethic, iOS SDK, Teamwork, Amazon Neptune",0.3383,0.0,0.0153,20.0,1
22605864.pdf,2914254129,Eastern Indiana Works,Director of Operations,0,9,6,9,0.0,0,0,1,0,,"iOS SDK, Facilitation, Communication, Apache Solr, Problem Solving, D, Time Management, Move, Amazon Neptune",0.3174,0.0,0.0148,0.0,0
28628090.pdf,3297645846,"Navajo Transitional Energy Company, LLC",Contract Administrator,2,7,14,9,0.2222,0,0,2,0,"Communication, Excel","Power BI, iOS SDK, Attention to Detail, Automated Testing, Apache Solr, Move, Amazon Neptune",0.4004,0.0,0.0072,0.0,1
16911115.pdf,1168783207,,Reps manager,0,6,7,6,0.0,0,0,0,0,,"iOS SDK, Work Ethic, GitHub Actions, Reverse Engineering, Spring Framework, Computer Vision",0.3008,0.0,0.0153,8.0,0
24322804.pdf,2147609789,Revature,Entry Level Oracle Financial Technology Consultant,1,4,7,5,0.2,0,0,0,0,Communication,"Apache Solr, iOS SDK, Work Ethic, Amazon Neptune",0.3615,0.0,0.0303,28.0,1
19124258.pdf,3547664337,Polyram Plastic Industries Ltd,Brand Representative,1,6,2,7,0.1429,0,0,0,0,Excel,"iOS SDK, Apache Solr, Extreme Programming, Negotiation, Collaboration, Amazon Neptune",0.3432,0.0,0.0076,0.0,0
12518008.pdf,3219089287,,Recruitment Manager,1,2,5,3,0.3333,0,0,1,0,Leadership,"Automated Testing, Apache Solr",0.5175,0.3333,0.016,0.0,1
17043822.pdf,445337908,Food Bank of Alaska,Chief Operating Officer,1,6,11,7,0.1429,0,0,1,0,Leadership,"iOS SDK, Make, Automated Testing, D, Apache Druid, Amazon Neptune",0.3647,0.0,0.0076,0.0,1
16911115.pdf,3583960568,Böning Ship Automation USA,Sales and Application Engineer,3,9,7,12,0.25,3,0,2,0,"Problem Solving, Communication, Make","iOS SDK, Work Ethic, Automated Testing, Negotiation, Lakehouse Architecture, Assembly Language, Mobile Security, Accountability, Presentation Skills",0.2514,0.0,0.0286,28.0,1
20882041.pdf,2737009242,,Service Manager,3,11,5,14,0.2143,3,0,2,0,"Ownership, Communication, Leadership","Conflict Resolution, iOS SDK, Expo, Work Ethic, Chef, Automated Testing, Apache Solr, Integration Testing, Accountability, Decision Making, Amazon Neptune",0.3031,0.3333,0.0142,0.0,1
25425322.pdf,2934066464,Dynamic SRG,Fundraising Associate,1,5,2,6,0.1667,0,0,0,0,Prioritization,"iOS SDK, Communication, Work Ethic, Automated Testing, Apache Solr",0.3504,0.0,0.0077,0.0,0
21847415.pdf,121605673,,Licensed Acupuncturist,2,6,6,8,0.25,0,0,1,0,"Communication, D","iOS SDK, Work Ethic, Apache Solr, Reverse Engineering, Time Management, Amazon Neptune",0.3949,0.0,0.0227,0.0,1
21038022.pdf,3018278978,Aston Carter,Seasonal Office Administrator,0,5,12,5,0.0,0,0,0,0,,"iOS SDK, Work Ethic, Automated Testing, Amazon Neptune, Apache Solr",0.3,0.0,0.0,0.0,0
21298336.pdf,3045980831,Armstrong Builders LLC,Project Engineer,0,4,3,4,0.0,0,0,0,0,,"Automated Testing, Communication, Mobile Security, Attention to Detail",0.3,0.0,0.0,28.0,0
17108676.pdf,2934066464,Dynamic SRG,Fundraising Associate,1,5,5,6,0.1667,0,0,1,0,Communication,"iOS SDK, Work Ethic, Automated Testing, Prioritization, Apache Solr",0.3758,0.0,0.0155,0.0,1
27152464.pdf,2737009242,,Service Manager,4,10,37,14,0.2857,3,0,3,2,"Conflict Resolution, Communication, Integration Testing, Leadership","iOS SDK, Expo, Work Ethic, Chef, Automated Testing, Ownership, Apache Solr, Accountability, Decision Making, Amazon Neptune",0.3356,0.3333,0.0214,0.0,1
23497307.pdf,1143359956,,National Sales Manager,1,7,6,8,0.125,0,0,0,0,Communication,"iOS SDK, Work Ethic, Make, Apache Solr, Integration Testing, Room, Amazon Neptune",0.379,0.2,0.0301,0.0,1
17488801.pdf,3619548798,"Dexterity, Inc.",Senior Mechanical Engineer,1,9,4,10,0.1,0,1,0,0,Leadership,"iOS SDK, Work Ethic, Cultural Awareness, Make, Automated Testing, Technical Writing, Apache Solr, Reverse Engineering, Amazon Neptune",0.2936,0.0,0.0216,20.0,1
22605864.pdf,2147609929,The Job Network,Production Planner,1,10,6,11,0.0909,0,1,1,0,Excel,"iOS SDK, Work Ethic, Make, Automated Testing, Apache Solr, IBM Db2, Mobile Security, Leadership, C, Amazon Neptune",0.3041,0.0,0.0142,8.0,0
24647794.pdf,974774701,Kate Meadows Writing and Editing,Blog writer and virtual assistant,1,4,9,5,0.2,0,0,1,0,Communication,"iOS SDK, Black, Coaching, Time Management",0.3904,0.0,0.0077,0.0,1
13264796.pdf,175485704,GOYT,Software Engineer,1,10,11,11,0.0909,0,0,1,0,Communication,"iOS SDK, MySQL, Work Ethic, JavaScript, Apache Solr, HTML, PHP, CSS, Collaboration, Amazon Neptune",0.3413,0.0,0.0074,64.0,0
17926546.pdf,3040487795,Lead Lab,Digital Marketing Intern,0,11,9,11,0.0,0,0,0,0,,"iOS SDK, Communication, Work Ethic, Slack, Automated Testing, Ownership, Spring Cloud, Apache Solr, Reverse Engineering, Apache Druid, Amazon Neptune",0.3011,0.0,0.0219,16.0,0
28631840.pdf,3219089287,,Recruitment Manager,1,2,2,3,0.3333,0,0,0,0,Leadership,"Automated Testing, Apache Solr",0.4007,0.0,0.0145,0.0,0
10624813.pdf,3251984218,SLS Solutions,SAP BTP,1,1,23,2,0.5,0,0,1,0,SQL,iOS SDK,0.525,0.0,0.0,8.0,1
17488801.pdf,3586242087,,Director of Sales,2,6,4,8,0.25,0,0,1,0,"Communication, Leadership","iOS SDK, Strategic Thinking, Automated Testing, Negotiation, D, Apache Solr",0.3949,0.0,0.0227,0.0,1
25608963.pdf,266825034,Recruitment Design,Software Support Specialist,2,5,9,7,0.2857,0,0,1,0,"Communication, D","iOS SDK, JavaScript, Make, Automated Testing, PHP",0.4075,0.0,0.0076,36.0,1
21038022.pdf,3211657373,AB Underground,Heavy Equipment Operator,0,7,12,7,0.0,0,0,0,0,,"iOS SDK, Work Ethic, Make, Apache Solr, Move, Room, Amazon Neptune",0.3004,0.0,0.0076,0.0,0
17926546.pdf,95428182,CLEVELAND KIDS BOOK BANK,Administrative Coordinator,0,12,9,12,0.0,0,0,0,0,,"iOS SDK, Communication, Work Ethic, Attention to Detail, Automated Testing, Make, Apache Solr, Azure Monitor, Time Management, Collaboration, Creativity, Amazon Neptune",0.3007,0.0,0.0142,8.0,0
26834746.pdf,3219089287,,Recruitment Manager,1,2,4,3,0.3333,0,0,1,0,Leadership,"Automated Testing, Apache Solr",0.5,0.25,0.0,0.0,1
27756469.pdf,2195921577,,Associate Planner,3,10,10,13,0.2308,0,0,0,0,"Problem Solving, Excel, Leadership","iOS SDK, Communication, Work Ethic, Strategic Thinking, Automated Testing, Apache Solr, Mobile Security, Teamwork, Move, Amazon Neptune",0.3699,0.0,0.0142,8.0,0
20566550.pdf,3379554375,Nebraska Public Media,Finishing Editor,1,7,11,8,0.125,0,0,0,1,Problem Solving,"CRI-O, iOS SDK, Privileged Access Management, Automated Testing, Make, Composer, Apache Solr",0.3394,0.0,0.0376,0.0,1
26456899.pdf,2796728000,"Thorpe Design, Inc.",Fire Sprinkler Designer,1,6,10,7,0.1429,0,0,0,0,Communication,"iOS SDK, Work Ethic, Cultural Awareness, Attention to Detail, Apache Solr, Amazon Neptune",0.3435,0.0,0.013,0.0,0
10624813.pdf,3045980831,Armstrong Builders LLC,Project Engineer,0,4,23,4,0.0,0,0,0,0,,"Automated Testing, Communication, Mobile Security, Attention to Detail",0.3004,0.0,0.0078,28.0,0
12472574.pdf,3466187886,Landscape Management Group,Owner,3,6,21,9,0.3333,0,0,1,2,"Automated Testing, Communication, Integration Testing","iOS SDK, Work Ethic, Key Management, Collaboration, Creativity, Amazon Neptune",0.4186,0.0,0.0388,0.0,1
24322804.pdf,3379554375,Nebraska Public Media,Finishing Editor,2,6,7,8,0.25,0,0,0,0,"Problem Solving, Make","CRI-O, iOS SDK, Privileged Access Management, Automated Testing, Composer, Apache Solr",0.3773,0.0,0.0455,0.0,1
17926546.pdf,103254301,Raw Cereal,Producer,0,4,9,4,0.0,0,0,0,0,,"Reverse Engineering, iOS SDK, Apache Ignite, Work Ethic",0.3004,0.0,0.0079,0.0,0
10624813.pdf,3219089287,,Recruitment Manager,0,3,23,3,0.0,0,0,0,0,,"Automated Testing, Leadership, Apache Solr",0.3,0.0,0.0,0.0,0
16911115.pdf,2457183642,Galerie Candy and Gifts,Quality Assurance Manager,3,8,7,11,0.2727,0,0,2,0,"Communication, Excel, Make","iOS SDK, Apache Solr, Mobile Security, Time Management, Quality Assurance, Qt Creator, Decision Making, Amazon Neptune",0.4106,0.0,0.0296,28.0,1
28078163.pdf,3520238337,Grant Writing Solutions,Grants Writer - Subcontract,1,4,14,5,0.2,0,0,0,0,Communication,"Apache Solr, iOS SDK, Mentoring, Attention to Detail",0.3604,0.0,0.0077,0.0,0
12518008.pdf,3177010992,ABC Farigua Division,Customer Service Representative,0,6,5,6,0.0,0,0,0,0,,"iOS SDK, Work Ethic, Responsive Design, Reverse Engineering, Mobile Security, Amazon Neptune",0.3008,0.0,0.0152,8.0,0
24647794.pdf,2954591060,Naked Wardrobe,Social Media Coordinator,1,3,9,4,0.25,0,0,1,0,Communication,"iOS SDK, Fluent Bit, Collaboration",0.4133,0.0,0.0155,0.0,1
21298336.pdf,103254301,Raw Cereal,Producer,0,4,3,4,0.0,0,0,0,0,,"Reverse Engineering, iOS SDK, Apache Ignite, Work Ethic",0.301,0.0,0.0196,0.0,0
28078163.pdf,3383214611,Crisp,Account Executive - Mid-Market,1,12,14,13,0.0769,0,0,1,0,Communication,"iOS SDK, Excel, Work Ethic, Make, Automated Testing, Apache Solr, Salesforce, Reverse Engineering, Integration Testing, D, Teamwork, Amazon Neptune",0.3353,0.0,0.0145,0.0,0
10624813.pdf,3582587683,McNaughton Bros. Inc.,Accounts Analyst,0,6,23,6,0.0,0,0,0,0,,"iOS SDK, Communication, Work Ethic, Automated Testing, Apache Solr, Amazon Neptune",0.3004,0.0,0.0075,20.0,0
20566550.pdf,3520238337,Grant Writing Solutions,Grants Writer - Subcontract,2,3,11,5,0.4,0,0,1,1,"Communication, Attention to Detail","iOS SDK, Mentoring, Apache Solr",0.4512,0.0,0.0234,0.0,1
17926546.pdf,2147609789,Revature,Entry Level Oracle Financial Technology Consultant,0,5,9,5,0.0,0,0,0,0,,"iOS SDK, Communication, Work Ethic, Amazon Neptune, Apache Solr",0.3004,0.0,0.0074,28.0,0
10624813.pdf,3540371917,KeyBank,Enterprise Data & Analytics Infrastructure Manager,0,0,23,0,0.0,0,0,0,0,,,0.3004,0.0,0.0081,60.0,0
11890896.pdf,266825034,Recruitment Design,Software Support Specialist,0,7,6,7,0.0,0,0,1,0,,"iOS SDK, Communication, JavaScript, Make, Automated Testing, D, PHP",0.3218,0.0,0.0076,36.0,0
25919149.pdf,2147609785,The Job Network,FP&A Analyst,1,18,6,19,0.0526,0,0,0,0,Make,"Power BI, Tableau, Excel, iOS SDK, Work Ethic, Attention to Detail, Cross-Functional Collaboration, Automated Testing, KPIs, Presentation Skills, Reverse Engineering, Amazon Neptune, Vector Embeddings, Apache Druid, SQL, Leadership, Collaboration, Apache Solr",0.3171,0.0,0.0253,28.0,0
21038022.pdf,2269442456,navXcom,Computer Scientist,1,2,12,3,0.3333,0,0,0,0,Communication,"Work Ethic, Amazon Neptune",0.4008,0.0,0.0161,20.0,1
17043822.pdf,2269442456,navXcom,Computer Scientist,1,2,11,3,0.3333,0,0,1,0,Communication,"Work Ethic, Amazon Neptune",0.4504,0.0,0.008,20.0,1
19396040.pdf,3619548798,"Dexterity, Inc.",Senior Mechanical Engineer,1,9,8,10,0.1,0,0,1,0,Make,"iOS SDK, Work Ethic, Technical Writing, Cultural Awareness, Automated Testing, Apache Solr, Reverse Engineering, Leadership, Amazon Neptune",0.3464,0.0,0.029,20.0,1
17103000.pdf,3379554375,Nebraska Public Media,Finishing Editor,0,8,4,8,0.0,0,0,0,0,,"CRI-O, iOS SDK, Privileged Access Management, Automated Testing, Make, Problem Solving, Composer, Apache Solr",0.3004,0.0,0.0073,0.0,0
28628090.pdf,56924323,,Structural Engineer,1,4,14,5,0.2,0,0,1,0,Excel,"Automated Testing, iOS SDK, Retrofit, Amazon Neptune",0.39,0.0,0.0,20.0,1
23497307.pdf,3592392532,Lorenz Motors,Drone-Car Engineer,1,5,6,6,0.1667,0,0,0,0,Communication,"iOS SDK, Work Ethic, Automated Testing, Collaboration, Apache Solr",0.3508,0.0,0.0153,20.0,1
23497307.pdf,3610591138,Mountain View Eye Center,Ophthalmic Technician,2,7,6,9,0.2222,0,0,1,0,"Communication, Leadership","CRI-O, iOS SDK, Work Ethic, D, Model Deployment, Coaching, Amazon Neptune",0.3841,0.0,0.0153,0.0,1
14049846.pdf,3383214611,Crisp,Account Executive - Mid-Market,1,12,4,13,0.0769,0,0,2,0,Make,"iOS SDK, Communication, Work Ethic, Excel, Automated Testing, Apache Solr, Salesforce, Reverse Engineering, Integration Testing, D, Teamwork, Amazon Neptune",0.3465,0.0,0.0072,0.0,0
26834746.pdf,175485704,GOYT,Software Engineer,1,10,4,11,0.0909,0,0,1,0,Communication,"iOS SDK, MySQL, Work Ethic, JavaScript, Apache Solr, HTML, PHP, CSS, Collaboration, Amazon Neptune",0.3417,0.0,0.0149,64.0,0
28078163.pdf,3196627399,Bellevue Downtown Association,Marketing & Communications – Content Writer Internship,1,12,14,13,0.0769,0,0,1,0,Communication,"iOS SDK, Work Ethic, Attention to Detail, Apache Solr, Problem Solving, HTML, Reverse Engineering, Time Management, Teamwork, Leadership, Collaboration, Amazon Neptune",0.3357,0.0,0.0208,0.0,0
28505854.pdf,2269442456,navXcom,Computer Scientist,0,3,21,3,0.0,0,0,0,1,,"Communication, Work Ethic, Amazon Neptune",0.3004,0.0,0.008,20.0,0
12748557.pdf,3219089287,,Recruitment Manager,1,2,5,3,0.3333,0,0,1,0,Leadership,"Automated Testing, Apache Solr",0.5,0.25,0.0,0.0,1
20882041.pdf,3582587683,McNaughton Bros. Inc.,Accounts Analyst,1,5,5,6,0.1667,0,0,1,0,Communication,"iOS SDK, Work Ethic, Automated Testing, Amazon Neptune, Apache Solr",0.3761,0.0,0.0229,20.0,1
20566550.pdf,2147609835,The Job Network,Trade Review Principal,0,9,11,9,0.0,0,0,0,1,,"iOS SDK, Work Ethic, Make, Ownership, Automated Testing, Apache Solr, Reverse Engineering, Vector Embeddings, Amazon Neptune",0.3007,0.0,0.0147,0.0,0
25797445.pdf,2934066464,Dynamic SRG,Fundraising Associate,1,5,2,6,0.1667,0,0,0,0,Communication,"iOS SDK, Work Ethic, Automated Testing, Prioritization, Apache Solr",0.3508,0.0,0.0155,0.0,1
11890896.pdf,3610596223,,Commercial Auto Underwriter Assistant,1,8,6,9,0.1111,0,0,2,0,C,"iOS SDK, Communication, Work Ethic, Excel, Make, Apache Solr, Teamwork, Amazon Neptune",0.3674,0.0,0.0148,0.0,1
20566550.pdf,103254301,Raw Cereal,Producer,0,4,11,4,0.0,0,0,0,1,,"Reverse Engineering, iOS SDK, Apache Ignite, Work Ethic",0.3004,0.0,0.0079,0.0,0
15858254.pdf,175485704,GOYT,Software Engineer,1,10,5,11,0.0909,0,0,0,0,Communication,"iOS SDK, MySQL, Work Ethic, JavaScript, Apache Solr, HTML, PHP, CSS, Collaboration, Amazon Neptune",0.3279,0.0,0.0135,64.0,0
28831378.pdf,2838336689,Athos Private Wealth,Executive Assistant,1,7,2,8,0.125,3,0,0,0,Work Ethic,"Growth Mindset, Communication, iOS SDK, Automated Testing, Apache Solr, Apache Druid, Amazon Neptune",0.1886,0.0,0.0222,0.0,1
25919149.pdf,3537193915,DIGS Vacation Rentals.com,Field Operations Specialist,1,6,6,7,0.1429,0,0,0,0,Problem Solving,"iOS SDK, Communication, Work Ethic, Cultural Awareness, Apache Solr, Amazon Neptune",0.3452,0.0,0.0462,0.0,1
15139979.pdf,3594710940,"PreScouter, Inc.","Scientific Project Manager for Food, Beverage, and Consumer Packaged Goods Industries (Project Architect | PA)",4,11,9,15,0.2667,0,1,6,0,"Ownership, Time Management, Leadership, Make","iOS SDK, Excel, Work Ethic, Communication, Automated Testing, Apache Solr, Mobile Security, Integration Testing, Great Expectations, Go, Amazon Neptune",0.4103,0.0,0.0066,28.0,1
19124258.pdf,844454682,,Commercial Property Manager,1,5,2,6,0.1667,3,0,0,0,Excel,"iOS SDK, Automated Testing, Amazon Neptune, Spring Framework, Apache Solr",0.2407,0.2,0.0149,8.0,1
25608963.pdf,3018278978,Aston Carter,Seasonal Office Administrator,0,5,9,5,0.0,0,0,0,0,,"iOS SDK, Work Ethic, Automated Testing, Amazon Neptune, Apache Solr",0.3,0.0,0.0,0.0,0
20882041.pdf,3366698309,Webologix Ltd/ INC,Anaplan Developer,2,4,5,6,0.3333,0,0,2,0,"Communication, Excel","Apache Solr, Work Ethic, Agile, Amazon Neptune",0.4512,0.0,0.0233,28.0,1
17103000.pdf,121605673,,Licensed Acupuncturist,1,7,4,8,0.125,0,0,2,0,Communication,"iOS SDK, Work Ethic, Apache Solr, Reverse Engineering, D, Time Management, Amazon Neptune",0.3758,0.0,0.015,0.0,1
28831378.pdf,3619548798,"Dexterity, Inc.",Senior Mechanical Engineer,1,9,2,10,0.1,0,1,0,0,Work Ethic,"iOS SDK, Technical Writing, Cultural Awareness, Automated Testing, Make, Apache Solr, Reverse Engineering, Leadership, Amazon Neptune",0.2943,0.0,0.0365,20.0,1
10624813.pdf,3555161614,Starup Insurance,User Experience Designer,0,6,23,6,0.0,0,0,0,0,,"iOS SDK, Communication, Work Ethic, Design Thinking, User-Centered Design, Collaboration",0.3004,0.0,0.0078,0.0,0
28631840.pdf,3610596223,,Commercial Auto Underwriter Assistant,0,9,2,9,0.0,0,0,1,0,,"iOS SDK, Communication, Work Ethic, Excel, Make, Apache Solr, Teamwork, C, Amazon Neptune",0.3173,0.0,0.0127,0.0,0
11981094.pdf,56924323,,Structural Engineer,0,5,14,5,0.0,0,0,0,0,,"iOS SDK, Excel, Automated Testing, Retrofit, Amazon Neptune",0.3004,0.0,0.0078,20.0,0
12011623.pdf,111513530,United Methodists of Greater New Jersey,"Content Writer, Communications",1,5,12,6,0.1667,0,0,0,0,Collaboration,"iOS SDK, Apache Camel, Make, Amazon Neptune, Apache Solr",0.3511,0.0,0.0229,0.0,1
17103000.pdf,3466187886,Landscape Management Group,Owner,1,8,4,9,0.1111,0,0,1,0,Communication,"iOS SDK, Work Ethic, Automated Testing, Key Management, Integration Testing, Collaboration, Creativity, Amazon Neptune",0.3504,0.0,0.0075,0.0,1
23438227.pdf,3480552482,Women choice,Summer Intern for Women International Company,1,6,4,7,0.1429,0,0,2,0,C,"iOS SDK, Communication, Make, Apache Solr, Leadership, Amazon Neptune",0.3861,0.0,0.0075,0.0,1
19396040.pdf,3196627399,Bellevue Downtown Association,Marketing & Communications – Content Writer Internship,0,13,8,13,0.0,0,0,0,0,,"iOS SDK, Communication, Work Ethic, Attention to Detail, Apache Solr, Problem Solving, HTML, Reverse Engineering, Time Management, Teamwork, Leadership, Collaboration, Amazon Neptune",0.3007,0.0,0.0138,0.0,0
17926546.pdf,2195921577,,Associate Planner,3,10,9,13,0.2308,2,0,1,0,"Problem Solving, Excel, Leadership","iOS SDK, Communication, Work Ethic, Strategic Thinking, Automated Testing, Apache Solr, Mobile Security, Teamwork, Move, Amazon Neptune",0.2989,0.3333,0.0288,8.0,1
13264796.pdf,3555161614,Starup Insurance,User Experience Designer,1,5,11,6,0.1667,0,0,1,0,Communication,"iOS SDK, Work Ethic, Design Thinking, User-Centered Design, Collaboration",0.3754,0.0,0.0078,0.0,1
17108676.pdf,266825034,Recruitment Design,Software Support Specialist,1,6,5,7,0.1429,0,0,2,0,Communication,"iOS SDK, JavaScript, Make, Automated Testing, D, PHP",0.3869,0.0,0.0231,36.0,1
21298336.pdf,3551631423,Miracles for Kids,Community Program Assistant,1,8,3,9,0.1111,0,0,0,0,Excel,"iOS SDK, Communication, Work Ethic, Cultural Awareness, Automated Testing, Teamwork, Move, Apache Solr",0.3342,0.0,0.0169,0.0,1
28630325.pdf,445337908,Food Bank of Alaska,Chief Operating Officer,0,7,12,7,0.0,0,0,1,0,,"iOS SDK, Make, Automated Testing, D, Apache Druid, Leadership, Amazon Neptune",0.3214,0.0,0.0,0.0,0
16803215.pdf,974774701,Kate Meadows Writing and Editing,Blog writer and virtual assistant,2,3,9,5,0.4,0,0,0,0,"Communication, Time Management","iOS SDK, Black, Coaching",0.4629,0.2,0.058,0.0,1
15941675.pdf,3322949022,Kenai Capital Advisors,"Director, Investment Sales",1,8,5,9,0.1111,0,1,0,0,Communication,"iOS SDK, Excel, Work Ethic, Azure Resource Manager, Automated Testing, Apache Solr, Negotiation, Amazon Neptune",0.2969,0.0,0.0217,8.0,1
11890896.pdf,1168783207,,Reps manager,0,6,6,6,0.0,0,0,0,0,,"iOS SDK, Work Ethic, GitHub Actions, Reverse Engineering, Spring Framework, Computer Vision",0.3508,0.25,0.0153,8.0,0
26834746.pdf,3040487795,Lead Lab,Digital Marketing Intern,2,9,4,11,0.1818,0,0,2,0,"Ownership, Communication","iOS SDK, Work Ethic, Slack, Automated Testing, Apache Solr, Spring Cloud, Reverse Engineering, Apache Druid, Amazon Neptune",0.3825,0.0,0.0145,16.0,1
21298336.pdf,2147609712,The Job Network,Med-RN ER,0,8,3,8,0.0,0,0,0,0,,"iOS SDK, Work Ethic, Cultural Awareness, Automated Testing, Critical Thinking, React Native, Azure Monitor, Amazon Neptune",0.3,0.0,0.0,16.0,0
15139979.pdf,11009123,PGAV Destinations,Project Architect,1,7,9,8,0.125,0,0,2,0,Leadership,"iOS SDK, Work Ethic, Apache Solr, Ada, Less, Collaboration, Amazon Neptune",0.375,0.0,0.0,20.0,1
28762662.pdf,3610596223,,Commercial Auto Underwriter Assistant,4,5,18,9,0.4444,0,0,3,0,"Teamwork, Communication, C, Make","iOS SDK, Excel, Work Ethic, Amazon Neptune, Apache Solr",0.4841,0.0,0.0148,0.0,1
14554542.pdf,3478651125,Axalume,Photonics Layout Intern,1,7,3,8,0.125,0,0,0,0,Communication,"iOS SDK, Work Ethic, Make, Python, Informatica PowerCenter, C#, Apache Solr",0.3379,0.0,0.0076,8.0,0
11890896.pdf,1143359956,,National Sales Manager,0,8,6,8,0.0,0,0,1,0,,"iOS SDK, Communication, Work Ethic, Make, Apache Solr, Integration Testing, Room, Amazon Neptune",0.3591,0.2,0.0074,0.0,0
25919149.pdf,2372177891,iWealth,Client Service Associate,0,5,6,5,0.0,0,0,0,0,,"CRI-O, Automated Testing, Integration Testing, Room, Apache Solr",0.3008,0.0,0.0167,0.0,0
17108676.pdf,3578562287,Beat the Streets - Baltimore,Swahili Instructor,1,5,5,6,0.1667,0,0,1,0,Communication,"iOS SDK, Work Ethic, Automated Testing, Apache Ignite, Amazon Neptune",0.3761,0.0,0.0229,0.0,1
27040860.pdf,3196627399,Bellevue Downtown Association,Marketing & Communications – Content Writer Internship,3,10,4,13,0.2308,0,0,0,0,"Communication, Attention to Detail, Time Management","iOS SDK, Work Ethic, Apache Solr, Problem Solving, HTML, Reverse Engineering, Teamwork, Leadership, Collaboration, Amazon Neptune",0.3728,0.0,0.0714,0.0,1
27152464.pdf,3040487795,Lead Lab,Digital Marketing Intern,1,10,37,11,0.0909,0,0,1,2,Communication,"iOS SDK, Work Ethic, Slack, Automated Testing, Ownership, Spring Cloud, Apache Solr, Reverse Engineering, Apache Druid, Amazon Neptune",0.3416,0.0,0.0145,16.0,0
21298336.pdf,2147609835,The Job Network,Trade Review Principal,0,9,3,9,0.0,0,0,0,0,,"iOS SDK, Work Ethic, Make, Ownership, Automated Testing, Apache Solr, Reverse Engineering, Vector Embeddings, Amazon Neptune",0.3008,0.0,0.0164,0.0,0
25608963.pdf,3075721793,ASA Architects,Architect/Project Manager,1,5,9,6,0.1667,0,0,0,0,Communication,"iOS SDK, Automated Testing, Azure Synapse Analytics, Amazon Neptune, Apache Solr",0.3504,0.0,0.0073,28.0,0
14049846.pdf,368586246,STL Fertility,Embryologist,0,5,4,5,0.0,0,0,0,0,,"CompTIA A+, Excel, Automated Testing, Integration Testing, Apache Solr",0.3004,0.0,0.0078,0.0,0
22605864.pdf,56482768,,Appalachian Highlands Women's Business Center,2,11,6,13,0.1538,0,0,0,0,"Excel, Collaboration","iOS SDK, Communication, Work Ethic, Facilitation, Strategic Thinking, Make, Automated Testing, Product Management, Apache Solr, Leadership, Amazon Neptune",0.3476,0.0,0.0282,0.0,1
19397727.pdf,3184403524,San José Clinic,Events & Communications Assistant,2,12,5,14,0.1429,0,0,0,0,"Communication, D","iOS SDK, Excel, Creativity, Automated Testing, Apache Solr, Schema Registry, Time Management, Quality Assurance, C, Pull Requests, Go, Amazon Neptune",0.3444,0.0,0.0306,0.0,1
18753367.pdf,3540371917,KeyBank,Enterprise Data & Analytics Infrastructure Manager,0,0,6,0,0.0,0,0,0,0,,,0.3254,0.125,0.0081,60.0,0
28505854.pdf,3540371917,KeyBank,Enterprise Data & Analytics Infrastructure Manager,0,0,21,0,0.0,0,0,0,1,,,0.3333,0.1667,0.0,60.0,0
28831378.pdf,2796728000,"Thorpe Design, Inc.",Fire Sprinkler Designer,1,6,2,7,0.1429,0,0,0,0,Work Ethic,"iOS SDK, Communication, Cultural Awareness, Attention to Detail, Apache Solr, Amazon Neptune",0.3432,0.0,0.0075,0.0,0
19396040.pdf,2147609789,Revature,Entry Level Oracle Financial Technology Consultant,0,5,8,5,0.0,0,0,0,0,,"iOS SDK, Communication, Work Ethic, Amazon Neptune, Apache Solr",0.3004,0.0,0.0074,28.0,0
19612167.pdf,2737009242,,Service Manager,2,12,4,14,0.1429,3,0,1,0,"Communication, Leadership","Conflict Resolution, iOS SDK, Expo, Work Ethic, Chef, Automated Testing, Ownership, Apache Solr, Integration Testing, Accountability, Decision Making, Amazon Neptune",0.2046,0.0,0.0214,0.0,1
11981094.pdf,3040487795,Lead Lab,Digital Marketing Intern,1,10,14,11,0.0909,0,0,1,0,Communication,"iOS SDK, Work Ethic, Slack, Automated Testing, Ownership, Spring Cloud, Apache Solr, Reverse Engineering, Apache Druid, Amazon Neptune",0.3416,0.0,0.0145,16.0,0
22890839.pdf,2269442456,navXcom,Computer Scientist,0,3,14,3,0.0,0,0,0,1,,"Communication, Work Ethic, Amazon Neptune",0.3004,0.0,0.008,20.0,0
21298336.pdf,445337908,Food Bank of Alaska,Chief Operating Officer,1,6,3,7,0.1429,0,0,0,0,Leadership,"iOS SDK, Make, Automated Testing, D, Apache Druid, Amazon Neptune",0.3438,0.0,0.0179,0.0,1
21847415.pdf,3610596223,,Commercial Auto Underwriter Assistant,3,6,6,9,0.3333,0,1,2,0,"Communication, Excel, Make","iOS SDK, Work Ethic, Apache Solr, Teamwork, C, Amazon Neptune",0.3973,0.0,0.0301,0.0,1
28762662.pdf,3322949022,Kenai Capital Advisors,"Director, Investment Sales",1,8,18,9,0.1111,0,0,1,0,Communication,"iOS SDK, Excel, Work Ethic, Azure Resource Manager, Automated Testing, Apache Solr, Negotiation, Amazon Neptune",0.3504,0.0,0.0071,8.0,1
25608963.pdf,3431736996,Marquee Event Rentals,Client Service Representative,1,7,9,8,0.125,0,0,1,0,Room,"iOS SDK, Azure Resource Manager, Attention to Detail, Automated Testing, Apache Solr, Integration Testing, Amazon Neptune",0.3563,0.0,0.0,8.0,1
11890896.pdf,103254301,Raw Cereal,Producer,0,4,6,4,0.0,0,0,0,0,,"Reverse Engineering, iOS SDK, Apache Ignite, Work Ethic",0.3004,0.0,0.0079,0.0,0
12488356.pdf,2269442456,navXcom,Computer Scientist,0,3,7,3,0.0,0,0,0,1,,"Communication, Work Ethic, Amazon Neptune",0.3004,0.0,0.008,20.0,0
16911115.pdf,3480552482,Women choice,Summer Intern for Women International Company,2,5,7,7,0.2857,0,0,2,0,"Communication, Make","iOS SDK, Amazon Neptune, Leadership, C, Apache Solr",0.4293,0.0,0.0152,0.0,1
16803215.pdf,3547664337,Polyram Plastic Industries Ltd,Brand Representative,0,7,9,7,0.0,0,0,0,0,,"iOS SDK, Excel, Apache Solr, Extreme Programming, Negotiation, Collaboration, Amazon Neptune",0.3,0.0,0.0,0.0,0
28505854.pdf,3610596223,,Commercial Auto Underwriter Assistant,1,8,21,9,0.1111,0,0,1,1,C,"iOS SDK, Communication, Work Ethic, Excel, Make, Apache Solr, Teamwork, Amazon Neptune",0.3504,0.0,0.0074,0.0,1
19396040.pdf,175485704,GOYT,Software Engineer,0,11,8,11,0.0,0,0,0,0,,"iOS SDK, Communication, Work Ethic, MySQL, JavaScript, Apache Solr, HTML, PHP, CSS, Collaboration, Amazon Neptune",0.3004,0.0,0.0074,64.0,0
19396040.pdf,3251984218,SLS Solutions,SAP BTP,0,2,8,2,0.0,0,0,0,0,,"iOS SDK, SQL",0.3,0.0,0.0,8.0,0
15139979.pdf,3127577086,Avero Diagnostics,Histologist - HT,4,20,9,24,0.1667,0,0,5,0,"Quality Assurance, Problem Solving, Leadership, Time Management","Facilitation, Negotiation, Qt Creator, Apache Solr, Conflict Resolution, Excel, Attention to Detail, Collaboration, Room, iOS SDK, Communication, Windows, Apache Pinot, Mobile Security, Visual Studio, Work Ethic, Automated Testing, HTML, Integration Testing, Amazon Neptune",0.3819,0.0,0.0128,8.0,1
10985403.pdf,121605673,,Licensed Acupuncturist,0,8,2,8,0.0,0,0,1,0,,"iOS SDK, Communication, Work Ethic, Apache Solr, Reverse Engineering, D, Time Management, Amazon Neptune",0.3195,0.0,0.015,0.0,0
28923650.pdf,2914254129,Eastern Indiana Works,Director of Operations,1,8,6,9,0.1111,2,0,1,0,D,"iOS SDK, Facilitation, Communication, Apache Solr, Problem Solving, Time Management, Move, Amazon Neptune",0.2,0.0,0.0,0.0,1
26456899.pdf,2748500131,"City of Germantown, TN",Director of Public Works,0,7,10,7,0.0,0,0,0,0,,"iOS SDK, Work Ethic, Automated Testing, Apache Solr, Negotiation, Accountability, Amazon Neptune",0.302,0.0,0.0395,0.0,0
13264796.pdf,56482768,,Appalachian Highlands Women's Business Center,2,11,11,13,0.1538,0,0,2,0,"Product Management, Communication","iOS SDK, Excel, Work Ethic, Facilitation, Strategic Thinking, Make, Automated Testing, Apache Solr, Leadership, Collaboration, Amazon Neptune",0.3699,0.0,0.0139,0.0,1
27152464.pdf,3582587683,McNaughton Bros. Inc.,Accounts Analyst,1,5,37,6,0.1667,0,0,1,2,Communication,"iOS SDK, Work Ethic, Automated Testing, Amazon Neptune, Apache Solr",0.3758,0.0,0.0152,20.0,1
25608963.pdf,2147609835,The Job Network,Trade Review Principal,0,9,9,9,0.0,0,0,0,0,,"iOS SDK, Work Ethic, Make, Ownership, Automated Testing, Apache Solr, Reverse Engineering, Vector Embeddings, Amazon Neptune",0.3004,0.0,0.0073,0.0,0
27040860.pdf,3040487795,Lead Lab,Digital Marketing Intern,1,10,4,11,0.0909,0,0,0,0,Communication,"iOS SDK, Work Ethic, Slack, Automated Testing, Ownership, Spring Cloud, Apache Solr, Reverse Engineering, Apache Druid, Amazon Neptune",0.3283,0.0,0.0208,16.0,0
24322804.pdf,121605673,,Licensed Acupuncturist,1,7,7,8,0.125,0,0,0,0,Communication,"iOS SDK, Work Ethic, Apache Solr, Reverse Engineering, D, Time Management, Amazon Neptune",0.3386,0.0,0.0227,0.0,1
16911115.pdf,2195921577,,Associate Planner,3,10,7,13,0.2308,2,0,3,0,"Problem Solving, Communication, Excel","iOS SDK, Work Ethic, Strategic Thinking, Automated Testing, Apache Solr, Mobile Security, Teamwork, Leadership, Move, Amazon Neptune",0.2549,0.0,0.0214,8.0,1
17043822.pdf,3177010992,ABC Farigua Division,Customer Service Representative,0,6,11,6,0.0,0,0,0,0,,"iOS SDK, Work Ethic, Responsive Design, Reverse Engineering, Mobile Security, Amazon Neptune",0.3004,0.0,0.0075,8.0,0
28630325.pdf,3366698309,Webologix Ltd/ INC,Anaplan Developer,1,5,12,6,0.1667,0,0,1,0,Agile,"Communication, Work Ethic, Excel, Amazon Neptune, Apache Solr",0.3758,0.0,0.0154,28.0,1
20882041.pdf,3322949022,Kenai Capital Advisors,"Director, Investment Sales",2,7,5,9,0.2222,0,1,3,0,"Communication, Excel","iOS SDK, Work Ethic, Azure Resource Manager, Automated Testing, Apache Solr, Negotiation, Amazon Neptune",0.3806,0.0,0.0292,8.0,1
10030015.pdf,2457183642,Galerie Candy and Gifts,Quality Assurance Manager,1,10,1,11,0.0909,0,0,0,0,Quality Assurance,"iOS SDK, Communication, Excel, Make, Amazon Neptune, Mobile Security, Time Management, Qt Creator, Decision Making, Apache Solr",0.3289,0.0,0.0333,28.0,0
19612167.pdf,3366698309,Webologix Ltd/ INC,Anaplan Developer,2,4,4,6,0.3333,0,3,2,0,"Communication, Excel","Apache Solr, Work Ethic, Agile, Amazon Neptune",0.3008,0.0,0.0154,28.0,0
24322804.pdf,3466187886,Landscape Management Group,Owner,1,8,7,9,0.1111,0,0,0,0,Communication,"iOS SDK, Work Ethic, Automated Testing, Key Management, Integration Testing, Collaboration, Creativity, Amazon Neptune",0.3341,0.0,0.0152,0.0,1
28628090.pdf,2914254129,Eastern Indiana Works,Director of Operations,3,6,14,9,0.3333,0,0,3,0,"Problem Solving, Communication, D","iOS SDK, Facilitation, Apache Solr, Time Management, Move, Amazon Neptune",0.4504,0.0,0.0074,0.0,1
13264796.pdf,3260455681,Weyerhaeuser,Operations Specialist,1,15,11,16,0.0625,0,0,1,0,Communication,"Conflict Resolution, iOS SDK, Excel, Work Ethic, Make, Sentence Transformers, Apache Solr, Reverse Engineering, Mobile Security, Mentoring, Vector Embeddings, Time Management, Leadership, Decision Making, Amazon Neptune",0.3288,0.0,0.0135,8.0,0
13264796.pdf,3480552482,Women choice,Summer Intern for Women International Company,1,6,11,7,0.1429,0,0,2,0,Communication,"iOS SDK, Make, Apache Solr, Leadership, C, Amazon Neptune",0.3861,0.0,0.0075,0.0,1
27040860.pdf,3260455681,Weyerhaeuser,Operations Specialist,3,13,4,16,0.1875,0,0,0,0,"Communication, Excel, Time Management","Conflict Resolution, iOS SDK, Work Ethic, Sentence Transformers, Make, Apache Solr, Reverse Engineering, Mobile Security, Mentoring, Vector Embeddings, Leadership, Decision Making, Amazon Neptune",0.3592,0.0,0.0588,8.0,1
28762662.pdf,95428182,CLEVELAND KIDS BOOK BANK,Administrative Coordinator,2,10,18,12,0.1667,0,0,2,0,"Communication, Make","iOS SDK, Work Ethic, Attention to Detail, Automated Testing, Apache Solr, Azure Monitor, Time Management, Collaboration, Creativity, Amazon Neptune",0.3754,0.0,0.007,8.0,1
27756469.pdf,3594710940,"PreScouter, Inc.","Scientific Project Manager for Food, Beverage, and Consumer Packaged Goods Industries (Project Architect | PA)",3,12,10,15,0.2,0,1,2,0,"Ownership, Excel, Leadership","iOS SDK, Communication, Work Ethic, Make, Automated Testing, Apache Solr, Mobile Security, Integration Testing, Time Management, Great Expectations, Go, Amazon Neptune",0.3513,0.0,0.0268,28.0,1
25425322.pdf,445337908,Food Bank of Alaska,Chief Operating Officer,1,6,2,7,0.1429,0,0,1,0,Leadership,"iOS SDK, Make, Automated Testing, D, Apache Druid, Amazon Neptune",0.3647,0.0,0.0076,0.0,1
13264796.pdf,3366698309,Webologix Ltd/ INC,Anaplan Developer,2,4,11,6,0.3333,0,0,2,0,"Communication, Agile","Apache Solr, Excel, Work Ethic, Amazon Neptune",0.4512,0.0,0.0233,28.0,1
17926546.pdf,1573178251,,Social Media Coordinator,0,5,9,5,0.0,0,0,0,0,,"Work Ethic, Automated Testing, Reverse Engineering, Computer Vision, Apache Solr",0.3012,0.0,0.0233,0.0,0
25608963.pdf,3379554375,Nebraska Public Media,Finishing Editor,0,8,9,8,0.0,0,0,0,0,,"CRI-O, iOS SDK, Privileged Access Management, Automated Testing, Make, Problem Solving, Composer, Apache Solr",0.3,0.0,0.0,0.0,0
17103000.pdf,2157930553,Brady Insurance Group LLC,Customer Service Representative,1,9,4,10,0.1,0,0,1,0,Communication,"iOS SDK, Work Ethic, Make, Automated Testing, Problem Solving, Apache Solr, Integration Testing, Azure Monitor, Amazon Neptune",0.3454,0.0,0.0072,8.0,1
23497307.pdf,2147609789,Revature,Entry Level Oracle Financial Technology Consultant,1,4,6,5,0.2,0,0,0,0,Communication,"Apache Solr, iOS SDK, Work Ethic, Amazon Neptune",0.3611,0.0,0.0226,28.0,1
18753367.pdf,3586242087,,Director of Sales,2,6,6,8,0.25,0,0,2,0,"Communication, Leadership","iOS SDK, Strategic Thinking, Automated Testing, Negotiation, D, Apache Solr",0.4136,0.0,0.0227,0.0,1
28831378.pdf,445337908,Food Bank of Alaska,Chief Operating Officer,0,7,2,7,0.0,0,0,1,0,,"iOS SDK, Make, Automated Testing, D, Apache Druid, Leadership, Amazon Neptune",0.3218,0.0,0.0076,0.0,0
28628090.pdf,3196627399,Bellevue Downtown Association,Marketing & Communications – Content Writer Internship,3,10,14,13,0.2308,0,0,3,0,"Problem Solving, Communication, Leadership","iOS SDK, Work Ethic, Attention to Detail, Apache Solr, HTML, Reverse Engineering, Time Management, Teamwork, Collaboration, Amazon Neptune",0.4042,0.0,0.0068,0.0,1
16803215.pdf,3184403524,San José Clinic,Events & Communications Assistant,4,10,9,14,0.2857,0,0,0,0,"Quality Assurance, Communication, Go, Time Management","iOS SDK, Excel, Automated Testing, Apache Solr, D, Schema Registry, C, Pull Requests, Creativity, Amazon Neptune",0.4395,0.25,0.0759,0.0,1
19397727.pdf,3040487795,Lead Lab,Digital Marketing Intern,1,10,5,11,0.0909,0,0,0,0,Communication,"iOS SDK, Work Ethic, Slack, Automated Testing, Ownership, Spring Cloud, Apache Solr, Reverse Engineering, Apache Druid, Amazon Neptune",0.3289,0.0,0.0316,16.0,0
27040860.pdf,1573178251,,Social Media Coordinator,0,5,4,5,0.0,0,0,0,0,,"Work Ethic, Automated Testing, Reverse Engineering, Computer Vision, Apache Solr",0.3006,0.0,0.0112,0.0,0
13264796.pdf,3594710940,"PreScouter, Inc.","Scientific Project Manager for Food, Beverage, and Consumer Packaged Goods Industries (Project Architect | PA)",1,14,11,15,0.0667,0,1,2,0,Communication,"iOS SDK, Excel, Work Ethic, Make, Automated Testing, Ownership, Apache Solr, Mobile Security, Integration Testing, Time Management, Great Expectations, Leadership, Go, Amazon Neptune",0.3103,0.0,0.0066,28.0,0
15601399.pdf,3555161614,Starup Insurance,User Experience Designer,1,5,1,6,0.1667,0,0,0,0,Communication,"iOS SDK, Work Ethic, Design Thinking, User-Centered Design, Collaboration",0.3504,0.0,0.0078,0.0,0
23438227.pdf,3366698309,Webologix Ltd/ INC,Anaplan Developer,1,5,4,6,0.1667,0,0,0,0,Excel,"Communication, Work Ethic, Amazon Neptune, Agile, Apache Solr",0.3508,0.0,0.0154,28.0,1
24322804.pdf,111513530,United Methodists of Greater New Jersey,"Content Writer, Communications",1,5,7,6,0.1667,0,0,0,0,Make,"iOS SDK, Apache Camel, Amazon Neptune, Collaboration, Apache Solr",0.3511,0.0,0.0229,0.0,1
19396040.pdf,3547664337,Polyram Plastic Industries Ltd,Brand Representative,1,6,8,7,0.1429,0,0,0,0,Excel,"iOS SDK, Apache Solr, Extreme Programming, Negotiation, Collaboration, Amazon Neptune",0.3432,0.0,0.0076,0.0,0
16803215.pdf,2157930553,Brady Insurance Group LLC,Customer Service Representative,2,8,9,10,0.2,0,0,0,0,"Communication, Make","iOS SDK, Work Ethic, Automated Testing, Problem Solving, Apache Solr, Integration Testing, Azure Monitor, Amazon Neptune",0.3613,0.0,0.0253,8.0,1
12011623.pdf,3547664337,Polyram Plastic Industries Ltd,Brand Representative,1,6,12,7,0.1429,0,0,0,0,Collaboration,"iOS SDK, Excel, Apache Solr, Extreme Programming, Negotiation, Amazon Neptune",0.3432,0.0,0.0076,0.0,0
21038022.pdf,3040487795,Lead Lab,Digital Marketing Intern,1,10,12,11,0.0909,0,0,0,0,Communication,"iOS SDK, Work Ethic, Slack, Automated Testing, Ownership, Spring Cloud, Apache Solr, Reverse Engineering, Apache Druid, Amazon Neptune",0.328,0.0,0.0145,16.0,0
13264796.pdf,1143359956,,National Sales Manager,1,7,11,8,0.125,0,0,1,0,Communication,"iOS SDK, Work Ethic, Make, Apache Solr, Integration Testing, Room, Amazon Neptune",0.357,0.0,0.0148,0.0,1
13264796.pdf,3270034794,Eclipse Building Corp,Commercial Construction Project Managers/Superintendents,1,10,11,11,0.0909,0,0,1,0,Communication,"iOS SDK, Work Ethic, Attention to Detail, Problem Solving, Apache Ignite, Apache Pinot, GDPR Compliance, Mobile Security, Amazon RDS, Apache Solr",0.3416,0.0,0.0139,8.0,0
20882041.pdf,2147609712,The Job Network,Med-RN ER,0,8,5,8,0.0,0,0,0,0,,"iOS SDK, Work Ethic, Cultural Awareness, Automated Testing, Critical Thinking, React Native, Azure Monitor, Amazon Neptune",0.3,0.0,0.0,16.0,0
24647794.pdf,3184403524,San José Clinic,Events & Communications Assistant,3,11,9,14,0.2143,0,0,4,0,"Communication, D, C","iOS SDK, Excel, Creativity, Automated Testing, Apache Solr, Schema Registry, Time Management, Quality Assurance, Pull Requests, Go, Amazon Neptune",0.4079,0.0,0.0142,0.0,1
25608963.pdf,3533320307,NLB Services,Java architect / Lead Java developer,0,5,9,5,0.0,0,0,0,0,,"Automated Testing, REST API, React, TypeScript, Java",0.3,0.0,0.0,80.0,0
17488801.pdf,3196627399,Bellevue Downtown Association,Marketing & Communications – Content Writer Internship,2,11,4,13,0.1538,0,0,0,0,"Communication, Leadership","iOS SDK, Work Ethic, Attention to Detail, Apache Solr, Problem Solving, HTML, Reverse Engineering, Time Management, Teamwork, Collaboration, Amazon Neptune",0.3476,0.0,0.028,0.0,1
28630325.pdf,3515274431,Conduit Tech,Customer Success Manager,0,12,12,12,0.0,0,0,0,0,,"CRI-O, iOS SDK, Communication, Work Ethic, Excel, Automated Testing, Ownership, Exploratory Testing, Apache Solr, Reverse Engineering, Integration Testing, Amazon Neptune",0.3007,0.0,0.0145,0.0,0
24322804.pdf,103254301,Raw Cereal,Producer,0,4,7,4,0.0,0,0,0,0,,"Reverse Engineering, iOS SDK, Apache Ignite, Work Ethic",0.3004,0.0,0.0079,0.0,0
12748557.pdf,56482768,,Appalachian Highlands Women's Business Center,2,11,5,13,0.1538,2,0,2,0,"Leadership, Collaboration","iOS SDK, Communication, Work Ethic, Excel, Facilitation, Strategic Thinking, Make, Automated Testing, Product Management, Apache Solr, Amazon Neptune",0.2203,0.0,0.021,0.0,1
28320387.pdf,368586246,STL Fertility,Embryologist,0,5,5,5,0.0,0,0,0,0,,"CompTIA A+, Excel, Automated Testing, Integration Testing, Apache Solr",0.3004,0.0,0.0078,0.0,0
28078163.pdf,2457183642,Galerie Candy and Gifts,Quality Assurance Manager,1,10,14,11,0.0909,0,0,0,0,Communication,"iOS SDK, Excel, Make, Apache Solr, Mobile Security, Time Management, Quality Assurance, Qt Creator, Decision Making, Amazon Neptune",0.3676,0.2,0.0072,28.0,0
27040860.pdf,3582587683,McNaughton Bros. Inc.,Accounts Analyst,1,5,4,6,0.1667,0,0,0,0,Communication,"iOS SDK, Work Ethic, Automated Testing, Amazon Neptune, Apache Solr",0.3511,0.0,0.0222,20.0,1
17926546.pdf,1143359956,,National Sales Manager,0,8,9,8,0.0,0,0,0,0,,"iOS SDK, Communication, Work Ethic, Make, Apache Solr, Integration Testing, Room, Amazon Neptune",0.3004,0.0,0.0074,0.0,0
17103000.pdf,2934066464,Dynamic SRG,Fundraising Associate,1,5,4,6,0.1667,0,0,1,0,Communication,"iOS SDK, Work Ethic, Automated Testing, Prioritization, Apache Solr",0.3754,0.0,0.0077,0.0,1
21038022.pdf,2796728000,"Thorpe Design, Inc.",Fire Sprinkler Designer,1,6,12,7,0.1429,0,0,0,0,Communication,"iOS SDK, Work Ethic, Cultural Awareness, Attention to Detail, Apache Solr, Amazon Neptune",0.3432,0.0,0.0075,0.0,0
18753367.pdf,2147609712,The Job Network,Med-RN ER,0,8,6,8,0.0,0,0,0,0,,"iOS SDK, Work Ethic, Cultural Awareness, Automated Testing, Critical Thinking, React Native, Azure Monitor, Amazon Neptune",0.3007,0.0,0.0149,16.0,0
13264796.pdf,2234533717,Ideando Inc,Full Stack Engineer,4,22,11,26,0.1538,0,0,4,0,"Product Management, Communication, Agile, Quality Assurance","Apache Ignite, Amazon Web Services, Express.js, Apache Solr, Responsive Design, Attention to Detail, Make, Problem Solving, Microsoft Azure, Collaboration, iOS SDK, MongoDB, Mentoring, Core Data, Work Ethic, JavaScript, Automated Testing, Google Cloud Platform, PostgreSQL, React, Python, TypeScript",0.3702,0.0,0.0186,84.0,1
20566550.pdf,2954591060,Naked Wardrobe,Social Media Coordinator,1,3,11,4,0.25,0,0,1,1,Communication,"iOS SDK, Fluent Bit, Collaboration",0.4133,0.0,0.0155,0.0,1
19396040.pdf,111513530,United Methodists of Greater New Jersey,"Content Writer, Communications",1,5,8,6,0.1667,0,0,1,0,Make,"iOS SDK, Apache Camel, Amazon Neptune, Collaboration, Apache Solr",0.3754,0.0,0.0075,0.0,1
20566550.pdf,3431736996,Marquee Event Rentals,Client Service Representative,1,7,11,8,0.125,0,0,0,1,Attention to Detail,"iOS SDK, Azure Resource Manager, Automated Testing, Apache Solr, Integration Testing, Room, Amazon Neptune",0.3386,0.0,0.0222,8.0,1
28923650.pdf,121605673,,Licensed Acupuncturist,1,7,6,8,0.125,0,0,1,0,D,"iOS SDK, Communication, Work Ethic, Apache Solr, Reverse Engineering, Time Management, Amazon Neptune",0.3566,0.0,0.0075,0.0,1
15139979.pdf,2838336689,Athos Private Wealth,Executive Assistant,0,8,9,8,0.0,0,0,1,0,,"Growth Mindset, Communication, Work Ethic, iOS SDK, Automated Testing, Apache Solr, Apache Druid, Amazon Neptune",0.3862,0.3333,0.0147,0.0,0
27756469.pdf,112576855,,Building Engineer,1,10,10,11,0.0909,0,0,0,0,Leadership,"CRI-O, iOS SDK, Communication, Work Ethic, Azure Resource Manager, Cultural Awareness, Cross-Functional Collaboration, Apache Solr, Time Management, Amazon Neptune",0.3283,0.0,0.0214,28.0,0
13264796.pdf,266825034,Recruitment Design,Software Support Specialist,1,6,11,7,0.1429,0,0,2,0,Communication,"iOS SDK, JavaScript, Make, Automated Testing, D, PHP",0.3865,0.0,0.0153,36.0,1
28762662.pdf,3578562287,Beat the Streets - Baltimore,Swahili Instructor,1,5,18,6,0.1667,0,0,1,0,Communication,"iOS SDK, Work Ethic, Automated Testing, Apache Ignite, Amazon Neptune",0.3754,0.0,0.0075,0.0,1
14049846.pdf,3480552482,Women choice,Summer Intern for Women International Company,1,6,4,7,0.1429,0,0,2,0,Make,"iOS SDK, Communication, Apache Solr, Leadership, C, Amazon Neptune",0.4257,0.2,0.0,0.0,1
15941675.pdf,56924323,,Structural Engineer,0,5,5,5,0.0,0,0,0,0,,"iOS SDK, Excel, Automated Testing, Retrofit, Amazon Neptune",0.3,0.0,0.0,20.0,0
25797445.pdf,133130219,,Software Engineer,0,0,2,0,0.0,0,0,0,0,,,0.3004,0.0,0.0081,40.0,0
12748557.pdf,1143359956,,National Sales Manager,0,8,5,8,0.0,0,0,0,0,,"iOS SDK, Communication, Work Ethic, Make, Apache Solr, Integration Testing, Room, Amazon Neptune",0.3404,0.2,0.0074,0.0,0
25797445.pdf,3260455681,Weyerhaeuser,Operations Specialist,2,14,2,16,0.125,0,0,0,0,"Communication, Excel","iOS SDK, Reverse Engineering, Mobile Security, Mentoring, Time Management, Leadership, Decision Making, Apache Solr, Conflict Resolution, Work Ethic, Make, Sentence Transformers, Vector Embeddings, Amazon Neptune",0.4055,0.3333,0.0274,8.0,1
26456899.pdf,3379554375,Nebraska Public Media,Finishing Editor,0,8,10,8,0.0,0,0,0,0,,"CRI-O, iOS SDK, Privileged Access Management, Automated Testing, Make, Problem Solving, Composer, Apache Solr",0.3019,0.0,0.0385,0.0,0
25797445.pdf,3520238337,Grant Writing Solutions,Grants Writer - Subcontract,1,4,2,5,0.2,0,0,0,0,Communication,"Apache Solr, iOS SDK, Mentoring, Attention to Detail",0.3604,0.0,0.0077,0.0,0
22890839.pdf,3478651125,Axalume,Photonics Layout Intern,1,7,14,8,0.125,0,0,0,1,Python,"iOS SDK, Communication, Work Ethic, Make, Informatica PowerCenter, C#, Apache Solr",0.3375,0.0,0.0,8.0,1
15601399.pdf,3578562287,Beat the Streets - Baltimore,Swahili Instructor,1,5,1,6,0.1667,0,0,0,0,Communication,"iOS SDK, Work Ethic, Automated Testing, Apache Ignite, Amazon Neptune",0.3508,0.0,0.0152,0.0,1
20566550.pdf,3040487795,Lead Lab,Digital Marketing Intern,1,10,11,11,0.0909,0,0,1,1,Communication,"iOS SDK, Work Ethic, Slack, Automated Testing, Ownership, Spring Cloud, Apache Solr, Reverse Engineering, Apache Druid, Amazon Neptune",0.3924,0.25,0.0294,16.0,0
21298336.pdf,3547664337,Polyram Plastic Industries Ltd,Brand Representative,1,6,3,7,0.1429,0,0,0,0,Excel,"iOS SDK, Apache Solr, Extreme Programming, Negotiation, Collaboration, Amazon Neptune",0.3438,0.0,0.0179,0.0,1
15858254.pdf,266825034,Recruitment Design,Software Support Specialist,1,6,5,7,0.1429,0,0,0,0,Communication,"iOS SDK, JavaScript, Make, Automated Testing, D, PHP",0.3443,0.0,0.0286,36.0,1
26834746.pdf,2234533717,Ideando Inc,Full Stack Engineer,2,24,4,26,0.0769,0,0,2,0,"Quality Assurance, Communication","iOS SDK, Apache Ignite, Amazon Web Services, MongoDB, Mentoring, Core Data, Express.js, Apache Solr, Work Ethic, Responsive Design, JavaScript, Attention to Detail, Make, Problem Solving, Product Management, Automated Testing, Google Cloud Platform, PostgreSQL, Microsoft Azure, React, Python, Agile, TypeScript, Collaboration",0.3362,0.0,0.0314,84.0,0
23438227.pdf,3547664337,Polyram Plastic Industries Ltd,Brand Representative,1,6,4,7,0.1429,0,0,0,0,Excel,"iOS SDK, Apache Solr, Extreme Programming, Negotiation, Collaboration, Amazon Neptune",0.3432,0.0,0.0076,0.0,0
23497307.pdf,3610596223,,Commercial Auto Underwriter Assistant,2,7,6,9,0.2222,0,1,1,0,"Communication, Excel","iOS SDK, Work Ethic, Make, Apache Solr, Teamwork, C, Amazon Neptune",0.347,0.0,0.0224,0.0,1
28628090.pdf,3551631423,Miracles for Kids,Community Program Assistant,2,7,14,9,0.2222,0,0,2,0,"Communication, Excel","iOS SDK, Work Ethic, Cultural Awareness, Automated Testing, Teamwork, Move, Apache Solr",0.4004,0.0,0.0074,0.0,1
19396040.pdf,3075721793,ASA Architects,Architect/Project Manager,0,6,8,6,0.0,0,0,0,0,,"iOS SDK, Communication, Automated Testing, Apache Solr, Azure Synapse Analytics, Amazon Neptune",0.3004,0.0,0.0073,28.0,0
16803215.pdf,3466187886,Landscape Management Group,Owner,1,8,9,9,0.1111,0,0,0,0,Communication,"iOS SDK, Work Ethic, Automated Testing, Key Management, Integration Testing, Collaboration, Creativity, Amazon Neptune",0.3347,0.0,0.027,0.0,1
14049846.pdf,3466187886,Landscape Management Group,Owner,1,8,4,9,0.1111,0,0,0,0,Creativity,"iOS SDK, Communication, Work Ethic, Automated Testing, Key Management, Integration Testing, Collaboration, Amazon Neptune",0.3337,0.0,0.0075,0.0,0
20882041.pdf,175485704,GOYT,Software Engineer,1,10,5,11,0.0909,0,0,1,0,Communication,"iOS SDK, MySQL, Work Ethic, JavaScript, Apache Solr, HTML, PHP, CSS, Collaboration, Amazon Neptune",0.3417,0.0,0.0149,64.0,0
21298336.pdf,2735151240,LT Apparel Group,Intern- Business Analytics,1,7,3,8,0.125,0,0,0,0,Excel,"Power BI, Tableau, Communication, Work Ethic, iOS SDK, Teamwork, Amazon Neptune",0.3384,0.0,0.0179,20.0,1
28630325.pdf,3383214611,Crisp,Account Executive - Mid-Market,0,13,12,13,0.0,0,0,1,0,,"iOS SDK, Communication, Work Ethic, Excel, Make, Automated Testing, Apache Solr, Salesforce, Reverse Engineering, Integration Testing, D, Teamwork, Amazon Neptune",0.3123,0.0,0.0145,0.0,0
17926546.pdf,3177010992,ABC Farigua Division,Customer Service Representative,0,6,9,6,0.0,0,0,0,0,,"iOS SDK, Work Ethic, Responsive Design, Reverse Engineering, Mobile Security, Amazon Neptune",0.3011,0.0,0.0229,8.0,0
12488356.pdf,445337908,Food Bank of Alaska,Chief Operating Officer,2,5,7,7,0.2857,0,0,2,1,"Leadership, D","iOS SDK, Make, Automated Testing, Apache Druid, Amazon Neptune",0.4286,0.0,0.0,0.0,1
15139979.pdf,2737009242,,Service Manager,2,12,9,14,0.1429,0,0,3,0,"Ownership, Leadership","Conflict Resolution, iOS SDK, Communication, Expo, Chef, Work Ethic, Automated Testing, Apache Solr, Integration Testing, Accountability, Decision Making, Amazon Neptune",0.3754,0.0,0.007,0.0,1
19397727.pdf,95428182,CLEVELAND KIDS BOOK BANK,Administrative Coordinator,2,10,5,12,0.1667,0,0,0,0,"Communication, Attention to Detail","iOS SDK, Work Ethic, Make, Automated Testing, Apache Solr, Azure Monitor, Time Management, Collaboration, Creativity, Amazon Neptune",0.3526,0.0,0.0521,8.0,1
19397727.pdf,3260455681,Weyerhaeuser,Operations Specialist,1,15,5,16,0.0625,0,0,0,0,Communication,"Conflict Resolution, iOS SDK, Excel, Work Ethic, Make, Sentence Transformers, Apache Solr, Reverse Engineering, Mobile Security, Mentoring, Vector Embeddings, Time Management, Leadership, Decision Making, Amazon Neptune",0.3202,0.0,0.0286,8.0,0
10624813.pdf,2735151240,LT Apparel Group,Intern- Business Analytics,0,8,23,8,0.0,0,0,0,0,,"Power BI, Tableau, Communication, Work Ethic, Excel, iOS SDK, Teamwork, Amazon Neptune",0.3008,0.0,0.0153,20.0,0
20566550.pdf,3582587683,McNaughton Bros. Inc.,Accounts Analyst,1,5,11,6,0.1667,0,0,1,1,Communication,"iOS SDK, Work Ethic, Automated Testing, Amazon Neptune, Apache Solr",0.3761,0.0,0.0229,20.0,1
19397727.pdf,2147609712,The Job Network,Med-RN ER,0,8,5,8,0.0,0,0,0,0,,"iOS SDK, Work Ethic, Cultural Awareness, Automated Testing, Critical Thinking, React Native, Azure Monitor, Amazon Neptune",0.3005,0.0,0.0108,16.0,0
13149176.pdf,3582587683,McNaughton Bros. Inc.,Accounts Analyst,0,6,7,6,0.0,0,0,0,0,,"iOS SDK, Communication, Work Ethic, Automated Testing, Apache Solr, Amazon Neptune",0.3011,0.0,0.0229,20.0,0
20566550.pdf,3045980831,Armstrong Builders LLC,Project Engineer,2,2,11,4,0.5,0,0,1,1,"Communication, Attention to Detail","Automated Testing, Mobile Security",0.4891,0.0,0.0317,28.0,1
24322804.pdf,3520238337,Grant Writing Solutions,Grants Writer - Subcontract,1,4,7,5,0.2,0,0,0,0,Communication,"Apache Solr, iOS SDK, Mentoring, Attention to Detail",0.3604,0.0,0.0077,0.0,0
16911115.pdf,3540371917,KeyBank,Enterprise Data & Analytics Infrastructure Manager,0,0,7,0,0.0,0,0,0,0,,,0.3,0.0,0.0,60.0,0
17103000.pdf,2147609789,Revature,Entry Level Oracle Financial Technology Consultant,1,4,4,5,0.2,0,0,1,0,Communication,"Apache Solr, iOS SDK, Work Ethic, Amazon Neptune",0.3907,0.0,0.0149,28.0,1
20566550.pdf,2934066464,Dynamic SRG,Fundraising Associate,1,5,11,6,0.1667,0,0,1,1,Communication,"iOS SDK, Work Ethic, Automated Testing, Prioritization, Apache Solr",0.3758,0.0,0.0155,0.0,1
15601399.pdf,95428182,CLEVELAND KIDS BOOK BANK,Administrative Coordinator,1,11,1,12,0.0833,0,0,0,0,Communication,"iOS SDK, Work Ethic, Attention to Detail, Automated Testing, Make, Amazon Neptune, Azure Monitor, Time Management, Collaboration, Creativity, Apache Solr",0.3261,0.0,0.0214,8.0,0
27040860.pdf,1168783207,,Reps manager,0,6,4,6,0.0,0,0,0,0,,"iOS SDK, Work Ethic, GitHub Actions, Reverse Engineering, Spring Framework, Computer Vision",0.3006,0.0,0.0111,8.0,0
17488801.pdf,3040487795,Lead Lab,Digital Marketing Intern,1,10,4,11,0.0909,0,0,0,0,Communication,"iOS SDK, Work Ethic, Slack, Automated Testing, Ownership, Spring Cloud, Apache Solr, Reverse Engineering, Apache Druid, Amazon Neptune",0.328,0.0,0.0145,16.0,0
13149176.pdf,2457183642,Galerie Candy and Gifts,Quality Assurance Manager,2,9,7,11,0.1818,0,0,1,0,"Quality Assurance, Time Management","iOS SDK, Communication, Excel, Make, Apache Solr, Mobile Security, Qt Creator, Decision Making, Amazon Neptune",0.3689,0.0,0.0146,28.0,1
25797445.pdf,3551631423,Miracles for Kids,Community Program Assistant,2,7,2,9,0.2222,0,0,0,0,"Communication, Excel","iOS SDK, Work Ethic, Cultural Awareness, Automated Testing, Teamwork, Move, Apache Solr",0.3682,0.0,0.0303,0.0,1
19553067.pdf,3609090859,Mi Familia Vota,Field Director,2,15,3,17,0.1176,3,0,3,0,"Problem Solving, Excel","CRI-O, iOS SDK, Communication, Leadership, Apache Solr, Conflict Resolution, Work Ethic, GitHub Actions, Cultural Awareness, Attention to Detail, Automated Testing, Google Sheets, Accountability, C, Amazon Neptune",0.2124,0.0,0.0135,0.0,1
15139979.pdf,3537193915,DIGS Vacation Rentals.com,Field Operations Specialist,1,6,9,7,0.1429,0,0,2,0,Problem Solving,"iOS SDK, Communication, Work Ethic, Cultural Awareness, Apache Solr, Amazon Neptune",0.3857,0.0,0.0,0.0,1
27152464.pdf,368586246,STL Fertility,Embryologist,1,4,37,5,0.2,0,0,0,2,Integration Testing,"Automated Testing, CompTIA A+, Excel, Apache Solr",0.36,0.0,0.0,0.0,1
14049846.pdf,133130219,,Software Engineer,0,0,4,0,0.0,0,0,0,0,,,0.3008,0.0,0.0164,40.0,0
17103000.pdf,3610596223,,Commercial Auto Underwriter Assistant,1,8,4,9,0.1111,0,0,2,0,Communication,"iOS SDK, Excel, Work Ethic, Make, Apache Solr, Teamwork, C, Amazon Neptune",0.3678,0.0,0.0224,0.0,1
11981094.pdf,3540371917,KeyBank,Enterprise Data & Analytics Infrastructure Manager,0,0,14,0,0.0,0,0,0,0,,,0.3286,0.1429,0.0,60.0,0
28320387.pdf,3211657373,AB Underground,Heavy Equipment Operator,1,6,5,7,0.1429,0,0,0,0,Make,"iOS SDK, Work Ethic, Apache Solr, Move, Room, Amazon Neptune",0.3432,0.0,0.0076,0.0,0
12011623.pdf,95428182,CLEVELAND KIDS BOOK BANK,Administrative Coordinator,1,11,12,12,0.0833,0,0,0,0,Collaboration,"iOS SDK, Communication, Work Ethic, Attention to Detail, Automated Testing, Make, Apache Solr, Azure Monitor, Time Management, Creativity, Amazon Neptune",0.3261,0.0,0.0214,8.0,0
16803215.pdf,2796728000,"Thorpe Design, Inc.",Fire Sprinkler Designer,2,5,9,7,0.2857,0,0,0,0,"Communication, Attention to Detail","iOS SDK, Work Ethic, Cultural Awareness, Amazon Neptune, Apache Solr",0.3877,0.0,0.0405,0.0,1
17103000.pdf,2735151240,LT Apparel Group,Intern- Business Analytics,1,7,4,8,0.125,0,0,1,0,Communication,"Power BI, Tableau, Excel, Work Ethic, iOS SDK, Teamwork, Amazon Neptune",0.357,0.0,0.0153,20.0,1
17108676.pdf,121605673,,Licensed Acupuncturist,2,6,5,8,0.25,0,0,3,0,"Communication, Time Management","iOS SDK, Work Ethic, Apache Solr, Reverse Engineering, D, Amazon Neptune",0.4324,0.0,0.0227,0.0,1
21847415.pdf,95428182,CLEVELAND KIDS BOOK BANK,Administrative Coordinator,2,10,6,12,0.1667,0,0,1,0,"Communication, Make","iOS SDK, Work Ethic, Attention to Detail, Automated Testing, Apache Solr, Azure Monitor, Time Management, Collaboration, Creativity, Amazon Neptune",0.3636,0.0,0.0214,8.0,1
27152464.pdf,3251984218,SLS Solutions,SAP BTP,1,1,37,2,0.5,0,0,0,2,SQL,iOS SDK,0.45,0.0,0.0,8.0,1
12748557.pdf,2147609789,Revature,Entry Level Oracle Financial Technology Consultant,0,5,5,5,0.0,0,0,0,0,,"iOS SDK, Communication, Work Ethic, Amazon Neptune, Apache Solr",0.3004,0.0,0.0074,28.0,0
13149176.pdf,3610591138,Mountain View Eye Center,Ophthalmic Technician,1,8,7,9,0.1111,0,0,1,0,D,"CRI-O, iOS SDK, Communication, Work Ethic, Model Deployment, Leadership, Coaching, Amazon Neptune",0.4167,0.3333,0.0,0.0,1
28628090.pdf,3514683108,AVAVA,Associate Brand Manager,2,8,14,10,0.2,2,0,3,0,"Communication, Leadership","iOS SDK, Malware Analysis, Automated Testing, Apache Solr, Ada, Time Management, Go, Amazon Neptune",0.3957,0.25,0.0144,0.0,1
17488801.pdf,3177010992,ABC Farigua Division,Customer Service Representative,0,6,4,6,0.0,0,0,0,0,,"iOS SDK, Work Ethic, Responsive Design, Reverse Engineering, Mobile Security, Amazon Neptune",0.3008,0.0,0.0152,8.0,0
28005884.pdf,445337908,Food Bank of Alaska,Chief Operating Officer,0,7,1,7,0.0,0,0,1,0,,"iOS SDK, Make, Automated Testing, D, Apache Druid, Leadership, Amazon Neptune",0.3214,0.0,0.0,0.0,0
28505854.pdf,266825034,Recruitment Design,Software Support Specialist,0,7,21,7,0.0,0,0,1,1,,"iOS SDK, Communication, JavaScript, Make, Automated Testing, D, PHP",0.3214,0.0,0.0,36.0,0
19397727.pdf,111513530,United Methodists of Greater New Jersey,"Content Writer, Communications",0,6,5,6,0.0,0,0,0,0,,"iOS SDK, Apache Camel, Make, Apache Solr, Collaboration, Amazon Neptune",0.3005,0.0,0.011,0.0,0
27040860.pdf,2796728000,"Thorpe Design, Inc.",Fire Sprinkler Designer,2,5,4,7,0.2857,0,0,0,0,"Communication, Attention to Detail","iOS SDK, Work Ethic, Cultural Awareness, Amazon Neptune, Apache Solr",0.3874,0.0,0.0333,0.0,1
17926546.pdf,266566927,Revesco Properties,Marketing & Office Coordinator,1,9,9,10,0.1,0,0,0,0,Excel,"CRI-O, HubSpot, iOS SDK, Ownership, Automated Testing, Apache Solr, Apache Druid, Adaptability, Amazon Neptune",0.3311,0.0,0.0221,0.0,1
10219099.pdf,2934066464,Dynamic SRG,Fundraising Associate,1,5,5,6,0.1667,0,0,0,0,Communication,"iOS SDK, Work Ethic, Automated Testing, Prioritization, Apache Solr",0.3505,0.0,0.0094,0.0,0
25608963.pdf,3592392532,Lorenz Motors,Drone-Car Engineer,1,5,9,6,0.1667,0,0,0,0,Communication,"iOS SDK, Work Ethic, Automated Testing, Collaboration, Apache Solr",0.3504,0.0,0.0076,20.0,0
19553067.pdf,103254301,Raw Cereal,Producer,0,4,3,4,0.0,0,0,0,0,,"Reverse Engineering, iOS SDK, Apache Ignite, Work Ethic",0.3,0.0,0.0,0.0,0
21847415.pdf,2914254129,Eastern Indiana Works,Director of Operations,2,7,6,9,0.2222,2,0,1,0,"Communication, D","iOS SDK, Facilitation, Apache Solr, Problem Solving, Time Management, Move, Amazon Neptune",0.2341,0.0,0.0148,0.0,1
22890839.pdf,445337908,Food Bank of Alaska,Chief Operating Officer,0,7,14,7,0.0,0,0,1,1,,"iOS SDK, Make, Automated Testing, D, Apache Druid, Leadership, Amazon Neptune",0.3214,0.0,0.0,0.0,0
12748557.pdf,3619548798,"Dexterity, Inc.",Senior Mechanical Engineer,1,9,5,10,0.1,0,1,1,0,Leadership,"iOS SDK, Work Ethic, Cultural Awareness, Make, Automated Testing, Technical Writing, Apache Solr, Reverse Engineering, Amazon Neptune",0.3086,0.0,0.0216,20.0,1
27152464.pdf,3211657373,AB Underground,Heavy Equipment Operator,1,6,37,7,0.1429,0,0,1,2,Make,"iOS SDK, Work Ethic, Apache Solr, Move, Room, Amazon Neptune",0.3643,0.0,0.0,0.0,1
23497307.pdf,2748500131,"City of Germantown, TN",Director of Public Works,0,7,6,7,0.0,0,0,0,0,,"iOS SDK, Work Ethic, Automated Testing, Apache Solr, Negotiation, Accountability, Amazon Neptune",0.3004,0.0,0.0074,0.0,0
17103000.pdf,1143359956,,National Sales Manager,1,7,4,8,0.125,0,0,1,0,Communication,"iOS SDK, Work Ethic, Make, Apache Solr, Integration Testing, Room, Amazon Neptune",0.3974,0.2,0.0224,0.0,1
21038022.pdf,2748500131,"City of Germantown, TN",Director of Public Works,0,7,12,7,0.0,0,0,0,0,,"iOS SDK, Work Ethic, Automated Testing, Apache Solr, Negotiation, Accountability, Amazon Neptune",0.3004,0.0,0.0074,0.0,0
14554542.pdf,2157930553,Brady Insurance Group LLC,Customer Service Representative,1,9,3,10,0.1,0,0,0,0,Communication,"iOS SDK, Work Ethic, Make, Automated Testing, Problem Solving, Apache Solr, Integration Testing, Azure Monitor, Amazon Neptune",0.3304,0.0,0.0072,8.0,0
12472574.pdf,3184403524,San José Clinic,Events & Communications Assistant,5,9,21,14,0.3571,0,0,2,2,"Communication, Go, Automated Testing, Quality Assurance, C","iOS SDK, Excel, Apache Solr, D, Schema Registry, Time Management, Pull Requests, Creativity, Amazon Neptune",0.4308,0.0,0.0438,0.0,1
17488801.pdf,445337908,Food Bank of Alaska,Chief Operating Officer,1,6,4,7,0.1429,0,0,1,0,Leadership,"iOS SDK, Make, Automated Testing, D, Apache Druid, Amazon Neptune",0.3647,0.0,0.0076,0.0,1
21038022.pdf,111513530,United Methodists of Greater New Jersey,"Content Writer, Communications",0,6,12,6,0.0,0,0,0,0,,"iOS SDK, Apache Camel, Make, Apache Solr, Collaboration, Amazon Neptune",0.3004,0.0,0.0075,0.0,0
15858254.pdf,3211657373,AB Underground,Heavy Equipment Operator,0,7,5,7,0.0,0,0,0,0,,"iOS SDK, Work Ethic, Make, Apache Solr, Move, Room, Amazon Neptune",0.3,0.0,0.0,0.0,0
16803215.pdf,3480552482,Women choice,Summer Intern for Women International Company,2,5,9,7,0.2857,0,0,0,0,"Communication, Make","iOS SDK, Amazon Neptune, Leadership, C, Apache Solr",0.3871,0.0,0.027,0.0,1
28630325.pdf,121605673,,Licensed Acupuncturist,0,8,12,8,0.0,0,0,1,0,,"iOS SDK, Communication, Work Ethic, Apache Solr, Reverse Engineering, D, Time Management, Amazon Neptune",0.3191,0.0,0.0075,0.0,0
17108676.pdf,445337908,Food Bank of Alaska,Chief Operating Officer,1,6,5,7,0.1429,0,0,1,0,Leadership,"iOS SDK, Make, Automated Testing, D, Apache Druid, Amazon Neptune",0.365,0.0,0.0153,0.0,1
28831378.pdf,3540371917,KeyBank,Enterprise Data & Analytics Infrastructure Manager,0,0,2,0,0.0,0,0,0,0,,,0.3004,0.0,0.0081,60.0,0
11981094.pdf,3184403524,San José Clinic,Events & Communications Assistant,3,11,14,14,0.2143,0,0,4,0,"Communication, Go, C","iOS SDK, Excel, Automated Testing, Apache Solr, D, Schema Registry, Time Management, Quality Assurance, Pull Requests, Creativity, Amazon Neptune",0.4082,0.0,0.0214,0.0,1
17103000.pdf,3586242087,,Director of Sales,2,6,4,8,0.25,0,0,3,0,"Communication, Leadership","iOS SDK, Strategic Thinking, Automated Testing, Negotiation, D, Apache Solr",0.4324,0.0,0.0227,0.0,1
18753367.pdf,3478651125,Axalume,Photonics Layout Intern,2,6,6,8,0.25,0,0,0,0,"Communication, Make","iOS SDK, Work Ethic, Python, Informatica PowerCenter, C#, Apache Solr",0.3754,0.0,0.0076,8.0,0
20882041.pdf,2157930553,Brady Insurance Group LLC,Customer Service Representative,1,9,5,10,0.1,0,0,1,0,Communication,"iOS SDK, Work Ethic, Make, Automated Testing, Problem Solving, Apache Solr, Integration Testing, Azure Monitor, Amazon Neptune",0.3454,0.0,0.0072,8.0,1
21847415.pdf,266566927,Revesco Properties,Marketing & Office Coordinator,1,9,6,10,0.1,0,0,0,0,Excel,"CRI-O, HubSpot, iOS SDK, Ownership, Automated Testing, Apache Solr, Apache Druid, Adaptability, Amazon Neptune",0.3311,0.0,0.0221,0.0,1
21298336.pdf,3466187886,Landscape Management Group,Owner,0,9,3,9,0.0,0,0,0,0,,"iOS SDK, Communication, Work Ethic, Automated Testing, Key Management, Integration Testing, Collaboration, Creativity, Amazon Neptune",0.3,0.0,0.0,0.0,0
28505854.pdf,56924323,,Structural Engineer,0,5,21,5,0.0,0,0,0,1,,"iOS SDK, Excel, Automated Testing, Retrofit, Amazon Neptune",0.3004,0.0,0.0078,20.0,0
23497307.pdf,3586242087,,Director of Sales,2,6,6,8,0.25,0,0,1,0,"Communication, Leadership","iOS SDK, Strategic Thinking, Automated Testing, Negotiation, D, Apache Solr",0.3953,0.0,0.0305,0.0,1
12472574.pdf,3515274431,Conduit Tech,Customer Success Manager,3,9,21,12,0.25,0,0,1,2,"Automated Testing, Communication, Integration Testing","CRI-O, iOS SDK, Excel, Work Ethic, Ownership, Apache Solr, Exploratory Testing, Reverse Engineering, Amazon Neptune",0.3886,0.0,0.0219,0.0,1
28078163.pdf,111513530,United Methodists of Greater New Jersey,"Content Writer, Communications",0,6,14,6,0.0,0,0,0,0,,"iOS SDK, Apache Camel, Make, Apache Solr, Collaboration, Amazon Neptune",0.3004,0.0,0.0075,0.0,0
17043822.pdf,103254301,Raw Cereal,Producer,0,4,11,4,0.0,0,0,0,0,,"Reverse Engineering, iOS SDK, Apache Ignite, Work Ethic",0.3,0.0,0.0,0.0,0
27756469.pdf,1826257634,The Medicare Coach,Social Security Specialist / Retirement Benefit Advisor (Remote),1,12,10,13,0.0769,0,0,1,0,Excel,"iOS SDK, Communication, Work Ethic, Make, Automated Testing, Apache Solr, Reverse Engineering, Manual Testing, Integration Testing, Teamwork, Go, Amazon Neptune",0.3353,0.0,0.014,28.0,0
12488356.pdf,266825034,Recruitment Design,Software Support Specialist,1,6,7,7,0.1429,0,0,1,1,D,"iOS SDK, Communication, JavaScript, Make, Automated Testing, PHP",0.3647,0.0,0.0076,36.0,1
17926546.pdf,3619548798,"Dexterity, Inc.",Senior Mechanical Engineer,1,9,9,10,0.1,0,1,0,0,Leadership,"iOS SDK, Work Ethic, Cultural Awareness, Make, Automated Testing, Technical Writing, Apache Solr, Reverse Engineering, Amazon Neptune",0.2939,0.0,0.029,20.0,1
11981094.pdf,3578562287,Beat the Streets - Baltimore,Swahili Instructor,1,5,14,6,0.1667,0,0,1,0,Communication,"iOS SDK, Work Ethic, Automated Testing, Apache Ignite, Amazon Neptune",0.3754,0.0,0.0075,0.0,1
21298336.pdf,3040487795,Lead Lab,Digital Marketing Intern,0,11,3,11,0.0,0,0,0,0,,"iOS SDK, Communication, Work Ethic, Slack, Automated Testing, Ownership, Spring Cloud, Apache Solr, Reverse Engineering, Apache Druid, Amazon Neptune",0.3516,0.25,0.0323,16.0,0
23497307.pdf,3383214611,Crisp,Account Executive - Mid-Market,2,11,6,13,0.1538,0,0,1,0,"Communication, Excel","iOS SDK, Work Ethic, Make, Automated Testing, Apache Solr, Salesforce, Reverse Engineering, Integration Testing, D, Teamwork, Amazon Neptune",0.3588,0.0,0.0219,0.0,1
25797445.pdf,2372177891,iWealth,Client Service Associate,0,5,2,5,0.0,0,0,0,0,,"CRI-O, Automated Testing, Integration Testing, Room, Apache Solr",0.3004,0.0,0.0078,0.0,0
22605864.pdf,95428182,CLEVELAND KIDS BOOK BANK,Administrative Coordinator,1,11,6,12,0.0833,0,0,0,0,Collaboration,"iOS SDK, Communication, Work Ethic, Attention to Detail, Automated Testing, Make, Apache Solr, Azure Monitor, Time Management, Creativity, Amazon Neptune",0.3261,0.0,0.0214,8.0,0
28320387.pdf,2372177891,iWealth,Client Service Associate,0,5,5,5,0.0,0,0,0,0,,"CRI-O, Automated Testing, Integration Testing, Room, Apache Solr",0.3,0.0,0.0,0.0,0
24322804.pdf,3555161614,Starup Insurance,User Experience Designer,1,5,7,6,0.1667,0,0,0,0,Communication,"iOS SDK, Work Ethic, Design Thinking, User-Centered Design, Collaboration",0.3508,0.0,0.0156,0.0,1
12518008.pdf,266825034,Recruitment Design,Software Support Specialist,0,7,5,7,0.0,0,0,1,0,,"iOS SDK, Communication, JavaScript, Make, Automated Testing, D, PHP",0.3218,0.0,0.0076,36.0,0
23497307.pdf,3196627399,Bellevue Downtown Association,Marketing & Communications – Content Writer Internship,3,10,6,13,0.2308,0,0,0,0,"Communication, Leadership, Attention to Detail","iOS SDK, Work Ethic, Apache Solr, Problem Solving, HTML, Reverse Engineering, Time Management, Teamwork, Collaboration, Amazon Neptune",0.3714,0.0,0.0426,0.0,1
21847415.pdf,3045980831,Armstrong Builders LLC,Project Engineer,1,3,6,4,0.25,0,0,0,0,Communication,"Automated Testing, Mobile Security, Attention to Detail",0.3758,0.0,0.0156,28.0,1
14206561.pdf,3515274431,Conduit Tech,Customer Success Manager,1,11,1,12,0.0833,0,0,0,1,Excel,"CRI-O, iOS SDK, Communication, Work Ethic, Automated Testing, Ownership, Exploratory Testing, Amazon Neptune, Reverse Engineering, Integration Testing, Apache Solr",0.3263,0.0,0.0263,0.0,0
27152464.pdf,1826257634,The Medicare Coach,Social Security Specialist / Retirement Benefit Advisor (Remote),5,8,37,13,0.3846,5,0,3,2,"Communication, Make, Manual Testing, Integration Testing, Go","iOS SDK, Excel, Work Ethic, Automated Testing, Apache Solr, Reverse Engineering, Teamwork, Amazon Neptune",0.3007,0.0,0.014,28.0,0
11981094.pdf,103254301,Raw Cereal,Producer,0,4,14,4,0.0,0,0,0,0,,"Reverse Engineering, iOS SDK, Apache Ignite, Work Ethic",0.3004,0.0,0.0079,0.0,0
10624813.pdf,2147609712,The Job Network,Med-RN ER,0,8,23,8,0.0,0,0,0,0,,"iOS SDK, Work Ethic, Cultural Awareness, Automated Testing, Critical Thinking, React Native, Azure Monitor, Amazon Neptune",0.3007,0.0,0.0149,16.0,0
17926546.pdf,368586246,STL Fertility,Embryologist,1,4,9,5,0.2,0,0,0,0,Excel,"Automated Testing, CompTIA A+, Integration Testing, Apache Solr",0.3612,0.0,0.0236,0.0,1
27040860.pdf,2147609835,The Job Network,Trade Review Principal,0,9,4,9,0.0,0,0,0,0,,"iOS SDK, Work Ethic, Make, Ownership, Automated Testing, Apache Solr, Reverse Engineering, Vector Embeddings, Amazon Neptune",0.3005,0.0,0.0105,0.0,0
24322804.pdf,3196627399,Bellevue Downtown Association,Marketing & Communications – Content Writer Internship,4,9,7,13,0.3077,0,0,0,0,"Problem Solving, Communication, Leadership, Teamwork","iOS SDK, Work Ethic, Attention to Detail, Apache Solr, HTML, Reverse Engineering, Time Management, Collaboration, Amazon Neptune",0.3952,0.0,0.0576,0.0,1
21847415.pdf,111513530,United Methodists of Greater New Jersey,"Content Writer, Communications",1,5,6,6,0.1667,0,0,1,0,Make,"iOS SDK, Apache Camel, Amazon Neptune, Collaboration, Apache Solr",0.3758,0.0,0.0152,0.0,1
13264796.pdf,3040487795,Lead Lab,Digital Marketing Intern,1,10,11,11,0.0909,0,0,1,0,Communication,"iOS SDK, Work Ethic, Slack, Automated Testing, Ownership, Spring Cloud, Apache Solr, Reverse Engineering, Apache Druid, Amazon Neptune",0.3413,0.0,0.0072,16.0,0
13264796.pdf,658723396,Orlando Credit Union,External Mortgage Loan Officer,1,8,11,9,0.1111,0,0,2,0,Communication,"iOS SDK, Work Ethic, Automated Testing, Apache Solr, Integration Testing, Leadership, Move, Amazon Neptune",0.367,0.0,0.0072,0.0,1
27756469.pdf,3297645846,"Navajo Transitional Energy Company, LLC",Contract Administrator,2,7,10,9,0.2222,0,0,0,0,"Excel, Attention to Detail","Power BI, iOS SDK, Communication, Automated Testing, Apache Solr, Move, Amazon Neptune",0.3681,0.0,0.0296,0.0,1
20882041.pdf,3592392532,Lorenz Motors,Drone-Car Engineer,1,5,5,6,0.1667,0,0,1,0,Communication,"iOS SDK, Work Ethic, Automated Testing, Collaboration, Apache Solr",0.3762,0.0,0.0231,20.0,1
24647794.pdf,445337908,Food Bank of Alaska,Chief Operating Officer,2,5,9,7,0.2857,0,0,2,0,"Leadership, D","iOS SDK, Make, Automated Testing, Apache Druid, Amazon Neptune",0.429,0.0,0.0076,0.0,1
24322804.pdf,3322949022,Kenai Capital Advisors,"Director, Investment Sales",1,8,7,9,0.1111,0,1,0,0,Communication,"iOS SDK, Excel, Work Ethic, Azure Resource Manager, Automated Testing, Apache Solr, Negotiation, Amazon Neptune",0.2973,0.0,0.0292,8.0,1
23497307.pdf,2737009242,,Service Manager,2,12,6,14,0.1429,3,0,0,0,"Communication, Leadership","Conflict Resolution, iOS SDK, Expo, Work Ethic, Chef, Automated Testing, Ownership, Apache Solr, Integration Testing, Accountability, Decision Making, Amazon Neptune",0.2439,0.25,0.0214,0.0,1
23497307.pdf,3366698309,Webologix Ltd/ INC,Anaplan Developer,3,3,6,6,0.5,0,0,0,0,"Communication, Excel, Agile","Apache Solr, Work Ethic, Amazon Neptune",0.4516,0.0,0.0312,28.0,1
15139979.pdf,3270034794,Eclipse Building Corp,Commercial Construction Project Managers/Superintendents,1,10,9,11,0.0909,0,0,2,0,Problem Solving,"iOS SDK, Communication, Work Ethic, Attention to Detail, Apache Ignite, Apache Pinot, GDPR Compliance, Mobile Security, Amazon RDS, Apache Solr",0.3549,0.0,0.0069,8.0,0
27152464.pdf,3431736996,Marquee Event Rentals,Client Service Representative,1,7,37,8,0.125,0,0,0,2,Integration Testing,"iOS SDK, Azure Resource Manager, Attention to Detail, Automated Testing, Apache Solr, Room, Amazon Neptune",0.3375,0.0,0.0,8.0,1
25919149.pdf,266566927,Revesco Properties,Marketing & Office Coordinator,0,10,6,10,0.0,0,0,0,0,,"CRI-O, HubSpot, Excel, iOS SDK, Automated Testing, Ownership, Apache Solr, Apache Druid, Adaptability, Amazon Neptune",0.3007,0.0,0.0145,0.0,0
15601399.pdf,121605673,,Licensed Acupuncturist,1,7,1,8,0.125,0,0,1,0,Communication,"iOS SDK, Work Ethic, Amazon Neptune, Reverse Engineering, D, Time Management, Apache Solr",0.357,0.0,0.015,0.0,1
26456899.pdf,121605673,,Licensed Acupuncturist,1,7,10,8,0.125,0,0,0,0,Communication,"iOS SDK, Work Ethic, Apache Solr, Reverse Engineering, D, Time Management, Amazon Neptune",0.3395,0.0,0.04,0.0,1
25608963.pdf,2796728000,"Thorpe Design, Inc.",Fire Sprinkler Designer,1,6,9,7,0.1429,0,0,0,0,Communication,"iOS SDK, Work Ethic, Cultural Awareness, Attention to Detail, Apache Solr, Amazon Neptune",0.3432,0.0,0.0075,0.0,0
18753367.pdf,111513530,United Methodists of Greater New Jersey,"Content Writer, Communications",1,5,6,6,0.1667,0,0,0,0,Make,"iOS SDK, Apache Camel, Amazon Neptune, Collaboration, Apache Solr",0.3504,0.0,0.0075,0.0,0
11890896.pdf,3466187886,Landscape Management Group,Owner,1,8,6,9,0.1111,0,0,0,0,Creativity,"iOS SDK, Communication, Work Ethic, Automated Testing, Key Management, Integration Testing, Collaboration, Amazon Neptune",0.3337,0.0,0.0075,0.0,0
14049846.pdf,3586242087,,Director of Sales,0,8,4,8,0.0,0,0,1,0,,"iOS SDK, Communication, Strategic Thinking, Automated Testing, Negotiation, D, Leadership, Apache Solr",0.3191,0.0,0.0075,0.0,0
28078163.pdf,3537193915,DIGS Vacation Rentals.com,Field Operations Specialist,1,6,14,7,0.1429,0,0,0,0,Communication,"iOS SDK, Work Ethic, Cultural Awareness, Apache Solr, Problem Solving, Amazon Neptune",0.3432,0.0,0.0074,0.0,0
17488801.pdf,368586246,STL Fertility,Embryologist,0,5,4,5,0.0,0,0,0,0,,"CompTIA A+, Excel, Automated Testing, Integration Testing, Apache Solr",0.3004,0.0,0.0078,0.0,0
12518008.pdf,266566927,Revesco Properties,Marketing & Office Coordinator,0,10,5,10,0.0,0,0,0,0,,"CRI-O, HubSpot, Excel, iOS SDK, Automated Testing, Ownership, Apache Solr, Apache Druid, Adaptability, Amazon Neptune",0.3007,0.0,0.0146,0.0,0
10624813.pdf,974774701,Kate Meadows Writing and Editing,Blog writer and virtual assistant,0,5,23,5,0.0,0,0,0,0,,"iOS SDK, Communication, Time Management, Black, Coaching",0.3,0.0,0.0,0.0,0
21038022.pdf,3515274431,Conduit Tech,Customer Success Manager,1,11,12,12,0.0833,0,0,0,0,Communication,"CRI-O, iOS SDK, Excel, Work Ethic, Automated Testing, Ownership, Exploratory Testing, Apache Solr, Reverse Engineering, Integration Testing, Amazon Neptune",0.3547,0.1429,0.0219,0.0,0
25608963.pdf,3586242087,,Director of Sales,3,5,9,8,0.375,0,0,1,0,"Communication, Leadership, D","iOS SDK, Strategic Thinking, Automated Testing, Negotiation, Apache Solr",0.4316,0.0,0.0075,0.0,1
28630325.pdf,3177010992,ABC Farigua Division,Customer Service Representative,0,6,12,6,0.0,0,0,0,0,,"iOS SDK, Work Ethic, Responsive Design, Reverse Engineering, Mobile Security, Amazon Neptune",0.3011,0.0,0.0229,8.0,0
12748557.pdf,3610596223,,Commercial Auto Underwriter Assistant,1,8,5,9,0.1111,0,1,1,0,C,"iOS SDK, Communication, Work Ethic, Excel, Make, Apache Solr, Teamwork, Amazon Neptune",0.3129,0.0,0.0074,0.0,1
26834746.pdf,3520238337,Grant Writing Solutions,Grants Writer - Subcontract,1,4,4,5,0.2,0,0,1,0,Communication,"Apache Solr, iOS SDK, Mentoring, Attention to Detail",0.3904,0.0,0.0077,0.0,1
17488801.pdf,133130219,,Software Engineer,0,0,4,0,0.0,0,0,0,0,,,0.3004,0.0,0.0081,40.0,0
27756469.pdf,3540371917,KeyBank,Enterprise Data & Analytics Infrastructure Manager,0,0,10,0,0.0,0,0,0,0,,,0.3008,0.0,0.0163,60.0,0
15139979.pdf,2234533717,Ideando Inc,Full Stack Engineer,4,22,9,26,0.1538,0,0,5,0,"Quality Assurance, Problem Solving, Mentoring, Make","Apache Ignite, Amazon Web Services, Express.js, Apache Solr, Responsive Design, Attention to Detail, Product Management, Microsoft Azure, Agile, Collaboration, iOS SDK, Communication, MongoDB, Core Data, Work Ethic, JavaScript, Automated Testing, Google Cloud Platform, PostgreSQL, React, Python, TypeScript",0.3756,0.0,0.0123,84.0,1
17108676.pdf,3040487795,Lead Lab,Digital Marketing Intern,1,10,5,11,0.0909,0,0,1,0,Communication,"iOS SDK, Work Ethic, Slack, Automated Testing, Ownership, Spring Cloud, Apache Solr, Reverse Engineering, Apache Druid, Amazon Neptune",0.3824,0.2,0.0294,16.0,0
26834746.pdf,974774701,Kate Meadows Writing and Editing,Blog writer and virtual assistant,1,4,4,5,0.2,0,0,1,0,Communication,"iOS SDK, Black, Coaching, Time Management",0.3904,0.0,0.0077,0.0,1
17043822.pdf,3551631423,Miracles for Kids,Community Program Assistant,2,7,11,9,0.2222,0,0,2,0,"Communication, Excel","iOS SDK, Work Ethic, Cultural Awareness, Automated Testing, Teamwork, Move, Apache Solr",0.4007,0.0,0.0149,0.0,1
13264796.pdf,2269442456,navXcom,Computer Scientist,1,2,11,3,0.3333,0,0,1,0,Communication,"Work Ethic, Amazon Neptune",0.4508,0.0,0.0161,20.0,1
12472574.pdf,3478651125,Axalume,Photonics Layout Intern,2,6,21,8,0.25,0,0,0,2,"Communication, Make","iOS SDK, Work Ethic, Python, Informatica PowerCenter, C#, Apache Solr",0.3758,0.0,0.0153,8.0,1
10624813.pdf,3040487795,Lead Lab,Digital Marketing Intern,1,10,23,11,0.0909,0,0,1,0,Reverse Engineering,"iOS SDK, Communication, Work Ethic, Slack, Automated Testing, Ownership, Spring Cloud, Apache Solr, Apache Druid, Amazon Neptune",0.342,0.0,0.0219,16.0,0
13264796.pdf,3297645846,"Navajo Transitional Energy Company, LLC",Contract Administrator,1,8,11,9,0.1111,0,0,2,0,Communication,"Power BI, iOS SDK, Excel, Attention to Detail, Automated Testing, Apache Solr, Move, Amazon Neptune",0.3674,0.0,0.0146,0.0,1
17103000.pdf,3592392532,Lorenz Motors,Drone-Car Engineer,1,5,4,6,0.1667,0,0,1,0,Communication,"iOS SDK, Work Ethic, Automated Testing, Collaboration, Apache Solr",0.3762,0.0,0.0231,20.0,1
27040860.pdf,2157930553,Brady Insurance Group LLC,Customer Service Representative,1,9,4,10,0.1,0,0,0,0,Communication,"iOS SDK, Work Ethic, Make, Automated Testing, Problem Solving, Apache Solr, Integration Testing, Azure Monitor, Amazon Neptune",0.3305,0.0,0.0104,8.0,0
15941675.pdf,2147609835,The Job Network,Trade Review Principal,0,9,5,9,0.0,0,0,0,0,,"iOS SDK, Work Ethic, Make, Ownership, Automated Testing, Apache Solr, Reverse Engineering, Vector Embeddings, Amazon Neptune",0.3004,0.0,0.0073,0.0,0
28505854.pdf,3515274431,Conduit Tech,Customer Success Manager,0,12,21,12,0.0,0,0,0,1,,"CRI-O, iOS SDK, Communication, Work Ethic, Excel, Automated Testing, Ownership, Exploratory Testing, Apache Solr, Reverse Engineering, Integration Testing, Amazon Neptune",0.3504,0.25,0.0072,0.0,0
28078163.pdf,2934066464,Dynamic SRG,Fundraising Associate,1,5,14,6,0.1667,0,0,0,0,Communication,"iOS SDK, Work Ethic, Automated Testing, Prioritization, Apache Solr",0.3504,0.0,0.0077,0.0,0
25919149.pdf,3555161614,Starup Insurance,User Experience Designer,0,6,6,6,0.0,0,0,0,0,,"iOS SDK, Communication, Work Ethic, Design Thinking, User-Centered Design, Collaboration",0.3008,0.0,0.0167,0.0,0
26456899.pdf,1573178251,,Social Media Coordinator,0,5,10,5,0.0,0,0,0,0,,"Work Ethic, Automated Testing, Reverse Engineering, Computer Vision, Apache Solr",0.3021,0.0,0.0417,0.0,0
27756469.pdf,3625991523,Xoriant,DDI Engineer,1,13,10,14,0.0714,0,0,0,0,Problem Solving,"Communication, Work Ethic, Threat Intelligence, Apache Solr, Cybersecurity, Python, Transport Layer Security, Informatica PowerCenter, Perl, Terraform, Core Data, Ansible, Amazon Neptune",0.3225,0.0,0.0207,36.0,0
15601399.pdf,3478651125,Axalume,Photonics Layout Intern,1,7,1,8,0.125,0,0,0,0,Communication,"iOS SDK, Work Ethic, Make, Python, Informatica PowerCenter, C#, Apache Solr",0.3379,0.0,0.0076,8.0,0
13264796.pdf,3466187886,Landscape Management Group,Owner,1,8,11,9,0.1111,0,0,1,0,Communication,"iOS SDK, Work Ethic, Automated Testing, Key Management, Integration Testing, Collaboration, Creativity, Amazon Neptune",0.3504,0.0,0.0075,0.0,1
19396040.pdf,2796728000,"Thorpe Design, Inc.",Fire Sprinkler Designer,0,7,8,7,0.0,0,0,0,0,,"iOS SDK, Communication, Work Ethic, Cultural Awareness, Attention to Detail, Apache Solr, Amazon Neptune",0.3004,0.0,0.0075,0.0,0
16911115.pdf,2796728000,"Thorpe Design, Inc.",Fire Sprinkler Designer,1,6,7,7,0.1429,0,0,1,0,Communication,"iOS SDK, Work Ethic, Cultural Awareness, Attention to Detail, Apache Solr, Amazon Neptune",0.365,0.0,0.015,0.0,1
17043822.pdf,3610596223,,Commercial Auto Underwriter Assistant,3,6,11,9,0.3333,0,4,3,0,"Communication, Excel, C","iOS SDK, Work Ethic, Make, Apache Solr, Teamwork, Amazon Neptune",0.3011,0.0,0.0224,0.0,0
17108676.pdf,2748500131,"City of Germantown, TN",Director of Public Works,0,7,5,7,0.0,0,0,0,0,,"iOS SDK, Work Ethic, Automated Testing, Apache Solr, Negotiation, Accountability, Amazon Neptune",0.3007,0.0,0.0149,0.0,0
13264796.pdf,3363439517,White Bottle Inc.,Sanitation Supervisor,1,10,11,11,0.0909,0,0,1,0,Communication,"iOS SDK, Work Ethic, Attention to Detail, Automated Testing, Bottle, Problem Solving, Apache Solr, Mobile Security, Integration Testing, Amazon Neptune",0.3416,0.0,0.0141,8.0,0
10624813.pdf,3578562287,Beat the Streets - Baltimore,Swahili Instructor,0,6,23,6,0.0,0,0,0,0,,"iOS SDK, Communication, Work Ethic, Automated Testing, Apache Ignite, Amazon Neptune",0.3004,0.0,0.0075,0.0,0
26456899.pdf,3383214611,Crisp,Account Executive - Mid-Market,2,11,10,13,0.1538,0,0,0,0,"Communication, Excel","iOS SDK, Work Ethic, Make, Automated Testing, Apache Solr, Salesforce, Reverse Engineering, Integration Testing, D, Teamwork, Amazon Neptune",0.3487,0.0,0.0506,0.0,1
20566550.pdf,3540371917,KeyBank,Enterprise Data & Analytics Infrastructure Manager,0,0,11,0,0.0,0,0,0,1,,,0.3004,0.0,0.0081,60.0,0
15139979.pdf,2147609785,The Job Network,FP&A Analyst,2,17,9,19,0.1053,0,0,2,0,"Leadership, Make","Power BI, Tableau, Excel, iOS SDK, Work Ethic, Attention to Detail, Cross-Functional Collaboration, Automated Testing, KPIs, Presentation Skills, Reverse Engineering, Amazon Neptune, Vector Embeddings, Apache Druid, SQL, Collaboration, Apache Solr",0.3477,0.0,0.0067,28.0,1
28320387.pdf,266566927,Revesco Properties,Marketing & Office Coordinator,0,10,5,10,0.0,0,0,0,0,,"CRI-O, HubSpot, Excel, iOS SDK, Automated Testing, Ownership, Apache Solr, Apache Druid, Adaptability, Amazon Neptune",0.3004,0.0,0.0072,0.0,0
25608963.pdf,2269442456,navXcom,Computer Scientist,1,2,9,3,0.3333,0,0,0,0,Communication,"Work Ethic, Amazon Neptune",0.4004,0.0,0.008,20.0,0
15139979.pdf,3610596223,,Commercial Auto Underwriter Assistant,1,8,9,9,0.1111,0,0,3,0,Make,"iOS SDK, Communication, Work Ethic, Excel, Apache Solr, Teamwork, C, Amazon Neptune",0.4237,0.2,0.0074,0.0,1
21038022.pdf,3383214611,Crisp,Account Executive - Mid-Market,1,12,12,13,0.0769,0,0,1,0,Communication,"iOS SDK, Excel, Work Ethic, Make, Automated Testing, Apache Solr, Salesforce, Reverse Engineering, Integration Testing, D, Teamwork, Amazon Neptune",0.3353,0.0,0.0145,0.0,0
27040860.pdf,3431736996,Marquee Event Rentals,Client Service Representative,1,7,4,8,0.125,0,0,0,0,Attention to Detail,"iOS SDK, Azure Resource Manager, Automated Testing, Apache Solr, Integration Testing, Room, Amazon Neptune",0.3386,0.0,0.0213,8.0,1
28762662.pdf,3075721793,ASA Architects,Architect/Project Manager,1,5,18,6,0.1667,0,0,1,0,Communication,"iOS SDK, Automated Testing, Azure Synapse Analytics, Amazon Neptune, Apache Solr",0.4154,0.2,0.0073,28.0,1
19396040.pdf,445337908,Food Bank of Alaska,Chief Operating Officer,1,6,8,7,0.1429,0,0,2,0,Make,"iOS SDK, Automated Testing, D, Apache Druid, Leadership, Amazon Neptune",0.3857,0.0,0.0,0.0,1
12488356.pdf,3322949022,Kenai Capital Advisors,"Director, Investment Sales",0,9,7,9,0.0,0,0,1,1,,"iOS SDK, Communication, Work Ethic, Excel, Azure Resource Manager, Automated Testing, Apache Solr, Negotiation, Amazon Neptune",0.317,0.0,0.0071,8.0,0
28628090.pdf,2954591060,Naked Wardrobe,Social Media Coordinator,1,3,14,4,0.25,0,0,1,0,Communication,"iOS SDK, Fluent Bit, Collaboration",0.4129,0.0,0.0077,0.0,1
13264796.pdf,3551631423,Miracles for Kids,Community Program Assistant,1,8,11,9,0.1111,0,0,2,0,Communication,"iOS SDK, Excel, Work Ethic, Cultural Awareness, Automated Testing, Teamwork, Move, Apache Solr",0.367,0.0,0.0074,0.0,1
19553067.pdf,3177010992,ABC Farigua Division,Customer Service Representative,0,6,3,6,0.0,0,0,0,0,,"iOS SDK, Work Ethic, Responsive Design, Reverse Engineering, Mobile Security, Amazon Neptune",0.3004,0.0,0.0075,8.0,0
22605864.pdf,111513530,United Methodists of Greater New Jersey,"Content Writer, Communications",1,5,6,6,0.1667,0,0,0,0,Collaboration,"iOS SDK, Apache Camel, Make, Amazon Neptune, Apache Solr",0.3508,0.0,0.0152,0.0,1
19396040.pdf,2147609712,The Job Network,Med-RN ER,0,8,8,8,0.0,0,0,0,0,,"iOS SDK, Work Ethic, Cultural Awareness, Automated Testing, Critical Thinking, React Native, Azure Monitor, Amazon Neptune",0.3004,0.0,0.0074,16.0,0
15601399.pdf,3383214611,Crisp,Account Executive - Mid-Market,1,12,1,13,0.0769,0,0,1,0,Communication,"iOS SDK, Excel, Work Ethic, Make, Automated Testing, Salesforce, Amazon Neptune, Reverse Engineering, Integration Testing, D, Teamwork, Apache Solr",0.3353,0.0,0.0145,0.0,0
28505854.pdf,3219089287,,Recruitment Manager,1,2,21,3,0.3333,0,0,0,1,Leadership,"Automated Testing, Apache Solr",0.4667,0.3333,0.0,0.0,1
10624813.pdf,3431736996,Marquee Event Rentals,Client Service Representative,1,7,23,8,0.125,0,0,1,0,Integration Testing,"iOS SDK, Azure Resource Manager, Attention to Detail, Automated Testing, Apache Solr, Room, Amazon Neptune",0.3566,0.0,0.0073,8.0,1
25797445.pdf,2914254129,Eastern Indiana Works,Director of Operations,1,8,2,9,0.1111,2,0,1,0,Communication,"iOS SDK, Facilitation, Apache Solr, Problem Solving, D, Time Management, Move, Amazon Neptune",0.2007,0.0,0.0148,0.0,1
28762662.pdf,3555161614,Starup Insurance,User Experience Designer,1,5,18,6,0.1667,0,0,1,0,Communication,"iOS SDK, Work Ethic, Design Thinking, User-Centered Design, Collaboration",0.3758,0.0,0.0156,0.0,1
21298336.pdf,3594710940,"PreScouter, Inc.","Scientific Project Manager for Food, Beverage, and Consumer Packaged Goods Industries (Project Architect | PA)",2,13,3,15,0.1333,3,1,0,0,"Excel, Leadership","iOS SDK, Communication, Work Ethic, Make, Automated Testing, Ownership, Apache Solr, Mobile Security, Integration Testing, Time Management, Great Expectations, Go, Amazon Neptune",0.162,0.0,0.0405,28.0,1
19124258.pdf,3383214611,Crisp,Account Executive - Mid-Market,1,12,2,13,0.0769,0,0,1,0,Excel,"iOS SDK, Communication, Work Ethic, Make, Automated Testing, Salesforce, Amazon Neptune, Reverse Engineering, Integration Testing, D, Teamwork, Apache Solr",0.3353,0.0,0.0145,0.0,0
26456899.pdf,3478651125,Axalume,Photonics Layout Intern,1,7,10,8,0.125,0,0,0,0,Communication,"iOS SDK, Work Ethic, Make, Python, Informatica PowerCenter, C#, Apache Solr",0.3382,0.0,0.0133,8.0,0
12748557.pdf,3177010992,ABC Farigua Division,Customer Service Representative,0,6,5,6,0.0,0,0,0,0,,"iOS SDK, Work Ethic, Responsive Design, Reverse Engineering, Mobile Security, Amazon Neptune",0.3008,0.0,0.0152,8.0,0
11890896.pdf,133130219,,Software Engineer,0,0,6,0,0.0,0,0,0,0,,,0.3004,0.0,0.0081,40.0,0
22605864.pdf,133130219,,Software Engineer,0,0,6,0,0.0,0,0,0,0,,,0.3504,0.25,0.0081,40.0,0
10219099.pdf,3551631423,Miracles for Kids,Community Program Assistant,2,7,5,9,0.2222,0,0,0,0,"Teamwork, Communication","iOS SDK, Excel, Work Ethic, Cultural Awareness, Automated Testing, Move, Apache Solr",0.3676,0.0,0.0182,0.0,1
28320387.pdf,2147609835,The Job Network,Trade Review Principal,1,8,5,9,0.1111,0,0,0,0,Make,"iOS SDK, Work Ethic, Ownership, Automated Testing, Apache Solr, Reverse Engineering, Vector Embeddings, Amazon Neptune",0.3337,0.0,0.0073,0.0,0
28320387.pdf,2934066464,Dynamic SRG,Fundraising Associate,1,5,5,6,0.1667,0,0,1,0,Communication,"iOS SDK, Work Ethic, Automated Testing, Prioritization, Apache Solr",0.3754,0.0,0.0077,0.0,1
27756469.pdf,3586167732,StyleAI,Senior Software Engineer,2,17,10,19,0.1053,0,0,1,0,"Ownership, Attention to Detail","iOS SDK, Work Ethic, Cultural Awareness, JavaScript, Automated Testing, Google Cloud Platform, Apache Ignite, PostgreSQL, Apache Kafka, Amazon Neptune, Catalyst, Notion, Integration Testing, Azure Data Studio, TypeScript, Collaboration, Apache Solr",0.3405,0.0,0.0199,72.0,1
12011623.pdf,3075721793,ASA Architects,Architect/Project Manager,0,6,12,6,0.0,0,0,0,0,,"iOS SDK, Communication, Automated Testing, Apache Solr, Azure Synapse Analytics, Amazon Neptune",0.3011,0.0,0.0222,28.0,0
11981094.pdf,2147609712,The Job Network,Med-RN ER,0,8,14,8,0.0,0,0,0,0,,"iOS SDK, Work Ethic, Cultural Awareness, Automated Testing, Critical Thinking, React Native, Azure Monitor, Amazon Neptune",0.3004,0.0,0.0074,16.0,0
19553067.pdf,56924323,,Structural Engineer,1,4,3,5,0.2,0,0,1,0,Excel,"Automated Testing, iOS SDK, Retrofit, Amazon Neptune",0.3904,0.0,0.0078,20.0,1
